latitude,longitude,country_code,country,city,operator,num_points,power_kw
32.886581,74.956389,IN,India,Jammu,,1,25.0
21.340249,74.937693,IN,India,Maharashtra,,1,120.0
17.877009,75.976022,IN,India,Maharashtra,,1,60.0
10.337347,77.957579,IN,India,Tamil Nadu,,1,120.0
9.857074,76.729149,IN,India,Muttam,,2,80.0
16.230968,80.509699,IN,India,Andhra Pradesh,,1,29.0
12.824969,75.175437,IN,India,Sathikallu,,1,30.0
10.158963,76.358228,IN,India,Athani,,2,60.0
12.945135,75.794428,IN,India,Sakaleshpura,,1,30.0
12.878981,75.046714,IN,India,Bantwal,,1,30.0
18.482695,73.802744,IN,India,Pune,,1,60.0
18.459523,73.785599,IN,India,Pune,,2,30.0
18.423346,73.754866,IN,India,Pune,,3,30.0
18.310543,73.867609,IN,India,Pune,,1,30.0
18.285576,73.875052,IN,India,Kelawade,,1,30.0
18.281545,73.876364,IN,India,Kelwade Bhor,,1,30.0
13.285618,77.18275,IN,India,Pandithanahalli,,2,180.0
10.38445,76.20057,IN,India,Thrissur,,2,30.0
18.1275,73.983875,IN,India,Maharashtra,,1,30.0
18.117908,73.987294,IN,India,Khandala,,1,30.0
18.002655,73.994858,IN,India,Wele,,1,30.0
17.990831,73.990705,IN,India,Wele,,1,50.0
17.987738,73.989526,IN,India,Wele,,3,150.0
17.977804,73.988148,IN,India,Surur,,1,60.0
17.916981,73.974854,IN,India,Anavadi,,1,30.0
17.899542,73.972512,IN,India,Badewadi,,1,30.0
17.867859,73.957178,IN,India,Asale,,1,30.0
17.810365,73.971036,IN,India,Anewadi,,1,30.0
17.637721,74.012413,IN,India,Shendre,,3,120.0
17.606014,74.031556,IN,India,Satara,,1,30.0
17.298096,74.167242,IN,India,Gote,,1,30.0
17.273767,74.180335,IN,India,Malkapur,,2,30.0
17.225688,74.180045,IN,India,Nandlapur,,1,30.0
17.206889,74.156716,IN,India,Kale,,1,30.0
17.106773,74.205285,IN,India,Kedargaon,,1,30.0
16.960749,74.272389,IN,India,Sangli,,1,30.0
16.861871,74.297023,IN,India,Kini,,1,30.0
16.821849,74.286345,IN,India,Peth Vadgoan,,1,30.0
16.821152,74.28579,IN,India,Kolhapur,,1,30.0
16.745064,74.325103,IN,India,Kolhapur,,1,30.0
16.753657,74.278949,IN,India,Kolhapur,,1,45.0
16.731325,74.28183,IN,India,Shiroli,,1,30.0
15.439497,74.883616,IN,India,Mugad,,2,180.0
16.698877,74.231142,IN,India,Kolhapur,,1,30.0
16.702956,74.237097,IN,India,Kolhapur,,1,30.0
16.702387,74.250298,IN,India,Kolhapur,,1,30.0
16.702524,74.266494,IN,India,Kolhapur,,1,30.0
16.682802,74.271908,IN,India,Sarnobatwadi,,1,30.0
16.621905,74.295996,IN,India,Kaneriwadi,,1,30.0
16.395448,74.373364,IN,India,Nipani,,1,30.0
15.752744,74.411153,IN,India,Belagavi,,1,30.0
15.463066,74.977462,IN,India,Dharwad,,1,30.0
15.394479,75.008541,IN,India,Hubballi,,3,60.0
15.369552,75.119094,IN,India,Hubballi,,2,25.0
15.184936,75.136125,IN,India,Agadi,,1,30.0
14.248879,76.425991,IN,India,Chitradurga,,4,100.0
13.612159,76.95346,IN,India,Karijevnahalli,,1,30.0
18.551668,73.761016,IN,India,Pune,,1,30.0
18.55342,73.770662,IN,India,Pune,,1,30.0
18.557346,73.77054,IN,India,Pune,,1,75.0
18.561244,73.781206,IN,India,Pune,,1,30.0
18.564141,73.776457,IN,India,Pune,,1,30.0
18.578936,73.762502,IN,India,Pune,,1,30.0
18.5963,73.755999,IN,India,Pune,,1,30.0
18.599012,73.754157,IN,India,Pune,,1,30.0
18.599091,73.751904,IN,India,Pune,,1,30.0
18.599918,73.753716,IN,India,Pune,,2,60.0
18.613587,73.748833,IN,India,Pune,,1,30.0
18.61653,73.747738,IN,India,Pune,,1,25.0
18.623488,73.745481,IN,India,Pune,,1,25.0
18.623896,73.745637,IN,India,Pune,,1,30.0
18.624694,73.716144,IN,India,Pune,,2,30.0
18.651762,73.733548,IN,India,Pimpri-Chinchwad,,1,30.0
8.5127,76.901557,IN,India,Kerala,,1,7.4
8.487399,76.926387,IN,India,Kerala,,1,120.0
11.083012,76.068467,IN,India,Malappuram,,2,80.0
9.643106,76.549787,IN,India,Thellakom,,1,60.0
9.265237,76.778035,IN,India,Pathanamthitta,,2,60.0
9.412055,76.349768,IN,India,Alappuzha,,1,30.0
9.651228,76.373888,IN,India,Thanneermukkom,,1,60.0
11.948082,75.615385,IN,India,Chavassery,,1,60.0
10.003099,76.361933,IN,India,Kakkanad,,1,90.0
9.976617,76.317896,IN,India,Vyttila,,1,7.4
9.977957,76.283595,IN,India,Kochi,,2,60.0
9.966419,76.300202,IN,India,Elamkulam,,2,80.0
9.944942,76.374954,IN,India,Thiruvankulam,,1,60.0
9.944357,76.374549,IN,India,Thiruvankulam,,1,30.0
9.932871,76.354023,IN,India,Thrippunithura,,3,60.0
9.939769,76.330848,IN,India,Thrippunithura,,2,90.0
9.934296,76.31882,IN,India,Maradu,,1,80.0
9.928513,76.317555,IN,India,Nettoor,,1,90.0
9.918899,76.318418,IN,India,Ernakulam ,,2,80.0
9.649389,76.336653,IN,India,Cherthala ,,1,30.0
9.609362,76.329965,IN,India,Kanjikuzhi,,1,80.0
9.629064,76.429943,IN,India,Kumarakom,,1,7.4
9.568985,76.519677,IN,India,Kottayam,,1,7.4
9.467586,76.529836,IN,India,Changanassery ,,1,80.0
9.432753,76.543757,IN,India,Changanassery ,,1,60.0
9.385813,76.61916,IN,India,Thiruvalla ,,1,60.0
9.390663,76.607228,IN,India,Thiruvalla,,1,80.0
9.253682,76.586502,IN,India,Mavelikkara,,1,80.0
9.266621,76.461324,IN,India,Haripad,,1,80.0
9.059438,76.535799,IN,India,Karunagapally,,1,80.0
9.089816,76.527252,IN,India,Karunagapally,,1,80.0
9.119213,76.518671,IN,India,Ochira,,1,120.0
9.168893,76.716313,IN,India,Adoor,,1,80.0
9.096269,76.846669,IN,India,Pathanapuram,,2,60.0
8.75682,76.793583,IN,India,Thiruvananthapuram ,,1,30.0
8.74671,76.898218,IN,India,Thiruvananthapuram ,,1,80.0
8.604154,76.997846,IN,India,Nedumangad,,1,60.0
28.527351,77.22113,IN,India,NewDelhi,,1,60.0
18.717182,74.182921,IN,India,Pune,,1,80.0
17.340476,78.545395,IN,India,Lb Nagar ,,1,3.0
22.286961,86.790983,IN,India,Odisha,,1,25.0
22.449744,86.594944,IN,India,Odisha,,1,30.0
22.449858,86.595041,IN,India,Odisha,,1,0.0
22.14025,85.71265,IN,India,Odisha,,1,7.4
22.00154,85.32798,IN,India,Odisha,,1,7.4
22.243666,84.827354,IN,India,Odisha,,1,1.1
22.23666,84.77015,IN,India,Odisha,,1,1.1
22.226705,84.864116,IN,India,Odisha,,1,1.1
22.22681,84.796036,IN,India,Odisha,,1,25.0
22.227812,84.818387,IN,India,Odisha,,1,1.1
22.104038,84.037543,IN,India,Odisha,,1,1.1
22.110038,83.995319,IN,India,Odisha,,1,7.4
22.105083,84.037895,IN,India,Odisha,,1,1.1
21.762953,87.010724,IN,India,Odisha,,1,3.3
21.940046,86.744606,IN,India,Odisha,,1,1.1
21.926528,86.731955,IN,India,Odisha,,1,0.0
21.909101,86.751335,IN,India,Odisha,,1,1.1
21.805762,85.995167,IN,India,Odisha,,1,0.0
21.85272,83.99909,IN,India,Odisha,,1,1.1
21.86703,83.966208,IN,India,Odisha,,1,25.0
21.917408,83.38266,IN,India,Odisha,,1,1.1
21.920674,83.370714,IN,India,Odisha,,1,25.0
21.872869,83.388349,IN,India,Odisha,,1,30.0
21.8485,82.779109,IN,India,Odisha,,1,0.0
21.806914,82.752529,IN,India,Odisha,,1,60.0
21.864104,82.462109,IN,India,Odisha,,1,30.0
21.883378,82.150494,IN,India,Odisha,,1,0.0
21.734158,81.535732,IN,India,Odisha,,1,30.0
21.592751,87.020588,IN,India,Odisha,,1,7.4
21.592611,87.020558,IN,India,Odisha,,1,7.4
21.593017,87.020728,IN,India,Odisha,,1,0.0
21.481623,86.9069,IN,India,Odisha,,1,1.1
21.49872,86.93108,IN,India,Odisha,,1,1.1
21.574654,87.098496,IN,India,Odisha,,1,0.0
21.479922,86.904904,IN,India,Odisha,,1,30.0
21.506459,86.911091,IN,India,Odisha,,1,1.1
21.497827,86.889647,IN,India,Odisha,,1,30.0
21.548809,85.494006,IN,India,Odisha,,1,7.4
21.632461,85.590788,IN,India,Odisha,,1,1.1
21.549087,85.494271,IN,India,Odisha,,1,0.0
21.65143,85.59395,IN,India,Odisha,,1,1.1
21.491887,83.986008,IN,India,Odisha,,1,1.1
21.467634,83.977264,IN,India,Odisha,,1,1.1
21.510616,84.00592,IN,India,Odisha,,1,30.0
21.49525,83.97572,IN,India,Odisha,,1,1.1
21.501025,83.891313,IN,India,Odisha,,2,30.0
21.494135,83.98229,IN,India,Odisha,,1,30.0
21.632665,82.159204,IN,India,Odisha,,1,7.4
21.55027,81.94746,IN,India,Odisha,,1,7.4
21.51608,81.69389,IN,India,Odisha,,1,1.1
21.702564,81.542717,IN,India,Odisha,,1,0.0
21.697687,81.54614,IN,India,Odisha,,1,1.1
21.63401,81.62389,IN,India,Odisha,,1,30.0
21.516609,81.693928,IN,India,Odisha,,1,30.0
21.317264,86.725105,IN,India,Odisha,,1,7.4
21.284537,86.674979,IN,India,Odisha,,1,0.0
21.382529,86.79633,IN,India,Odisha,,1,30.0
21.358081,86.784451,IN,India,Odisha,,1,30.0
21.221661,86.11907,IN,India,Odisha,,1,0.0
21.200249,86.12389,IN,India,Odisha,,1,1.1
21.365296,83.744039,IN,India,Odisha,,1,30.0
21.314257,83.458978,IN,India,Odisha,,1,30.0
21.312704,83.31289,IN,India,Odisha,,1,30.0
21.314738,83.309171,IN,India,Odisha,,1,30.0
21.296246,82.921301,IN,India,Odisha,,2,60.0
21.32392,81.7012,IN,India,Odisha,,1,1.1
21.202066,81.919296,IN,India,Odisha,,1,0.0
21.205785,81.872112,IN,India,Odisha,,1,30.0
21.302803,81.736809,IN,India,Odisha,,1,7.4
21.218253,81.630131,IN,India,Odisha,,1,0.0
21.317313,81.639718,IN,India,Odisha,,1,0.0
21.237789,81.689684,IN,India,Odisha,,1,30.0
21.249594,81.523425,IN,India,Odisha,,1,30.0
21.341343,81.429919,IN,India,Odisha,,1,7.4
21.364806,81.663764,IN,India,Odisha,,1,30.0
21.241646,81.4959,IN,India,Odisha,,1,1.1
21.335394,81.621727,IN,India,Odisha,,1,30.0
21.240409,81.65778,IN,India,Odisha,,1,7.4
21.244413,81.607608,IN,India,Odisha,,1,1.1
21.315833,81.639605,IN,India,Odisha,,1,30.0
21.234623,81.664444,IN,India,Odisha,,1,0.0
21.2404,81.60297,IN,India,Odisha,,1,1.1
21.24332,81.579622,IN,India,Odisha,,1,30.0
21.235067,81.6309,IN,India,Odisha,,1,70.0
21.244,81.634719,IN,India,Odisha,,1,1.1
21.225601,81.656052,IN,India,Odisha,,1,1.1
21.255368,81.629453,IN,India,Odisha,,2,30.0
21.240207,81.684308,IN,India,Odisha,,1,1.1
21.239553,81.677671,IN,India,Odisha,,1,30.0
21.098403,86.526684,IN,India,Odisha,,1,7.4
21.071771,86.49832,IN,India,Odisha,,1,1.1
21.070288,86.497084,IN,India,Odisha,,1,7.4
20.975878,86.401223,IN,India,Odisha,,1,7.4
21.06981,86.496256,IN,India,Odisha,,1,30.0
21.104305,86.532646,IN,India,Odisha,,1,1.1
20.936205,86.164662,IN,India,Odisha,,1,1.1
20.918959,86.216968,IN,India,Odisha,,1,25.0
20.986724,85.989196,IN,India,Odisha,,1,0.0
20.950256,85.989753,IN,India,Odisha,,1,7.4
21.068531,82.361733,IN,India,Odisha,,1,30.0
21.163621,81.788358,IN,India,Odisha,,1,0.0
21.161282,81.796672,IN,India,Odisha,,1,7.4
21.161337,81.796448,IN,India,Odisha,,1,0.0
21.078459,81.751866,IN,India,Odisha,,1,30.0
21.134089,81.772354,IN,India,Odisha,,1,1.1
21.04351,81.732075,IN,India,Odisha,,1,30.0
21.047829,81.533178,IN,India,Odisha,,1,0.0
21.035982,81.546132,IN,India,Odisha,,1,0.0
21.016109,81.7029,IN,India,Odisha,,1,0.0
20.838154,86.308423,IN,India,Odisha,,1,0.0
20.703937,86.134196,IN,India,Odisha,,1,1.1
20.752399,86.150857,IN,India,Odisha,,1,7.4
20.658167,86.117314,IN,India,Odisha,,1,0.0
20.694238,86.132879,IN,India,Odisha,,1,0.0
20.656229,86.112809,IN,India,Odisha,,1,30.0
20.66952,85.592293,IN,India,Odisha,,1,1.1
20.801476,85.54347,IN,India,Odisha,,1,7.4
20.831756,85.24166,IN,India,Odisha,,1,25.0
20.831735,85.241659,IN,India,Odisha,,1,15.0
20.832793,85.238289,IN,India,Odisha,,1,30.0
20.832794,85.085236,IN,India,Odisha,,1,1.1
20.845069,85.116203,IN,India,Odisha,,2,30.0
20.823511,85.062093,IN,India,Odisha,,1,30.0
20.823408,85.06205,IN,India,Odisha,,1,0.0
20.80489,84.03399,IN,India,Odisha,,1,7.4
20.857754,83.944182,IN,India,Odisha,,1,0.0
20.847186,83.894135,IN,India,Odisha,,1,0.0
20.742534,81.579143,IN,India,Odisha,,1,30.0
20.817085,81.68281,IN,India,Odisha,,1,30.0
20.530715,86.357933,IN,India,Odisha,,1,1.1
20.420946,86.090304,IN,India,Odisha,,1,0.0
20.482359,86.058159,IN,India,Odisha,,1,7.4
20.37025,85.890974,IN,India,Odisha,,1,25.0
20.491886,85.93527,IN,India,Odisha,,1,1.1
20.479119,85.839822,IN,India,Odisha,,1,1.1
20.529316,85.949237,IN,India,Odisha,,1,25.0
20.453737,85.88849,IN,India,Odisha,,1,1.1
20.411632,85.879413,IN,India,Odisha,,1,0.0
20.481787,85.817213,IN,India,Odisha,,1,25.0
20.449794,85.8982,IN,India,Odisha,,1,1.1
20.469631,85.85469,IN,India,Odisha,,1,1.1
20.460117,85.88938,IN,India,Odisha,,1,1.1
20.44235,85.90481,IN,India,Odisha,,1,1.1
20.45516,85.886655,IN,India,Odisha,,1,0.0
20.446043,85.906943,IN,India,Odisha,,1,1.1
20.466061,85.905361,IN,India,Odisha,,1,1.1
20.474403,85.8448,IN,India,Odisha,,1,1.1
20.405161,85.879808,IN,India,Odisha,,2,25.0
20.55066,85.774418,IN,India,Odisha,,1,7.4
20.462176,85.883744,IN,India,Odisha,,1,1.1
20.377015,85.889379,IN,India,Odisha,,1,7.4
20.55127,85.985496,IN,India,Odisha,,1,0.0
20.28951,86.645383,IN,India,Odisha,,1,0.0
20.307243,86.320751,IN,India,Odisha,,1,25.0
20.260697,86.201644,IN,India,Odisha,,1,1.1
20.193901,85.859992,IN,India,Odisha,,1,30.0
20.289135,85.815249,IN,India,Odisha,,1,0.0
20.315432,85.82054,IN,India,Odisha,,1,1.1
20.357018,85.88882,IN,India,Odisha,,2,60.0
20.256187,85.786837,IN,India,Odisha,,1,1.1
20.261417,85.843899,IN,India,Odisha,,1,1.1
20.29955,85.830973,IN,India,Odisha,,1,30.0
20.291476,85.856012,IN,India,Odisha,,1,60.0
20.266954,85.869424,IN,India,Odisha,,1,1.1
20.264084,85.845768,IN,India,Odisha,,1,1.1
20.245772,85.783043,IN,India,Odisha,,2,60.0
20.259014,85.839706,IN,India,Odisha,,1,30.0
20.271039,85.783829,IN,India,Odisha,,1,1.1
20.298635,85.822709,IN,India,Odisha,,1,1.1
20.252988,85.818779,IN,India,Odisha,,1,60.0
20.247611,85.840985,IN,India,Odisha,,1,1.1
20.283109,85.806011,IN,India,Odisha,,1,1.1
20.25473,85.787241,IN,India,Odisha,,1,30.0
20.226997,85.841081,IN,India,Odisha,,3,30.0
20.257376,85.840973,IN,India,Odisha,,1,1.5
20.227715,85.73563,IN,India,Odisha,,1,0.0
20.205643,85.644066,IN,India,Odisha,,1,60.0
20.24118,85.759155,IN,India,Odisha,,2,25.0
20.238165,85.756643,IN,India,Odisha,,2,25.0
20.255514,85.686664,IN,India,Odisha,,1,7.4
20.242778,85.756117,IN,India,Odisha,,1,15.0
20.253022,85.68697,IN,India,Odisha,,1,3.3
20.254699,85.686781,IN,India,Odisha,,1,3.3
20.230608,85.737671,IN,India,Odisha,,1,60.0
20.240744,85.759028,IN,India,Odisha,,1,7.4
20.223618,85.726762,IN,India,Odisha,,1,30.0
20.193913,85.652149,IN,India,Odisha,,1,0.0
20.178873,85.61153,IN,India,Odisha,,1,1.1
20.154536,85.063788,IN,India,Odisha,,1,0.0
20.141301,83.968362,IN,India,Odisha,,1,7.4
20.202786,82.936256,IN,India,Odisha,,1,0.0
20.301386,82.751643,IN,India,Odisha,,1,30.0
20.029996,86.131915,IN,India,Odisha,,1,0.0
20.036226,85.825447,IN,India,Odisha,,1,7.4
19.981226,85.825119,IN,India,Odisha,,1,7.4
20.001994,85.820541,IN,India,Odisha,,1,1.1
19.913864,85.98975,IN,India,Odisha,,1,1.1
20.008978,85.81385,IN,India,Odisha,,1,0.0
20.009093,85.813832,IN,India,Odisha,,1,30.0
19.837315,85.836627,IN,India,Odisha,,2,25.0
19.887409,85.803106,IN,India,Odisha,,1,0.0
19.864923,85.66567,IN,India,Odisha,,1,1.1
19.960439,85.433603,IN,India,Odisha,,1,25.0
19.995597,85.479968,IN,India,Odisha,,1,30.0
19.990167,85.473653,IN,India,Odisha,,1,0.0
19.924364,84.57135,IN,India,Odisha,,1,1.1
20.038907,84.638569,IN,India,Odisha,,1,7.4
19.924915,83.174075,IN,India,Odisha,,1,25.0
20.088792,82.362105,IN,India,Odisha,,1,100.0
19.813481,85.8363,IN,India,Odisha,,1,0.0
19.795261,85.813281,IN,India,Odisha,,1,1.1
19.80242,85.82394,IN,India,Odisha,,1,0.0
19.790746,85.803087,IN,India,Odisha,,1,30.0
19.718938,85.523571,IN,India,Odisha,,1,0.0
19.799158,85.664566,IN,India,Odisha,,1,1.1
19.71935,85.524487,IN,India,Odisha,,1,1.1
19.67855,85.171409,IN,India,Odisha,,1,7.4
19.678247,85.171479,IN,India,Odisha,,1,30.0
19.633156,85.135326,IN,India,Odisha,,1,7.4
19.749316,85.207598,IN,India,Odisha,,1,60.0
19.731375,83.479141,IN,India,Odisha,,1,7.4
19.652453,82.225619,IN,India,Odisha,,1,30.0
19.31151,84.83354,IN,India,Odisha,,1,1.1
19.34123,84.76845,IN,India,Odisha,,1,1.1
19.324255,84.87503,IN,India,Odisha,,1,1.1
19.317172,84.777247,IN,India,Odisha,,1,0.0
19.307139,84.829228,IN,India,Odisha,,1,0.0
19.319418,84.784486,IN,India,Odisha,,1,0.0
19.308462,84.77319,IN,India,Odisha,,1,1.1
19.301504,84.83013,IN,India,Odisha,,1,1.1
19.306038,84.78173,IN,India,Odisha,,1,1.1
19.315211,84.858144,IN,India,Odisha,,2,25.0
19.31608,84.85278,IN,India,Odisha,,1,1.1
19.30744,84.81665,IN,India,Odisha,,1,1.1
19.3177,84.790584,IN,India,Odisha,,1,0.0
19.32163,84.86715,IN,India,Odisha,,1,1.1
19.319885,84.78113,IN,India,Odisha,,1,1.1
19.295647,84.819566,IN,India,Odisha,,1,1.1
19.334627,84.768619,IN,India,Odisha,,1,30.0
19.305728,84.781727,IN,India,Odisha,,1,1.1
19.303381,84.795044,IN,India,Odisha,,1,1.1
19.299171,84.831763,IN,India,Odisha,,1,7.4
19.447535,84.591458,IN,India,Odisha,,1,0.0
19.180776,84.725327,IN,India,Odisha,,1,30.0
19.26892,84.77745,IN,India,Odisha,,1,1.1
19.183324,84.727616,IN,India,Odisha,,1,30.0
19.194212,84.61756,IN,India,Odisha,,1,1.1
18.845465,84.5031,IN,India,Odisha,,1,1.1
18.802062,83.991812,IN,India,Odisha,,1,0.0
18.768917,83.421539,IN,India,Odisha,,1,0.0
18.858213,82.589905,IN,India,Odisha,,1,30.0
18.84732,82.565171,IN,India,Odisha,,1,30.0
18.606024,84.229915,IN,India,Odisha,,1,1.1
18.534753,83.651339,IN,India,Odisha,,1,30.0
18.597046,83.764094,IN,India,Odisha,,1,0.0
18.610439,83.399228,IN,India,Odisha,,1,0.0
18.503509,83.246971,IN,India,Odisha,,1,30.0
18.701208,82.879837,IN,India,Odisha,,1,7.4
18.295933,83.893148,IN,India,Odisha,,1,1.1
18.326279,83.941268,IN,India,Odisha,,1,7.4
18.324359,83.93911,IN,India,Odisha,,1,25.0
18.322674,83.893722,IN,India,Odisha,,1,0.0
18.424328,84.048025,IN,India,Odisha,,1,0.0
18.309546,83.91882,IN,India,Odisha,,1,1.1
18.300441,83.871163,IN,India,Odisha,,1,0.0
18.289378,83.914594,IN,India,Odisha,,1,7.4
18.279176,83.526139,IN,India,Odisha,,1,1.1
18.337204,82.877925,IN,India,Odisha,,1,1.1
18.322594,82.877652,IN,India,Odisha,,1,1.1
18.295865,82.914475,IN,India,Odisha,,1,0.0
18.313714,82.893742,IN,India,Odisha,,1,7.4
18.139519,83.617595,IN,India,Odisha,,1,30.0
18.149918,83.635311,IN,India,Odisha,,1,7.4
18.173032,83.676949,IN,India,Odisha,,1,30.0
18.041851,83.509722,IN,India,Odisha,,1,0.0
18.020386,83.402095,IN,India,Odisha,,1,7.4
18.056501,83.397113,IN,India,Odisha,,1,1.1
18.057097,83.397188,IN,India,Odisha,,1,0.0
18.092802,83.388405,IN,India,Odisha,,1,0.0
18.080786,83.38528,IN,India,Odisha,,1,1.1
17.952423,83.416358,IN,India,Odisha,,1,30.0
18.080144,83.385351,IN,India,Odisha,,1,1.1
17.952421,83.416311,IN,India,Odisha,,1,0.0
17.957768,83.17736,IN,India,Odisha,,1,30.0
18.116682,83.13772,IN,India,Odisha,,1,1.1
8.503495,76.911662,IN,India,Venpalavattom,,1,80.0
8.315969,77.090355,IN,India,Kulathoor,,2,80.0
9.478663,76.844872,IN,India,Erumely,,3,30.0
10.014144,76.94383,IN,India,Adimali,,1,80.0
10.069937,77.060942,IN,India,Munnar,,1,90.0
9.702762,76.721194,IN,India,Bharananganam,,1,90.0
9.692576,76.55969,IN,India,Ettumanoor,,1,60.0
9.861341,76.59599,IN,India,Koothattukulam,,1,80.0
9.872065,76.596115,IN,India,Koothattukulam,,2,60.0
10.058638,76.652378,IN,India,Kothamangalam,,1,90.0
10.068236,76.386814,IN,India,Pukkattupady,,1,80.0
10.110575,76.372873,IN,India,Aluva,,1,60.0
10.08867,76.42442,IN,India,Vazhakkulam,,1,90.0
10.111541,76.478928,IN,India,Perumbavoor,,1,80.0
10.163081,76.487217,IN,India,Perumbavoor,,1,90.0
10.168793,76.434744,IN,India,Kalady,,1,60.0
10.164521,76.23329,IN,India,Chendamangalam,,2,30.0
10.149224,76.226506,IN,India,North Paravur,,1,80.0
10.203141,76.200401,IN,India,Kodungallur,,2,60.0
10.642972,75.98558,IN,India,Punnayur,,1,80.0
10.59331,76.037397,IN,India,Guruvayur,,1,90.0
10.61186,76.684165,IN,India,Kollengode,,1,30.0
10.819636,76.810197,IN,India,Pampampallam,,2,80.0
10.901221,75.925416,IN,India,Tirur,,2,80.0
11.179792,75.872135,IN,India,Ramanattukara,,1,60.0
11.280482,75.879105,IN,India,Peruvayal,,2,30.0
11.298022,75.853,IN,India,Chelavoor,,1,90.0
11.240855,75.802699,IN,India,Govindapuram,,3,60.0
11.446248,75.83308,IN,India,Balusseri,,3,80.0
11.551254,75.746257,IN,India,Perambra,,2,60.0
11.881399,75.501314,IN,India,Anjarakandy,,2,60.0
12.042528,75.509834,IN,India,Sreekandapuram,,1,60.0
12.606282,74.938438,IN,India,Kumbla,,1,30.0
12.744286,80.239281,IN,India,Chennai,,1,60.0
12.613079,80.168796,IN,India,Mahabalipuram,,1,60.0
12.927434,79.934162,IN,India,Sriperumbudur,,2,240.0
12.932607,79.905816,IN,India,Sriperumbudur,,1,60.0
12.258661,79.068389,IN,India,Tiruvannamalai,,2,30.0
11.812846,79.41802,IN,India,Arasur,,2,240.0
11.263051,78.897413,IN,India,Elambalur,,1,60.0
11.648355,78.120209,IN,India,Salem,,1,60.0
11.045484,76.98579,IN,India,Coimbatore,,1,60.0
10.740857,79.107558,IN,India,Thanjavur,,1,60.0
10.804353,78.677253,IN,India,Tiruchirappalli,,1,60.0
10.791207,78.657784,IN,India,Tiruchirappalli,,1,60.0
10.560669,78.321808,IN,India,Vaiyampatti,,1,30.0
10.070078,78.727505,IN,India,Karaikudi,,1,120.0
9.81712,77.978341,IN,India,Tirumangalam,,1,60.0
9.300004,77.915658,IN,India,Mettupatti,,2,30.0
10.50242,76.257982,IN,India,Thrissur,,1,60.0
12.259157,75.15053,IN,India,Nileshwaram,,3,60.0
8.540251,77.669517,IN,India,Tirunelveli,,1,30.0
10.717222,77.556214,IN,India,Dharapuram,,1,60.0
10.996758,77.008652,IN,India,Singallur,,1,60.0
11.052858,76.945837,IN,India,Coimbatore,,1,60.0
11.31865,76.920809,IN,India,Mettupalayam,,1,30.0
9.910471,76.364464,IN,India,Udayamperoor,,1,30.0
9.933192,76.300049,IN,India,Kochi,,1,60.0
9.619244,76.372186,IN,India,Muhamma,,1,60.0
8.494717,76.95231,IN,India,Thiruvananthapuram,,1,30.0
8.493284,76.957316,IN,India,Kerala,,1,30.0
8.194503,77.394416,IN,India,Nagercoil,,1,60.0
10.666223,76.113444,IN,India,Kechery,,1,80.0
16.814494,78.148329,IN,India,Telangana,,1,60.0
16.814755,78.1484,IN,India,Telangana,,1,60.0
11.268432,75.831156,IN,India,Kozhikode,,1,60.0
27.735563,76.983877,IN,India,Haryana,,1,120.0
26.830031,75.571203,IN,India,Rajasthan,,2,60.0
26.636383,75.102217,IN,India,Dudu,,1,30.0
27.562552,76.075089,IN,India,Paota,,1,30.0
27.562407,76.074978,IN,India,Paota,,2,180.0
17.637358,74.012178,IN,India,Satara,,3,60.0
20.38011,72.914455,IN,India,Vapi,,1,120.0
32.214505,76.31694,IN,India,Dharamshala ,,1,60.0
26.336942,79.370073,IN,India,Uttar Pradesh,,3,240.0
25.252445,80.743644,IN,India,Uttar Pradesh,,3,240.0
18.822908,78.321723,IN,India,Armoor,,1,60.0
15.886334,78.016366,IN,India,Telangana,,3,240.0
17.224352,74.180165,IN,India,Narayanwadi,,1,60.0
24.891418,75.964821,IN,India,Rajasthan,,1,120.0
12.10566,75.211734,IN,India,Payyanur,,1,40.0
12.149898,75.212637,IN,India,Vellur,,1,30.0
12.048655,75.34628,IN,India,Thaliparamba,,1,40.0
11.916704,75.358304,IN,India,Chirakkal,,1,30.0
11.725747,76.077673,IN,India,Panamaram,,1,60.0
11.667813,76.07947,IN,India,Kamabalakkad,,1,30.0
11.446515,75.77262,IN,India,Ulliyeri,,1,30.0
11.38213,75.736612,IN,India,Thirivangoor,,1,25.0
11.364746,75.73945,IN,India,Vengalam,,1,60.0
11.304285,75.759579,IN,India,Kozhikode,,1,30.0
11.257841,75.810188,IN,India,Kozhikode,,1,90.0
11.235355,75.845668,IN,India,Pantheerankavu,,1,60.0
11.164341,75.964007,IN,India,Edavannappara,,1,60.0
10.97775,76.242863,IN,India,Perinthalmanna,,1,60.0
10.950358,76.163237,IN,India,Parinthalmanna,,1,20.0
10.886314,75.930574,IN,India,Tirur,,1,30.0
10.764894,76.651994,IN,India,Palakkad,,1,30.0
10.796991,76.764409,IN,India,Kanjikode,,1,60.0
10.777715,76.341228,IN,India,Ottappalam,,1,45.0
10.70522,76.089268,IN,India,Kunnamkulam,,1,60.0
10.521423,76.051279,IN,India,Chettuva,,1,60.0
10.416438,76.153675,IN,India,Pazhuvil,,1,30.0
10.584056,76.435817,IN,India,Vadakkenchery,,1,30.0
10.528606,76.255621,IN,India,Mannuthi,,1,40.0
10.53956,76.253917,IN,India,Mannuthi,,1,30.0
10.51122,76.213227,IN,India,Thrissur,,1,50.0
10.155045,76.280934,IN,India,Chalakka,,1,30.0
10.036476,76.41865,IN,India,Kizhakkambalam,,2,60.0
10.003946,76.313354,IN,India,Vennala,,2,60.0
9.959224,76.31419,IN,India,Vyttila,,1,30.0
9.93872,76.318309,IN,India,Kundannoor,,1,30.0
9.743232,76.319429,IN,India,Cherthala,,1,30.0
10.016773,76.503157,IN,India,Kolenchery,,1,30.0
10.059069,76.68398,IN,India,Nellimattom,,1,60.0
9.935613,76.575502,IN,India,Meenkunnam,,1,30.0
9.796183,76.663308,IN,India,Ramapuram,,1,80.0
9.718847,76.525174,IN,India,Ettumanoor,,1,90.0
10.017258,77.00066,IN,India,Adimali,,1,30.0
9.847466,76.980956,IN,India,Idukki,,1,30.0
9.750838,77.109186,IN,India,Kattappana,,1,30.0
9.688898,76.904448,IN,India,Vagamon,,1,20.0
9.719752,76.691663,IN,India,Pala,,1,60.0
9.606084,76.57615,IN,India,Manarcadu,,1,40.0
9.509675,76.693361,IN,India,Pathanadu,,1,60.0
9.478425,76.56148,IN,India,Changanassery,,1,30.0
9.473794,76.528514,IN,India,Changanasseri,,1,90.0
9.417705,76.488121,IN,India,Kuttanadu,,1,60.0
9.357344,76.590624,IN,India,Thiruvalla,,1,80.0
9.211019,76.503143,IN,India,Pathiyoor,,1,30.0
9.147193,76.732401,IN,India,Adoor,,1,30.0
9.067236,76.535885,IN,India,Karunagappalli,,1,30.0
9.046109,76.536684,IN,India,Karunagapally,,1,30.0
8.98323,76.53477,IN,India,Chavara,,1,90.0
9.026472,76.851901,IN,India,Kunnicode,,1,30.0
8.962958,76.835558,IN,India,Valakom,,2,30.0
8.921315,76.57637,IN,India,Kollam,,1,50.0
8.713974,76.779719,IN,India,Kavalayur,,2,90.0
8.500476,76.95229,IN,India,Thiruvananthapuram,,1,90.0
8.49443,76.930073,IN,India,Thiruvananthapuram,,1,45.0
8.491843,76.920168,IN,India,Thriuvananthapuram,,1,80.0
8.572652,76.870401,IN,India,Thiruvananthapuram,,1,90.0
8.578586,76.866476,IN,India,Thiruvananthapuram,,1,20.0
22.170156,73.087613,IN,India,Saraswani,,1,30.0
22.180226,73.089909,IN,India,Saraswani,,1,30.0
20.740673,73.035601,IN,India,Chikhli,,1,60.0
26.6975,91.8512,IN,India,Hailakandi,,1,24.0
16.536667,74.319958,IN,India,NH48,,1,60.0
26.838271,80.853777,IN,India,Lucknow,,1,30.0
22.794234,73.858826,IN,India,Piplod,,1,60.0
23.386513,75.059851,IN,India,Ratlam,,2,60.0
29.886788,73.92823,IN,India,Ganganagar,,1,30.0
27.612047,77.741851,IN,India,Yamuna Expressway ,,2,120.0
27.550396,77.755063,IN,India,Yamuna Expressway,,2,120.0
27.153405,78.070736,IN,India,Agra,,1,120.0
29.886992,73.924738,IN,India,Ganganagar,,1,30.0
11.046408,77.079561,IN,India,COIMBATORE,,1,30.0
12.96085,77.581825,IN,India,Karnataka,,1,0.0
21.997786,77.865382,IN,India,Madhya Pradesh,,1,120.0
26.378544,76.253276,IN,India,Bonli,,1,60.0
25.162226,76.16636,IN,India,Kota District,,1,30.0
21.038976,72.975265,IN,India,Navsari,,2,60.0
26.377358,76.253757,IN,India,Bonli,,1,60.0
24.345262,75.678323,IN,India,Garoth,,1,60.0
24.346876,75.68156,IN,India,Garoth,,1,60.0
24.684685,77.337371,IN,India,Guna,,1,60.0
24.540541,77.208678,IN,India,Guna,,1,60.0
23.963964,76.938304,IN,India,Biora,,1,60.0
9.437442,76.542009,IN,India,Changanassery,,4,160.0
11.044939,78.055861,IN,India,Manmangalam,,1,60.0
10.777439,77.920825,IN,India,Karur,,1,60.0
10.964214,78.046556,IN,India,Karur,,1,60.0
10.963962,78.048042,IN,India,Karur,,1,60.0
27.287131,76.774695,IN,India,Rajpura,,1,60.0
22.81046,74.300685,IN,India,Dahod,,1,60.0
22.287645,73.132226,IN,India,Vadodara,,1,60.0
28.633242,77.224946,IN,India,New Delhi``,,1,15.0
22.288523,73.132099,IN,India,Vadodara ,,1,60.0
19.677941,72.908046,IN,India,Manor,,2,60.0
29.176437,79.496409,IN,India,Haldwani,,1,30.0
29.224177,79.501043,IN,India,Haldwani,,1,30.0
29.24539,79.535972,IN,India,Haldwani,,1,60.0
29.214919,79.527985,IN,India,Haldwani,,1,24.0
29.186542,79.520843,IN,India,Haldwani,,1,0.0
28.998167,79.415786,IN,India,Rudrapur,,2,30.0
29.000382,79.399877,IN,India,Rudrapur,,1,118.0
28.994842,79.400686,IN,India,Rudrapur,,1,60.0
28.978597,79.400453,IN,India,Rudrapur,,1,30.0
28.975849,79.389542,IN,India,Rudrapur,,1,60.0
28.931216,79.517037,IN,India,Kichha,,1,60.0
28.870834,79.51648,IN,India,Kichha,,1,60.0
28.892694,79.509564,IN,India,Kichha,,1,30.0
26.837999,80.986727,IN,India,LUCKNOW,,1,1200.0
26.857211,80.982235,IN,India,LUCKNOW,,1,120.0
24.810179,79.911512,IN,India,Khajuraho,,1,60.0
24.841218,79.920955,IN,India,Khajuraho,,2,30.0
21.914236,79.526367,IN,India,Mohgaon,,1,120.0
18.503926,73.803734,IN,India,Pune,,1,1.0
29.163755,79.522706,IN,India,Haldwani,,2,25.0
23.663831,87.057828,IN,India,Asansol,,2,25.0
23.765173,86.80574,IN,India,Dhanbad,,1,30.0
20.63427,78.927316,IN,India,Maharashtra,,1,120.0
24.01219,86.033786,IN,India,Dumri,,1,25.0
13.064574,77.257125,IN,India,Solur,,1,30.0
12.960134,76.330239,IN,India,Udayapura,,2,120.0
21.651444,87.6514,IN,India,Kolkata,,1,0.0
13.606273,77.787275,IN,India,Yellagallahalli,,1,60.0
10.011485,76.311387,IN,India,Edappally ,,1,60.0
10.039155,76.315559,IN,India,Edappally,,1,30.0
10.081303,76.339462,IN,India,Choornikkara,,1,60.0
10.159995,76.390154,IN,India,Nedumbassery ,,1,30.0
10.162224,76.384653,IN,India,Nedumbassery,,1,30.0
10.162042,76.367356,IN,India,Kariyad,,1,30.0
10.22106,76.376752,IN,India,Angamaly,,1,30.0
10.232489,76.19594,IN,India,Kodungallur,,1,30.0
10.769831,76.668097,IN,India,Palakkad,,2,30.0
10.782258,76.658245,IN,India,Koppam,,1,30.0
10.436187,76.265206,IN,India,Amballur,,1,25.0
10.496728,76.258361,IN,India,Thrissur,,1,60.0
10.52294,76.206248,IN,India,Thrissur,,1,30.0
10.540423,76.189678,IN,India,Thrissur,,2,25.0
10.596357,76.042934,IN,India,Guruvayur,,2,25.0
19.757594,74.476347,IN,India,Shirdi ,,1,30.0
10.960238,76.234679,IN,India,Perinthalmanna,,1,25.0
10.984503,76.187847,IN,India,Perinthalmanna,,1,30.0
10.897914,76.06101,IN,India,Valanchery,,1,30.0
10.918581,75.917798,IN,India,Tirur,,1,30.0
11.052515,76.07764,IN,India,Malappuram,,1,60.0
11.060403,76.080844,IN,India,Malappuram,,1,30.0
11.118906,76.118474,IN,India,Manjeri,,2,25.0
11.204146,76.136734,IN,India,Edavanna,,1,60.0
11.22325,76.216915,IN,India,Wandoor,,1,30.0
11.211054,76.224685,IN,India,Wandoor,,1,30.0
11.140292,75.948314,IN,India,Kondotty,,1,60.0
11.216965,75.857951,IN,India,Kozhikode,,2,25.0
11.213909,75.802632,IN,India,Meenchanda,,1,30.0
11.233627,75.803239,IN,India,Kozhikode,,1,30.0
11.258465,75.792906,IN,India,Kozhikode,,3,25.0
11.259214,75.779335,IN,India,Kozhikode,,2,25.0
11.25869,75.773979,IN,India,Kozhikode,,1,30.0
11.259029,75.773708,IN,India,Kozhikode,,1,7.4
11.46505,75.970175,IN,India,Engapuzha,,1,25.0
11.660943,76.240023,IN,India,Sulthan Bathery,,1,30.0
11.659328,76.207185,IN,India,Meenangadi,,1,60.0
11.637353,76.094685,IN,India,Kalpetta,,1,30.0
11.657633,75.960432,IN,India,Padinjarathara,,2,30.0
11.761734,75.509068,IN,India,Thalassery,,1,30.0
11.86015,75.414341,IN,India,Thazhe Chovva,,1,30.0
11.990686,75.658022,IN,India,Iritty,,1,30.0
11.832857,75.426442,IN,India,Nadal,,2,25.0
11.86083,75.411868,IN,India,Kannur ,,1,30.0
12.120003,75.217555,IN,India,Payyanur,,1,30.0
12.175048,75.193433,IN,India,Payyannur,,1,30.0
12.423383,75.014755,IN,India,Bekkal,,1,7.4
12.513454,75.027123,IN,India,Kasaragod,,1,30.0
12.509408,74.986111,IN,India,Kasaragod,,1,30.0
8.353209,77.05379,IN,India,Thiruvananthapuram ,,2,60.0
8.394253,77.088729,IN,India,Neyyattinkara,,2,30.0
8.488661,76.950752,IN,India,Thiruvananthapuram ,,1,30.0
8.515263,76.898158,IN,India,Thiruvananthapuram ,,4,60.0
8.539993,76.884425,IN,India,Thiruvananthapuram ,,2,7.4
8.728846,76.898448,IN,India,Karette,,1,80.0
8.734523,76.898016,IN,India,Karette,,1,30.0
8.686808,76.824022,IN,India,Attingal,,2,30.0
8.733068,76.810647,IN,India,Attingal,,1,30.0
8.863427,76.871208,IN,India,Chadayamangalam,,2,60.0
8.749086,76.705819,IN,India,Varkala,,2,25.0
8.982143,76.80933,IN,India,Kottarakkara,,2,30.0
8.948247,76.646247,IN,India,Kundara,,2,30.0
9.070992,76.856311,IN,India,Pathanapuram,,2,25.0
9.051367,76.703247,IN,India,Puthoor,,2,30.0
9.045128,76.7736,IN,India,Inchakkad,,3,60.0
9.116847,76.745112,IN,India,Adoor,,2,60.0
9.145306,76.765858,IN,India,Adoor,,1,30.0
9.153564,76.735544,IN,India,Adoor,,2,60.0
9.145795,76.459363,IN,India,Kayamkulam,,2,25.0
9.132307,76.513858,IN,India,Karunagappalli,,1,25.0
9.18474,76.490297,IN,India,Kayamkulam,,3,60.0
9.289001,76.456536,IN,India,Haripad,,2,25.0
9.246935,76.757308,IN,India,Omallor,,2,30.0
9.263777,76.785435,IN,India,Pathanamthitta,,1,30.0
9.311533,76.622721,IN,India,Chengannur,,3,60.0
9.342145,76.598488,IN,India,Chengannur,,2,30.0
9.45986,76.555184,IN,India,Changanassery,,2,25.0
9.806942,77.04794,IN,India,Alliyar,,1,30.0
9.747617,77.105418,IN,India,Kattappana,,1,25.0
9.665399,77.160847,IN,India,Idukki,,2,30.0
9.614446,77.15391,IN,India,Kumali,,2,30.0
9.580204,76.970612,IN,India,Kuttikkanam,,2,60.0
9.567075,76.706094,IN,India,Kodungoor,,1,30.0
9.566379,76.741608,IN,India,Ponkunnam,,2,25.0
9.754,76.701279,IN,India,Anthikkad,,1,80.0
9.683248,76.609754,IN,India,Kidangoor,,1,30.0
9.668172,76.575379,IN,India,Ettumanoor,,2,60.0
9.761924,76.564723,IN,India,Kuravilangad,,2,25.0
9.727579,76.520388,IN,India,Manjoor,,1,30.0
9.683337,76.505594,IN,India,Neendoor,,2,30.0
9.589399,76.526331,IN,India,Kottayam ,,1,30.0
9.578259,76.519471,IN,India,Kottayam,,1,80.0
9.49017,76.320737,IN,India,Alappuzha,,2,30.0
9.559497,76.328214,IN,India,Alappuzha,,1,30.0
9.562575,76.327584,IN,India,Alappuzha,,1,30.0
9.683891,76.333582,IN,India,Cherthala,,2,60.0
9.85184,76.389388,IN,India,Kanjiramattom,,1,30.0
9.96261,76.358001,IN,India,Thrippunithura,,1,30.0
9.948953,76.347711,IN,India,Thrippunithura,,3,60.0
9.947758,76.318546,IN,India,Maradu,,1,60.0
9.947452,76.303416,IN,India,Kadavanthra,,2,60.0
9.965194,76.296623,IN,India,Ernakulam,,2,25.0
9.99596,76.314102,IN,India,Palarivattom,,1,60.0
9.998499,76.313861,IN,India,Palarivattom,,1,60.0
10.014659,76.342401,IN,India,Kakkanad,,2,25.0
10.035674,76.336448,IN,India,Thrikkakkara,,1,30.0
10.032115,76.32296,IN,India,Edapally,,3,30.0
10.014373,76.312533,IN,India,Edapally,,1,60.0
10.025853,76.30848,IN,India,Edapally,,3,60.0
10.056579,76.776647,IN,India,Neriyamangalam,,1,3.3
10.089873,76.49767,IN,India,Perumbavoor ,,3,80.0
10.1166,76.445699,IN,India,Perumbavoor,,2,60.0
10.134847,76.354549,IN,India,Aluva,,1,30.0
10.141444,76.352934,IN,India,Athani,,1,80.0
10.155053,76.354715,IN,India,Athani,,1,24.0
10.20178,76.409662,IN,India,Angamaly,,1,80.0
10.149673,76.217564,IN,India,North Paravur,,1,30.0
10.277245,76.344528,IN,India,Koratty,,1,60.0
10.240669,76.272529,IN,India,Mala,,1,25.0
10.211292,76.198989,IN,India,Kodungallur,,2,25.0
10.378135,76.122545,IN,India,Kodungallur,,2,60.0
10.435595,76.265875,IN,India,Thrissur,,3,60.0
10.52615,76.187955,IN,India,Thrissur,,1,30.0
10.548947,76.183041,IN,India,Thrissur,,3,60.0
10.564967,76.165984,IN,India,Peramangalam,,2,80.0
10.487291,76.070836,IN,India,Vadanappalli,,1,60.0
10.494542,76.065847,IN,India,Vadanappilly,,1,60.0
10.598448,76.036368,IN,India,Guruvayoor,,1,3.3
10.797309,76.827541,IN,India,Elappully,,2,7.4
10.793487,76.82653,IN,India,Elappully,,2,7.4
10.792032,76.828347,IN,India,Elappully,,2,7.4
10.826593,76.826053,IN,India,Walayar,,2,60.0
10.773957,76.698197,IN,India,Palakkad,,2,60.0
10.646166,76.551402,IN,India,Alathur,,2,60.0
10.593239,76.482535,IN,India,Vadakkencherry,,1,25.0
10.710022,76.428793,IN,India,Thiruvilwamala,,2,25.0
10.692716,76.268584,IN,India,Thirissur,,3,60.0
10.750382,76.274757,IN,India,Cheruthuruthi,,1,25.0
10.804795,76.208157,IN,India,Pattambi,,1,30.0
10.811069,76.186444,IN,India,Pattambi,,2,30.0
10.784881,76.170676,IN,India,Nhangattiri,,1,30.0
10.933557,76.527217,IN,India,Mannarkkad,,2,60.0
10.965297,76.283898,IN,India,Perinthalmanna,,2,25.0
10.873413,76.062458,IN,India,Valanchery,,2,60.0
10.739569,76.029273,IN,India,Changaramkulam,,1,80.0
11.139596,76.236113,IN,India,Pandikkad,,1,60.0
11.288049,76.297982,IN,India,Karulai,,1,30.0
11.286681,76.239264,IN,India,Nilambur,,1,25.0
11.253647,76.201901,IN,India,Nilambur,,1,30.0
11.128916,76.115395,IN,India,Manjeri,,2,60.0
11.043181,76.084302,IN,India,Malappuram,,1,25.0
11.021175,75.948126,IN,India,Venniyour,,1,30.0
11.078417,75.902764,IN,India,Malappuram,,1,30.0
11.234737,75.846707,IN,India,Kozhikode,,1,30.0
11.670802,76.36102,IN,India,Muthanga,,1,30.0
11.597777,76.080138,IN,India,Kalpetta,,1,25.0
11.518344,76.021256,IN,India,Lakkidi,,1,30.0
11.319727,75.995517,IN,India,Mukkom,,1,60.0
11.404693,75.929568,IN,India,Thamarassery,,1,25.0
11.258801,75.808904,IN,India,Kozhikode,,2,30.0
11.257862,75.780231,IN,India,Kozhikode,,2,30.0
11.92756,75.500473,IN,India,Kannur,,1,7.0
11.825802,75.508957,IN,India,Mambaram,,2,30.0
11.871664,75.395986,IN,India,Melechowa,,1,30.0
11.880201,75.374665,IN,India,Kannur,,1,60.0
12.088638,75.252646,IN,India,Payyannur,,2,30.0
12.405805,75.096298,IN,India,Hosdurg,,1,30.0
12.505974,74.986781,IN,India,Kasaragod,,1,30.0
12.342505,75.112664,IN,India,Kanhangad,,4,30.0
12.2272,75.15912,IN,India,Cheruvathur,,2,60.0
12.17697,75.246756,IN,India,Mathil,,3,30.0
12.207766,75.279452,IN,India,Payyannur,,2,25.0
11.997449,75.370908,IN,India,Bakkalam,,2,30.0
11.878368,75.359526,IN,India,Kannur,,4,30.0
10.087379,77.0617,IN,India,Munnar,,3,30.0
11.985562,75.676182,IN,India,Iritty,,1,30.0
11.754867,75.578065,IN,India,"Panoor, Kannur",,1,30.0
11.520445,75.617988,IN,India,Payyoli,,4,60.0
11.648901,75.755936,IN,India,Kuttiyady,,1,30.0
11.672924,75.957306,IN,India,Padinjarathara,,4,30.0
11.736405,75.986744,IN,India,Tharuvana,,1,60.0
11.796978,76.006601,IN,India,Mananthavady,,1,60.0
11.662086,76.264922,IN,India,Sulthan Bathery,,3,60.0
11.654046,76.153585,IN,India,Meenangadi,,1,60.0
11.591455,76.07091,IN,India,Kalpetta,,4,30.0
11.545754,76.039372,IN,India,Vythiri,,4,30.0
11.444087,75.955877,IN,India,Thamarassery,,4,30.0
11.339684,75.898716,IN,India,Koduvally,,3,120.0
11.311692,75.882593,IN,India,Kunnamangalam,,1,60.0
11.280674,75.824632,IN,India,Kozhikode,,1,30.0
11.280815,75.82435,IN,India,Kozhikode,,1,30.0
11.427675,75.702996,IN,India,Koyilandi,,4,30.0
12.352687,76.629203,IN,India,Mysuru,,2,60.0
12.350146,76.660199,IN,India,Mysuru,,1,60.0
11.312412,75.758591,IN,India,Pavangad,,4,30.0
11.262784,75.768241,IN,India,Kozhikode,,4,30.0
11.386628,76.354722,IN,India,Vazhikadavu,,1,30.0
11.245323,75.977492,IN,India,Edavannappara,,1,30.0
11.180744,75.851199,IN,India,Feroke,,1,30.0
11.168868,75.926769,IN,India,Pulikkal,,1,30.0
11.17328,75.902152,IN,India,Aikkarapadi,,1,30.0
11.144919,75.89617,IN,India,Pingottoormad,,2,30.0
10.916247,75.918287,IN,India,Tirur,,3,30.0
10.92282,76.032918,IN,India,Karippol,,2,30.0
11.001727,75.980449,IN,India,Kottakkal,,1,60.0
11.054225,76.092143,IN,India,Munduparamba,,4,30.0
11.123033,76.115868,IN,India,Manjeri,,1,30.0
11.123411,76.124185,IN,India,Manjeri,,1,30.0
11.0964,76.210707,IN,India,Pandikkad,,2,30.0
11.056208,76.278512,IN,India,Melattur,,2,30.0
11.034502,76.261887,IN,India,Vengoor,,1,30.0
10.977194,76.221651,IN,India,Perinthalmanna,,1,60.0
10.988865,76.436689,IN,India,Mannarkkad,,1,60.0
10.809363,76.846322,IN,India,Vellamthavalam,,4,30.0
10.80228,76.785203,IN,India,Kanjikkode,,2,30.0
10.785355,76.603956,IN,India,Palakkad,,2,30.0
10.839492,76.58,IN,India,Mundur,,1,30.0
10.89808,76.395296,IN,India,Sreekrishnapuram,,1,30.0
10.778142,76.43743,IN,India,Lakkidi,,1,60.0
10.779746,76.285281,IN,India,Kulappully,,4,30.0
10.878266,76.187607,IN,India,Koppam,,1,30.0
10.801586,76.178408,IN,India,Pattambi,,1,60.0
10.758293,76.130366,IN,India,Kootanad,,3,60.0
10.734552,76.048647,IN,India,Changaramkulam,,1,60.0
10.732606,76.03743,IN,India,Changaramkulam,,1,30.0
10.733824,75.974813,IN,India,Maranchery,,2,30.0
10.784746,75.947152,IN,India,Ponnanu,,1,30.0
10.772703,75.947152,IN,India,Ponnani,,4,30.0
10.681341,76.16967,IN,India,Erumappetti,,2,30.0
10.644411,76.236652,IN,India,Wadakkanchery,,3,60.0
10.616627,76.125784,IN,India,Kechery,,2,60.0
10.605824,76.211788,IN,India,Killannur,,1,30.0
10.540562,76.215687,IN,India,Thrissur,,2,30.0
10.527795,76.205344,IN,India,Thrissur,,4,30.0
10.521332,76.230757,IN,India,Thrissur,,2,30.0
10.522036,76.227569,IN,India,Thrissur,,1,30.0
10.511503,76.221124,IN,India,Mundupalam,,1,30.0
10.504452,76.225341,IN,India,Thrissur,,3,30.0
10.497689,76.064642,IN,India,Engandiyoor,,1,30.0
10.431569,76.14256,IN,India,Chazhoor,,2,30.0
10.401732,76.119335,IN,India,Valappad,,4,30.0
10.402438,76.112633,IN,India,Nattika,,1,60.0
10.408609,76.214026,IN,India,Karuvannur,,1,60.0
10.331423,76.215261,IN,India,Irinjalakkuda,,4,30.0
10.593403,76.583525,IN,India,Nenmara,,1,30.0
10.597238,76.479849,IN,India,Vadakkenchery,,4,30.0
10.591957,76.465712,IN,India,Vadakkencherry,,2,30.0
10.476827,76.257582,IN,India,Marathakkara,,2,60.0
10.433892,76.265149,IN,India,Amballur,,1,60.0
10.380661,76.297686,IN,India,Kodakara,,1,60.0
10.367048,76.315357,IN,India,Thrissur,,1,30.0
10.339609,76.321746,IN,India,Chalakudy,,1,60.0
10.303102,76.337042,IN,India,Chalakudy,,1,30.0
10.289343,76.337068,IN,India,Chalakkudy,,1,30.0
10.285574,76.342378,IN,India,Chalakkudy,,1,30.0
10.28604,76.558516,IN,India,Athirappilly,,2,30.0
10.214061,76.379367,IN,India,Angamaly,,1,30.0
10.197144,76.38411,IN,India,Angamaly,,2,30.0
10.189753,76.386642,IN,India,Angamaly,,1,50.0
10.169552,76.372256,IN,India,Nedumbassery ,,3,60.0
10.156586,76.391932,IN,India,Nedumbassery ,,2,30.0
10.156868,76.38898,IN,India,Nedumbassery ,,2,30.0
10.159914,76.389158,IN,India,Nedumbassery ,,1,30.0
10.161062,76.385631,IN,India,Nedumbassery ,,1,25.0
10.159295,76.378523,IN,India,Nedumbassery ,,1,30.0
10.145633,76.256904,IN,India,North Paravoor,,3,30.0
10.154913,76.286014,IN,India,Kunnukara,,2,30.0
10.08156,76.339867,IN,India,Choornikkara,,1,30.0
10.077284,76.337641,IN,India,Kochi,,1,60.0
10.040434,76.338524,IN,India,Kalamassery,,1,30.0
10.05377,76.330868,IN,India,Kalamassery,,4,30.0
10.052459,76.314656,IN,India,Kalamassery,,3,30.0
10.027761,76.311174,IN,India,Edappally,,2,30.0
10.000241,76.29843,IN,India,Kaloor,,4,30.0
9.974193,76.293682,IN,India,Kochi,,4,30.0
9.985005,76.316065,IN,India,Thammanam,,1,30.0
9.971685,76.32416,IN,India,Vyttila,,1,30.0
9.962668,76.318214,IN,India,Vyttila,,1,60.0
9.962902,76.319221,IN,India,Vyttila,,4,30.0
9.948135,76.318502,IN,India,Maradu,,1,60.0
9.940155,76.318418,IN,India,Maradu,,2,30.0
9.942225,76.333885,IN,India,Maradu,,2,30.0
10.088032,76.389042,IN,India,Aluva,,3,30.0
9.932546,76.388294,IN,India,Thrippunithara,,1,30.0
9.932988,76.388736,IN,India,Thrippunithara,,3,60.0
10.001802,76.361518,IN,India,Kakkanad,,2,60.0
10.026022,76.391996,IN,India,Pallikkara,,3,60.0
10.031937,76.407493,IN,India,Kizhakkambalam,,2,30.0
10.130171,76.47072,IN,India,Perumbavoor ,,1,30.0
10.06947,76.60263,IN,India,Kothamangalam,,1,60.0
10.053981,76.615384,IN,India,Kothamangalam,,4,30.0
9.979469,76.550678,IN,India,Muvattupuzha,,1,30.0
9.978863,76.58444,IN,India,Moovattupuzha,,3,60.0
9.979118,76.58664,IN,India,Moovattupuzha,,2,30.0
9.946157,76.635631,IN,India,Thodupuzha,,1,60.0
9.917341,76.687581,IN,India,Thodupuzha,,2,30.0
9.892123,76.708531,IN,India,Thodupuzha,,4,30.0
9.863114,76.697091,IN,India,Karimkunnam,,2,30.0
9.856563,76.59657,IN,India,Koothattukulam,,3,30.0
9.798851,76.459887,IN,India,Thalayolaparambu,,2,30.0
9.594581,76.426069,IN,India,Kumarakom,,2,30.0
8.502329,76.897726,IN,India,Kochuveli,,1,24.0
8.357874,77.072945,IN,India,Thiruvananthapuram ,,1,40.0
8.494975,76.977568,IN,India,Poojappura,,1,60.0
8.548542,76.918293,IN,India,Sreekaryam,,2,30.0
8.56082,76.898165,IN,India,Karyavattom,,1,30.0
8.5653,76.874447,IN,India,Kazhakuttom,,2,30.0
9.78917,76.853857,IN,India,Moolamattom,,4,30.0
35.87006,-78.851426,US,United States,Roxboro,,1,0.0
35.870189,-78.851142,US,United States,Durham,,1,0.0
35.870043,-78.851126,US,United States,Archdale,,1,0.0
40.094324,-75.308399,US,United States,Conshohocken,,1,350.0
40.130576,-74.923374,US,United States,Bensalem,,2,400.0
40.19879,-74.864069,US,United States,Yardley,,1,350.0
37.0,-109.0,US,United States,Monticello,,1,300.0
36.0,-111.0,US,United States,Kayenta,,1,250.0
36.292252,-76.296933,US,United States,North Carolina,,2,60.0
39.612788,-77.420161,US,United States,Thurmont,,2,125.0
33.537597,-84.575663,US,United States,Fairburn,,2,160.0
30.871711,-88.046323,US,United States,Satsuma,,1,350.0
34.928952,-89.794427,US,United States,Olive Branch,,1,350.0
42.30325,-83.702591,US,United States,Ann Arbor ,,1,6.6
38.685817,-109.691307,US,United States,Moab,,1,3.7
32.797258,-116.932679,US,United States,El Cajon,,2,0.0
32.797244,-116.932742,US,United States,California,,2,0.0
37.926731,-120.44725,US,United States,Jamestown,,1,11.5
44.430648,-86.1276,US,United States,Bear Lake,,2,400.0
42.05077,-124.25878,US,United States,Harbor,,1,12.0
28.673281,-81.511647,US,United States,Apopka,,9,180.0
40.537367,-105.079704,US,United States,Fort Collins,,1,0.0
37.640009,-77.572125,US,United States,Richmond,,1,0.0
37.640051,-77.573139,US,United States,Richmond,,1,0.0
35.981006,-78.542503,US,United States,Wake Forest,,1,0.0
37.333636,-79.190787,US,United States,Lynchburg,,1,0.0
34.791852,-77.410533,US,United States,Jacksonville,,1,0.0
36.596358,-79.406836,US,United States,Danville,,1,0.0
42.282861,-71.643641,US,United States,Westborough,,1,120.0
42.241034,-83.743014,US,United States,Ann Arbor,,2,400.0
45.025202,-84.683424,US,United States,Gaylord,,1,400.0
38.556456,-121.335245,US,United States,Sacramento,,1,325.0
47.622841,-122.331251,US,United States,Seattle,,1,6.7
40.802486,-89.574303,US,United States,Peoria,,1,0.0
36.198859,-119.087092,US,United States,Lindsay,,1,350.0
45.572412,-122.554707,US,United States,Portland,,1,350.0
38.662967,-121.739804,US,United States,Woodland,,1,325.0
38.54725,-121.453541,US,United States,Sacramento,,1,325.0
33.669322,-117.918468,US,United States,Costa Mesa,,1,325.0
47.62734,-122.31677,US,United States,Seattle,,1,6.7
45.049147,-122.974883,US,United States,Salem,,1,350.0
31.142259,-87.06912,US,United States,Brewton,,2,0.0
38.781836,-121.285954,US,United States,Roseville,,1,350.0
47.646694,-121.915585,US,United States,Carnation,,2,200.0
36.023183,-84.000095,US,United States,Knoxville,,2,62.0
43.022925,-71.076635,US,United States,Epping,,2,125.0
39.35416,-76.758216,US,United States,Windsor Mill,,1,350.0
42.2996,-89.621082,US,United States,Freeport,,1,160.0
38.597408,-121.26422,US,United States,Rancho Cordova,,1,350.0
38.629915,-121.214315,US,United States,Rancho Cordova,,1,350.0
37.361318,-120.602902,US,United States,Atwater,,2,400.0
38.664958,-121.243984,US,United States,Fair Oaks,,2,400.0
38.897385,-121.322118,US,United States,Lincoln,,1,400.0
38.74073,-121.169716,US,United States,Granite Bay,,2,400.0
38.67616,-121.19867,US,United States,Folsom,,2,400.0
38.547904,-121.396178,US,United States,Sacramento,,2,400.0
35.135586,-116.213129,US,United States,Baker,,1,360.0
29.77006,-95.404539,US,United States,Houston,,1,360.0
38.503859,-122.469417,US,United States,St Helena,,2,325.0
43.057133,-85.957274,US,United States,Coopersville,,1,240.0
39.613382,-119.265492,US,United States,Fernley,,1,400.0
30.505839,-99.776324,US,United States,Junction,,1,350.0
39.99581,-81.573883,US,United States,Cambridge,,2,400.0
30.01457,-97.862538,US,United States,Kyle,,1,350.0
32.936405,-117.035236,US,United States,Poway,,1,350.0
32.753357,-117.217793,US,United States,San Diego,,1,200.0
38.589537,-121.552744,US,United States,West Sacramento,,1,350.0
38.588574,-121.549853,US,United States,West Sacramento,,1,400.0
33.925097,-117.805247,US,United States,Brea,,2,16.7
40.508896,-111.99946,US,United States,Riverton,,2,400.0
33.994992,-83.335263,US,United States,Athens,,2,400.0
41.348597,-72.869544,US,United States,North Haven,,2,400.0
42.175087,-72.642216,US,United States,Holyoke,,2,400.0
34.059,-84.380914,US,United States,Roswell,,2,400.0
32.506559,-86.213225,US,United States,Wetumpka,,2,400.0
39.065591,-104.85333,US,United States,Monument,,2,400.0
36.108877,-115.063283,US,United States,Las Vegas,,2,0.0
44.046147,-123.170238,US,United States,Eugene,,2,0.0
43.669612,-116.282539,US,United States,Garden City,,2,0.0
43.588735,-116.400971,US,United States,Meridian,,2,0.0
44.354412,-106.684411,US,United States,Buffalo,,1,250.0
40.24336,-74.293292,US,United States,Freehold,,2,0.0
48.231472,-114.32738,US,United States,Kalispell,,2,0.0
33.786034,-117.892734,US,United States,Orange,,2,300.0
36.016917,-87.333539,US,United States,Dickson,,2,400.0
33.496338,-82.079977,US,United States,Augusta,,2,400.0
42.956352,-71.434621,US,United States,Manchester,,2,400.0
34.071984,-84.274726,US,United States,Alpharetta,,2,400.0
43.525615,-70.445946,US,United States,Saco,,2,400.0
41.292864,-72.533214,US,United States,Clinton,,2,400.0
33.574571,-84.371117,US,United States,Jonesboro,,2,400.0
42.153394,-76.878794,US,United States,Elmira Heights,,2,400.0
33.653517,-84.00261,US,United States,Conyers,,2,400.0
38.292322,-77.511561,US,United States,Fredericksburg,,2,400.0
42.279069,-83.421235,US,United States,Wayne,,1,160.0
42.598925,-71.34652,US,United States,Chelmsford,,1,120.0
42.228542,-71.017514,US,United States,Quincy,,1,120.0
45.656374,-68.690026,US,United States,Millinocket,,1,150.0
42.220701,-71.030235,US,United States,Braintree,,2,400.0
45.656393,-68.690056,US,United States,Millinocket,,2,150.0
33.804146,-118.191149,US,United States,Long Beach,,1,350.0
40.218746,-79.610429,US,United States,New Stanton,,2,400.0
41.471193,-87.018171,US,United States,Valparaiso,,1,150.0
44.846927,-74.318013,US,United States,Malone,,1,320.0
42.157305,-71.007905,US,United States,Holbrook,,1,120.0
42.592845,-86.211318,US,United States,Fennville,,1,160.0
41.854773,-71.239153,US,United States,Rehoboth,,1,120.0
41.600154,-87.58869,US,United States,South Holland,,1,150.0
33.577541,-101.951216,US,United States,Lubbock,,1,200.0
32.920964,-96.966442,US,United States,Irving,,2,400.0
42.328625,-83.062224,US,United States,Detroit,,1,7.4
38.925354,-77.037931,US,United States,Washington,,1,6.6
43.66071,-70.247212,US,United States,Portland,,1,7.6
42.290009,-71.062543,US,United States,Boston,,1,7.6
42.375168,-71.061737,US,United States,Boston,,1,7.6
42.345299,-71.089338,US,United States,Boston,,1,7.6
42.32318,-71.105282,US,United States,Boston,,1,7.6
42.312182,-71.099403,US,United States,Boston,,1,7.6
42.2935,-71.121373,US,United States,Boston,,1,7.6
42.271937,-71.064919,US,United States,Boston,,1,7.6
41.49839,-74.011976,US,United States,Newburgh,,1,4.6
41.496772,-74.011537,US,United States,Newburgh,,1,7.6
34.062698,-118.304238,US,United States,Los Angeles,,1,7.6
37.770109,-122.4303,US,United States,San Francisco,,1,7.6
42.323854,-83.065727,US,United States,Detroit,,1,7.6
42.319865,-88.957191,US,United States,Illinois,,2,250.0
29.981792,-95.280999,US,United States,Humble,,2,8.0
44.402617,-72.022557,US,United States,St Johnsbury,,2,400.0
41.723807,-87.798126,US,United States,Bridgeview,,1,350.0
43.610893,-70.360567,US,United States,Scarborough,,1,19.2
40.982368,-111.908905,US,United States,Farmington,,2,400.0
33.856246,-84.59532,US,United States,Austell,,2,400.0
33.356182,-84.122326,US,United States,Locust Grove,,2,400.0
39.229391,-77.285279,US,United States,Clarksburg,,1,400.0
26.455835,-80.190705,US,United States,Delray Beach,,2,400.0
42.153835,-71.20426,US,United States,Walpole,,1,350.0
42.764544,-84.51703,US,United States,Lansing,,2,400.0
35.480004,-80.873706,US,United States,Cornelius,,1,0.0
27.638765,-80.511077,US,United States,Vero Beach,,2,400.0
30.285182,-81.983594,US,United States,Baldwin,,2,400.0
33.552514,-83.474832,US,United States,MADISON,,2,400.0
41.662705,-88.125981,US,United States,Bolingbrook,,1,150.0
30.793521,-81.66591,US,United States,Kingsland,,2,400.0
37.387887,-120.737757,US,United States,Livingston,,2,400.0
38.557941,-121.539005,US,United States,WEST SACRAMENTO,,2,400.0
41.999729,-87.883233,US,United States,Des Plaines,,3,400.0
26.092238,-80.135527,US,United States,Ft Lauderdale,,2,400.0
36.679039,-121.640559,US,United States,Salinas,,2,180.0
27.937082,-82.280368,US,United States,Brandon,,1,150.0
37.636267,-122.055594,US,United States,Hayward,,2,400.0
38.619021,-121.267584,US,United States,Rancho Cordova,,2,400.0
32.811586,-111.67015,US,United States,Eloy,,2,400.0
31.660738,-106.241822,US,United States,El Paso,,2,400.0
39.761168,-89.606662,US,United States,Springfield,,2,400.0
39.210439,-94.681546,US,United States,MO,,2,400.0
33.855664,-84.599889,US,United States,Austell,,2,400.0
28.236989,-82.349388,US,United States,Wesley Chapel,,2,400.0
42.886331,-72.556289,US,United States,Brattleboro,,2,400.0
29.707687,-98.656796,US,United States,Boerne,,2,400.0
34.969905,-80.994058,US,United States,Rock Hill,,2,400.0
30.334313,-81.602673,US,United States,Jacksonville,,2,400.0
28.654807,-81.222981,US,United States,Oviedo,,2,400.0
27.499088,-82.508489,US,United States,Bradenton,,2,400.0
34.189102,-79.826071,US,United States,Florence,,2,400.0
42.006518,-88.145025,US,United States,Hanover Park,,2,400.0
42.355152,-88.267706,US,United States,McHenry,,2,400.0
32.918747,-85.116595,US,United States,West Point,,2,400.0
31.490357,-97.17034,US,United States,Waco,,2,400.0
43.576234,-89.781031,US,United States,Lake Delton,,2,400.0
41.81735,-72.863575,US,United States,Simsbury,,2,400.0
31.23113,-81.499954,US,United States,Brunswick,,2,400.0
36.810905,-97.336518,US,United States,Blackwell,,2,400.0
39.448012,-87.413228,US,United States,Terre Haute,,2,400.0
31.139911,-81.578783,US,United States,Brunswick,,1,350.0
42.039039,-87.941573,US,United States,Mt Prospect,,2,325.0
40.207986,-74.354321,US,United States,Freehold,,2,400.0
37.758855,-77.47247,US,United States,Ashland,,2,400.0
40.375961,-80.09896,US,United States,Bridgeville,,2,400.0
39.652815,-75.791118,US,United States,Elkton,,2,400.0
39.127146,-77.183848,US,United States,Gaithersburg,,2,400.0
40.364885,-75.915908,US,United States,Reading,,2,400.0
39.533061,-119.71819,US,United States,Sparks,,2,400.0
45.131047,-93.183153,US,United States,Blaine,,2,400.0
44.964025,-92.961543,US,United States,Oakdale,,2,400.0
45.182659,-93.11221,US,United States,Lino Lakes,,2,400.0
26.027766,-80.143363,US,United States,Hollywood,,2,400.0
32.723177,-96.832766,US,United States,Dallas,,1,350.0
40.674824,-111.8681,US,United States,Salt Lake City,,1,350.0
34.105754,-117.905652,US,United States,Covina,,1,350.0
34.102378,-117.299551,US,United States,San Bernardino,,1,350.0
40.716308,-73.995131,US,United States,NY,,3,0.0
29.80359,-82.527095,US,United States,Alachua,,1,325.0
44.936717,-95.727421,US,United States,Montevideo,,2,180.0
39.568981,-104.873943,US,United States,Centennial,,1,0.0
34.494067,-118.620004,US,United States,Castaic,,1,350.0
38.651175,-121.327346,US,United States,Carmichael,,1,350.0
34.094984,-118.124109,US,United States,Alhambra,,2,180.0
38.83388,-104.82136,US,United States,Henderson,,2,11.5
38.801658,-77.588536,US,United States,Gainesville,,2,400.0
30.641651,-83.189592,US,United States,Lake Park,,1,350.0
32.444095,-93.980529,US,United States,Greenwood,,1,350.0
39.9728,-83.099285,US,United States,Columbus,,1,350.0
36.02222,-87.340847,US,United States,Dickson,,1,350.0
37.948648,-122.508479,US,United States,Larkspur,,2,400.0
32.342681,-90.83584,US,United States,Vicksburg,,1,9.0
34.918035,-95.741746,US,United States,McAlester,,2,400.0
32.763667,-96.896747,US,United States,Dallas,,2,400.0
32.84159,-97.247466,US,United States,North Richland Hills,,2,400.0
32.576722,-97.337525,US,United States,Crowley,,2,400.0
33.392183,-111.698548,US,United States,Mesa,,2,400.0
33.383381,-111.599292,US,United States,Mesa,,2,400.0
33.414045,-111.573816,US,United States,Apache Junction,,2,400.0
37.238892,-121.934318,US,United States,Los Gatos,,2,0.0
29.83271,-95.566365,US,United States,Houston,,2,10.0
33.383651,-111.740718,US,United States,Mesa,,2,400.0
48.801526,-122.484284,US,United States,Bellingham,,2,0.0
32.741947,-117.052819,US,United States,San Diego,,2,0.0
32.753889,-97.433044,US,United States,Westworth Village,,2,400.0
33.249816,-111.630071,US,United States,Queen Creek,,2,400.0
38.350952,-121.95072,US,United States,Vacaville,,2,0.0
38.362479,-121.959962,US,United States,Vacaville,,2,0.0
33.357154,-84.121372,US,United States,Locust Grove,,2,400.0
28.00085,-81.958213,US,United States,Lakeland,,2,400.0
33.9772,-118.187294,US,United States,Bell,,1,62.0
45.779047,-84.732473,US,United States,Mackinaw City,,1,320.0
32.922536,-96.839546,US,United States,Dallas,,2,400.0
32.992169,-96.573714,US,United States,Sachse,,2,400.0
35.188702,-84.883977,US,United States,Cleveland,,2,640.0
34.177514,-118.465876,US,United States,Van Nuys,,1,60.0
41.696265,-73.897668,US,United States,Arlington,,1,74.0
38.685504,-121.338632,US,United States,Sacramento,,1,350.0
38.496453,-121.439925,US,United States,Sacramento,,1,350.0
38.091138,-122.556111,US,United States,Novato,,2,400.0
35.077154,-78.961961,US,United States,Fayetteville,,1,11.5
35.905196,-79.954553,US,United States,Randolph County,,1,11.5
34.247127,-77.871858,US,United States,Wilmington,,1,11.5
36.068625,-80.306905,US,United States,Winston-Salem,,1,11.5
36.072182,-79.959769,US,United States,Greensboro,,1,11.5
42.240788,-87.955789,US,United States,Vernon Hills,,2,400.0
38.819736,-91.14319,US,United States,Warrenton,,2,400.0
43.852988,-84.024716,US,United States,Pinconning,,1,240.0
38.676086,-121.749111,US,United States,Woodland,,1,120.0
37.415328,-122.076575,US,United States,Lakewood,,1,13.3
40.686067,-84.128768,US,United States,Lima,,2,400.0
40.435361,-84.380636,US,United States,Ohio,,1,18.0
30.220283,-81.576083,US,United States,Jacksonville,,2,400.0
45.125219,-93.359046,US,United States,Brooklyn Park,,2,400.0
35.53049,-108.761835,US,United States,Gallup,,2,400.0
40.96011,-117.73591,US,United States,Winnemucca,,2,400.0
41.663778,-77.823307,US,United States,Coudersport,,1,11.0
37.109517,-121.015088,US,United States,Santa Nella,,2,400.0
38.116572,-121.394112,US,United States,Lodi,,1,350.0
38.752852,-121.36243,US,United States,Roseville,,1,350.0
47.244993,-122.459361,US,United States,Tacoma,,1,11.5
38.67636,-121.198803,US,United States,Folsom,,1,350.0
47.245001,-122.459206,US,United States,Tacoma,,1,0.0
33.120284,-95.631117,US,United States,Sulphur Springs,,2,400.0
39.629866,-77.782336,US,United States,Hagerstown,,1,350.0
41.101722,-100.726567,US,United States,North Platte,,1,350.0
32.54526,-93.515579,US,United States,Haughton,,1,350.0
37.855777,-121.276784,US,United States,Lathrop,,1,350.0
30.107467,-96.047518,US,United States,Hempstead,,1,350.0
37.310953,-77.391572,US,United States,Colonial Heights,,1,350.0
41.235164,-95.878523,US,United States,Council Bluffs,,1,350.0
35.236003,-102.428257,US,United States,Vega,,1,350.0
41.48022,-88.079069,US,United States,Joliet,,1,350.0
39.693387,-86.190262,US,United States,Indianapolis,,1,350.0
41.422818,-112.051723,US,United States,Willard,,1,350.0
45.371473,-94.731035,US,United States,Paynesville,,1,180.0
40.67216,-73.511805,US,United States,Wantagh,,1,180.0
37.756393,-121.142927,US,United States,Ripon,,1,350.0
41.369876,-88.449159,US,United States,Morris,,1,3.7
41.37033,-88.487161,US,United States,Morris,,1,3.7
36.591232,-121.879068,US,United States,Monterey,,1,0.0
36.591677,-121.878556,US,United States,Monterey,,1,9.0
37.673751,-77.461512,US,United States,Glen Allen,,1,350.0
32.241598,-110.940147,US,United States,Tucson,,1,11.5
37.966383,-86.766825,US,United States,Tell City,,1,0.0
41.117117,-81.484044,US,United States,Akron,,2,11.5
37.80448,-122.232692,US,United States,Oakland,,1,0.0
37.821713,-122.26181,US,United States,Oakland,,1,0.0
40.678822,-74.012918,US,United States,Brooklyn,,2,0.0
40.805271,-73.909437,US,United States,Bronx,,2,0.0
40.73068,-73.919375,US,United States,Maspeth,,2,0.0
40.768612,-73.879842,US,United States,East Elmhurst,,1,0.0
43.047958,-88.258415,US,United States,Pewaukee,,2,350.0
43.783912,-88.480453,US,United States,Fond Du Lac,,2,350.0
38.54728,-121.396885,US,United States,Sacramento,,1,350.0
38.596479,-121.395294,US,United States,Sacramento,,1,350.0
36.313287,-119.673263,US,United States,Hanford,,1,350.0
37.768127,-122.23734,US,United States,Alameda,,1,7.6
38.86281,-121.950552,US,United States,Dunnigan,,1,350.0
40.074606,-75.685823,US,United States,Chester Springs,,2,400.0
41.928498,-83.354535,US,United States,Monroe,,1,325.0
42.983932,-82.538377,US,United States,Kimball,,1,160.0
42.676279,-83.034481,US,United States,Shelby Township,,1,160.0
43.116134,-72.866202,US,United States,Winhall,,2,400.0
38.674851,-121.275923,US,United States,Citrus Heights,,1,350.0
37.378597,-121.901877,US,United States,San Jose,,1,320.0
37.261742,-121.878938,US,United States,San Jose,,2,400.0
37.239584,-121.851095,US,United States,San Jose,,2,400.0
64.835344,-147.817691,US,United States,Fairbanks,,1,325.0
64.563242,-149.098559,US,United States,Nenana,,1,325.0
33.616983,-84.396426,US,United States,Forest Park,,2,400.0
42.257424,-71.822459,US,United States,Worcester,,1,120.0
41.324463,-87.807722,US,United States,Peotone,,1,180.0
42.26915,-88.969374,US,United States,Rockford,,1,160.0
42.680846,-86.172175,US,United States,Saugatuck,,1,160.0
41.916141,-83.417236,US,United States,Monroe,,2,240.0
43.408177,-84.665847,US,United States,Alma,,2,320.0
43.002606,-83.738119,US,United States,Flint,,2,320.0
39.368368,-94.369804,US,United States,Kearney,,2,400.0
36.275838,-115.178594,US,United States,North Las Vegas,,2,400.0
34.676329,-92.409606,US,United States,Little Rock,,2,400.0
37.615519,-81.115311,US,United States,Ghent,,1,325.0
40.567942,-122.37103,US,United States,Redding,,1,350.0
38.617936,-121.346664,US,United States,Carmichael,,1,350.0
42.285267,-83.437778,US,United States,Canton,,2,350.0
35.252041,-112.18159,US,United States,Williams,,1,0.0
43.114815,-70.730333,US,United States,Kittery,,2,400.0
42.28022,-122.821613,US,United States,Phoenix,,2,400.0
45.816385,-122.69038,US,United States,Ridgefield,,2,400.0
28.72571,-100.458816,US,United States,Eagle Pass,,1,60.0
42.255971,-83.272779,US,United States,Taylor,,1,240.0
42.227455,-75.5258,US,United States,Afton,,1,350.0
38.015044,-122.272007,US,United States,Hercules,,1,350.0
34.493404,-89.010776,US,United States,New Albany,,2,200.0
43.575245,-89.777475,US,United States,Lake Delton,,2,400.0
28.431033,-81.453167,US,United States, Orlando,,1,240.0
40.718739,-116.108376,US,United States,Carlin,,2,400.0
42.518282,-71.095101,US,United States,Reading,,2,400.0
27.928343,-82.788357,US,United States,Largo,,2,400.0
41.097332,-114.958419,US,United States,Wells,,1,350.0
41.140619,-80.718733,US,United States,Girard,,1,350.0
39.63775,-75.806653,US,United States,Elkton,,1,350.0
38.966819,-78.4386,US,United States,Toms Brook,,1,350.0
34.710299,-82.498092,US,United States,Piedmont,,1,350.0
47.30259,-122.226228,US,United States,Auburn,,1,200.0
47.435666,-122.296757,US,United States,Seatac,,1,200.0
40.871468,-73.626123,US,United States,Glen Cove,,1,192.0
46.592224,-89.572313,US,United States,Bergland,,1,10.0
38.475612,-121.418574,US,United States,Sacramento,,2,400.0
38.694617,-121.361198,US,United States,Sacramento,,1,350.0
39.985482,-83.003908,US,United States,Columbus,,3,0.0
38.954894,-94.785492,US,United States,Lenexa ,,1,12.0
38.958988,-94.741545,US,United States,Lenexa,,1,10.0
63.38746,-148.904668,US,United States,Cantwell,,3,325.0
62.313713,-150.231053,US,United States,Trapper Creek,,2,50.0
61.572981,-149.381226,US,United States,Wasilla,,1,50.0
61.17119,-149.861824,US,United States,Anchorage,,1,3.7
48.84709,-95.775256,US,United States,Roseau,,1,3.7
48.846809,-95.763441,US,United States,Roseau,,1,3.7
48.785918,-122.527803,US,United States,Bellingham,,1,3.7
48.775966,-122.497084,US,United States,Bellingham,,1,3.7
48.766721,-122.463845,US,United States,Bellingham,,1,3.7
48.75788,-122.496,US,United States,Bellingham,,1,3.7
48.757063,-122.452151,US,United States,Bellingham,,1,50.0
48.714802,-122.475942,US,United States,Bellingham,,1,3.7
48.649991,-118.709817,US,United States,Republic,,3,50.0
48.60597,-118.05346,US,United States,Kettle Falls,,1,3.7
48.60269,-118.0557,US,United States,Kettle Falls,,1,3.7
48.556899,-117.921954,US,United States,Colville,,3,50.0
48.51871,-116.9273,US,United States,Priest River,,1,3.7
48.466127,-122.343998,US,United States,Burlington,,1,3.7
48.456783,-122.330527,US,United States,Burlington,,1,3.7
48.363021,-119.583597,US,United States,Okanogan,,3,50.0
48.343837,-117.272399,US,United States,Cusick,,1,3.7
48.312684,-116.54739,US,United States,Ponderay,,1,3.7
48.301831,-118.198289,US,United States,Inchelium,,1,3.7
48.182348,-117.049175,US,United States,Newport,,3,50.0
48.14742,-122.16299,US,United States,Arlington,,1,3.7
48.085817,-123.101359,US,United States,Sequim,,1,3.7
48.064967,-122.282989,US,United States,Tulalip,,1,3.7
47.950092,-124.385077,US,United States,Forks,,1,3.7
47.918037,-122.229865,US,United States,Everett,,1,3.7
47.830095,-110.663272,US,United States,Fort Benton,,1,3.7
47.821887,-122.30964,US,United States,Lynnwood,,1,3.7
47.810157,-122.540887,US,United States,Kingston,,3,50.0
47.772832,-122.185023,US,United States,Bothell,,1,3.7
47.761303,-122.175434,US,United States,Bothell,,2,50.0
47.75837,-122.24712,US,United States,Kenmore,,2,50.0
47.752708,-117.419405,US,United States,Spokane,,1,3.7
47.748631,-122.359424,US,United States,Shoreline,,1,3.7
47.74177,-93.65584,US,United States,Bigfork,,2,50.0
47.740818,-124.413315,US,United States,Forks,,1,3.7
47.718848,-117.431903,US,United States,Spokane,,1,3.7
47.717977,-122.180936,US,United States,Kirkland,,1,3.7
47.717487,-117.437103,US,United States,Spokane,,1,50.0
47.704831,-122.156866,US,United States,Redmond,,1,3.7
47.704142,-122.211955,US,United States,Kirkland,,1,3.7
47.699499,-117.437352,US,United States,Spokane,,1,3.7
47.690965,-122.354287,US,United States,Seattle,,1,3.7
47.672699,-117.111742,US,United States,Liberty Lake,,1,3.7
47.664469,-117.412087,US,United States,Spokane,,1,3.7
47.659531,-117.564464,US,United States,AIRWAY HEIGHTS,,1,3.7
47.658394,-117.402446,US,United States,Spokane,,1,3.7
47.657041,-117.367283,US,United States,Spokane,,1,3.7
47.655073,-117.570206,US,United States,AIRWAY HEIGHTS,,1,3.7
47.653207,-117.566369,US,United States,AIRWAY HEIGHTS,,1,3.7
47.65012,-122.13915,US,United States,Redmond,,1,3.7
47.635666,-122.053212,US,United States,Sammamish,,1,3.7
47.630586,-117.368447,US,United States,Spokane,,1,50.0
47.626235,-122.322031,US,United States,Seattle,,1,3.7
47.624522,-122.51897,US,United States,Bainbridge Island,,1,3.7
47.619981,-122.360278,US,United States,Seattle,,1,3.7
47.618554,-122.195041,US,United States,Bellevue,,1,3.7
47.61343,-122.322494,US,United States,Seattle,,1,3.7
47.613106,-122.197548,US,United States,Bellevue,,1,3.7
47.607943,-122.338246,US,United States,Seattle,,1,3.7
47.606818,-117.357525,US,United States,Spokane,,1,3.7
47.606408,-117.355755,US,United States,Spokane,,1,3.7
47.605927,-117.354783,US,United States,Spokane,,1,3.7
47.581098,-122.132018,US,United States,Bellevue,,1,3.7
47.577639,-122.166601,US,United States,Bellevue,,1,3.7
47.558338,-122.675791,US,United States,Bremerton,,2,50.0
47.556565,-122.386442,US,United States,Seattle,,1,3.7
47.533373,-122.595518,US,United States,Port Orchard,,3,50.0
47.532029,-122.337534,US,United States,Seattle,,1,50.0
47.529972,-122.025196,US,United States,Issaquah,,1,3.7
47.528206,-121.870253,US,United States,Snoqualmie,,1,3.7
47.513024,-111.313721,US,United States,Great Falls,,1,3.7
47.499601,-122.17889,US,United States,Renton,,1,3.7
47.472476,-122.234621,US,United States,Renton,,1,3.7
47.469771,-122.219579,US,United States,Renton,,1,3.7
47.469185,-122.221951,US,United States,Renton,,1,3.7
47.469109,-122.22079,US,United States,Renton,,2,50.0
47.447123,-122.459256,US,United States,Vashon,,1,3.7
47.423284,-120.306191,US,United States,Wenatchee,,1,3.7
47.423261,-120.306256,US,United States,Wenatchee,,1,3.7
47.315916,-122.224106,US,United States,Auburn,,1,50.0
47.291397,-122.32034,US,United States,Federal Way,,1,3.7
47.28129,-122.558649,US,United States,Gig Harbor,,1,3.7
47.28096,-122.558699,US,United States,Gig Harbor,,1,3.7
47.260034,-122.434402,US,United States,Tacoma,,1,3.7
47.245779,-122.525831,US,United States,Tacoma,,1,3.7
47.238028,-122.429351,US,United States,Tacoma,,1,3.7
47.197618,-122.294162,US,United States,Puyallup,,1,50.0
47.184003,-122.255385,US,United States,Puyallup,,1,3.7
47.166854,-122.128114,US,United States,Bonney Lake,,1,3.7
47.158693,-122.293656,US,United States,Puyallup,,1,50.0
47.126147,-88.590481,US,United States,Hancock,,1,50.0
47.114268,-118.366138,US,United States,Ritzville,,1,3.7
47.11379,-118.365959,US,United States,Ritzville,,2,50.0
47.068947,-122.41667,US,United States,Spanaway,,1,3.7
47.009753,-91.710436,US,United States,Two Harbors,,1,50.0
46.952654,-123.803684,US,United States,Aberdeen,,1,3.7
46.92447,-92.91449,US,United States,Floodwood,,1,50.0
46.918701,-96.825058,US,United States,Fargo,,1,3.7
46.91337,-98.00726,US,United States,Valley City,,1,180.0
46.886248,-124.123109,US,United States,Westport,,1,3.7
46.857732,-122.84908,US,United States,Tenino,,1,3.7
46.856719,-122.85292,US,United States,Tenino,,1,3.7
46.853667,-96.857211,US,United States,Fargo,,1,3.7
46.849206,-96.748955,US,United States,Moorhead,,2,50.0
46.845888,-122.87512,US,United States,Tenino,,2,50.0
46.835571,-114.044658,US,United States,Missoula,,1,50.0
46.835499,-114.044471,US,United States,Missoula,,1,50.0
46.833189,-96.845284,US,United States,Fargo,,1,50.0
46.829393,-96.837719,US,United States,Fargo,,1,50.0
46.76276,-92.13058,US,United States,Duluth,,2,50.0
46.760703,-117.17319,US,United States,Pullman,,1,3.7
46.7032,-92.103348,US,United States,Superior,,1,50.0
46.64526,-122.95333,US,United States,Chehalis,,1,50.0
46.603831,-120.500562,US,United States,Yakima,,1,50.0
46.603217,-120.500232,US,United States,Yakima,,1,3.7
46.582897,-120.574646,US,United States,Yakima,,1,3.7
46.581636,-87.384149,US,United States,Marquette,,2,50.0
46.562104,-120.496045,US,United States,Union Gap,,1,50.0
46.550349,-91.575488,US,United States,Brule,,1,50.0
46.48181,-93.95008,US,United States,Crosby,,2,50.0
46.45208,-84.60127,US,United States,Brimley,,1,3.7
46.400818,-116.992275,US,United States,Lewiston,,1,3.7
46.365289,-119.280012,US,United States,Richland,,1,3.7
46.352983,-119.28209,US,United States,Richland,,1,3.7
46.350133,-119.280711,US,United States,Richland,,1,3.7
46.3491,-119.281633,US,United States,Richland,,1,3.7
46.348558,-119.28121,US,United States,Richland,,1,1.9
46.344459,-119.276454,US,United States,Richland,,1,1.9
46.338308,-119.269278,US,United States,Richland,,1,3.7
46.32971,-119.282296,US,United States,Richland,,3,50.0
46.27586,-119.27605,US,United States,Richland,,3,50.0
46.26311,-119.25227,US,United States,Richland,,1,3.7
46.259456,-119.311485,US,United States,Richland,,2,50.0
46.234523,-119.224959,US,United States,Richland,,1,3.7
46.234518,-119.234299,US,United States,Richland,,3,50.0
46.225375,-119.117741,US,United States,Pasco,,1,3.7
46.223571,-119.2052,US,United States,Kennewick,,1,3.7
46.211882,-119.177569,US,United States,Kennewick,,2,50.0
46.176854,-119.18505,US,United States,Kennewick,,1,3.7
46.176532,-119.185521,US,United States,Kennewick,,1,3.7
46.102077,-123.20109,US,United States,Clatskanie,,1,3.7
46.077246,-94.352547,US,United States,Little Falls,,1,3.7
46.071952,-118.330888,US,United States,Walla Walla,,1,3.7
46.07057,-118.33551,US,United States,Walla Walla,,1,3.7
46.041947,-118.388992,US,United States,College Place,,1,3.7
45.97629,-94.84961,US,United States,Long Prairie,,2,50.0
45.857927,-123.54582,US,United States,Seaside,,1,3.7
45.846938,-122.700172,US,United States,Ridgefield,,1,3.7
45.81989,-122.693003,US,United States,Ridgefield,,2,50.0
45.816274,-122.69438,US,United States,Ridgefield,,1,3.7
45.76627,-119.20593,US,United States,Stanfield,,1,50.0
45.720737,-122.662594,US,United States,Vancouver,,1,3.7
45.717808,-111.073401,US,United States,Bozeman,,1,3.7
45.709042,-111.063349,US,United States,Bozeman,,3,50.0
45.706192,-122.649116,US,United States,Vancouver,,1,3.7
45.688554,-123.883685,US,United States,Wheeler,,1,3.7
45.688311,-123.88388,US,United States,Wheeler,,1,3.7
45.684134,-122.625365,US,United States,Vancouver,,1,3.7
45.664999,-121.8964,US,United States,Cascade Locks,,2,50.0
45.662605,-122.661779,US,United States,Vancouver,,1,3.7
45.650766,-122.667725,US,United States,Vancouver,,1,3.7
45.637126,-122.600435,US,United States,Vancouver,,1,50.0
45.632994,-89.431294,US,United States,Rhinelander,,2,50.0
45.632913,-89.431305,US,United States,Rhinelander,,2,50.0
45.632629,-122.535748,US,United States,Vancouver,,1,3.7
45.62256,-122.674728,US,United States,Vancouver,,1,3.7
45.605705,-122.471396,US,United States,Camas,,1,3.7
45.603935,-122.471441,US,United States,Camas,,1,3.7
45.596561,-122.975536,US,United States,North Plains,,2,50.0
45.592797,-95.919793,US,United States,Morris,,1,50.0
45.575471,-117.53646,US,United States,Wallowa,,1,3.7
45.571778,-122.709628,US,United States,Portland,,2,50.0
45.57069,-122.70989,US,United States,Portland,,1,3.7
45.55721,-122.706968,US,United States,Portland,,1,3.7
45.553198,-122.489145,US,United States,Portland,,1,3.7
45.553014,-122.489241,US,United States,Portland,,1,3.7
45.547777,-94.202733,US,United States,St. Cloud,,2,50.0
45.547071,-94.195252,US,United States,St. Cloud,,1,50.0
45.532949,-122.443754,US,United States,Fairview,,1,50.0
45.530339,-122.482257,US,United States,Portland,,1,3.7
45.526698,-122.730326,US,United States,Portland,,1,3.7
45.526681,-122.680736,US,United States,Portland,,1,3.7
45.526472,-122.67382,US,United States,Portland,,1,3.7
45.524268,-122.692851,US,United States,Portland,,1,3.7
45.523643,-122.93163,US,United States,Hillsboro,,1,3.7
45.518587,-123.056427,US,United States,Cornelius,,1,3.7
45.518547,-123.057334,US,United States,Cornelius,,1,3.7
45.517728,-123.055523,US,United States,Cornelius,,1,3.7
45.516495,-123.056685,US,United States,Cornelius,,1,3.7
45.516086,-122.615432,US,United States,Portland,,1,50.0
45.515465,-122.976029,US,United States,Hillsboro,,1,3.7
45.513754,-122.688002,US,United States,Portland,,1,3.7
45.505151,-122.436059,US,United States,Gresham,,1,3.7
45.503835,-122.446054,US,United States,Gresham,,1,3.7
45.501701,-122.43072,US,United States,Gresham,,1,3.7
45.497858,-122.436505,US,United States,Gresham,,1,3.7
45.497153,-122.41654,US,United States,Gresham,,1,3.7
45.46304,-89.69765,US,United States,Tomahawk,,1,3.7
45.455372,-91.107791,US,United States,Ladysmith,,1,50.0
45.452159,-122.625626,US,United States,Milwaukie,,1,3.7
45.44908,-69.589857,US,United States,Greenville,,2,50.0
45.449012,-69.589904,US,United States,Greenville,,2,50.0
45.444989,-122.6298,US,United States,Milwaukie,,1,3.7
45.443184,-122.634454,US,United States,Milwaukie,,1,3.7
45.441545,-122.630656,US,United States,Milwaukie,,1,3.7
45.439893,-122.627426,US,United States,Milwaukie,,1,3.7
45.409639,-87.357059,US,United States,Cedar River,,2,50.0
45.403742,-122.288878,US,United States,Sandy,,1,3.7
45.403094,-122.292819,US,United States,Sandy,,1,3.7
45.40211,-91.828609,US,United States,Barron,,1,3.7
45.400912,-91.829896,US,United States,Barron,,1,3.7
45.398713,-84.890854,US,United States,PETOSKEY,,1,50.0
45.376643,-122.589937,US,United States,Oregon City,,1,3.7
45.367724,-87.952149,US,United States,Wausaukee,,1,50.0
45.367041,-122.808988,US,United States,Tualatin,,1,3.7
45.359056,-122.590397,US,United States,Oregon City,,1,3.7
45.357402,-122.597814,US,United States,Oregon City,,1,3.7
45.354861,-122.605881,US,United States,Oregon City,,1,3.7
45.353883,-122.60059,US,United States,Oregon City,,1,3.7
45.353149,-122.5946,US,United States,Oregon City,,1,3.7
45.352942,-122.598581,US,United States,Oregon City,,1,3.7
45.343508,-122.59522,US,United States,oregon city,,1,3.7
45.332703,-122.598985,US,United States,Oregon City,,1,3.7
45.30456,-122.980558,US,United States,Newberg,,1,3.7
45.30109,-122.983585,US,United States,Newberg,,1,3.7
45.300892,-122.77075,US,United States,Wilsonville,,1,3.7
45.299646,-122.963179,US,United States,Newberg,,1,3.7
45.299315,-122.978587,US,United States,Newberg,,1,3.7
45.299252,-122.977585,US,United States,Newberg,,1,3.7
45.298837,-122.963235,US,United States,Newberg,,1,3.7
45.298134,-122.976389,US,United States,Newberg,,1,3.7
45.297494,-122.978886,US,United States,Newberg,,1,3.7
45.294614,-122.970278,US,United States,Newberg,,1,3.7
45.29459,-122.966784,US,United States,Newberg,,1,3.7
45.292221,-122.965913,US,United States,Newberg,,1,3.7
45.183603,-69.231958,US,United States,Dover-Foxcroft,,1,3.7
45.152697,-122.841036,US,United States,Woodburn,,1,3.7
45.152045,-122.841347,US,United States,Woodburn,,1,3.7
45.148716,-122.851195,US,United States,Woodburn,,1,3.7
45.147549,-122.857976,US,United States,Woodburn,,1,3.7
45.147283,-122.855356,US,United States,Woodburn,,1,3.7
45.145618,-122.858464,US,United States,Woodburn,,1,3.7
45.14283,-122.853543,US,United States,Woodburn,,1,3.7
45.142812,-122.844402,US,United States,Woodburn,,1,3.7
45.140563,-122.845123,US,United States,Woodburn,,1,3.7
45.139483,-122.845109,US,United States,Woodburn,,1,3.7
45.139392,-122.840427,US,United States,Woodburn,,1,3.7
45.138148,-122.857801,US,United States,Woodburn,,1,3.7
45.137162,-122.840815,US,United States,Woodburn,,1,3.7
45.137094,-122.8425,US,United States,Woodburn,,1,3.7
45.136092,-122.846705,US,United States,Woodburn,,1,3.7
45.092732,-93.011026,US,United States,White Bear Lake,,1,3.7
45.092527,-93.432154,US,United States,Maple Grove,,1,50.0
45.090561,-93.006128,US,United States,White Bear Lake,,1,3.7
45.080332,-123.486796,US,United States,Willamina,,1,3.7
45.07951,-93.334205,US,United States,Minneapolis,,2,50.0
45.079457,-123.485109,US,United States,Willamina,,1,3.7
45.076327,-123.486186,US,United States,Willamina,,1,3.7
45.076109,-123.485011,US,United States,Willamina,,1,3.7
45.073472,-123.617667,US,United States,Grand Ronde,,1,3.7
45.073326,-87.6788,US,United States,Marinette,,1,3.7
45.070918,-87.683511,US,United States,Marinette,,1,50.0
45.058001,-123.582033,US,United States,Grand Ronde,,1,3.7
45.019266,-93.246844,US,United States,Minneapolis,,3,50.0
45.015926,-92.994488,US,United States,North Saint Paul,,1,3.7
45.014568,-92.999253,US,United States,North Saint Paul,,1,3.7
45.012829,-122.995735,US,United States,Keizer,,1,50.0
45.009995,-122.788886,US,United States,Silverton,,1,3.7
45.008592,-122.780928,US,United States,Silverton,,1,3.7
45.007965,-122.780626,US,United States,Silverton,,1,3.7
45.006713,-73.45547,US,United States,Champlain,,1,3.7
45.006269,-122.779296,US,United States,Silverton,,1,3.7
45.004207,-122.778711,US,United States,Silverton,,1,3.7
45.003757,-122.779436,US,United States,Silverton,,1,3.7
45.003727,-122.782965,US,United States,Cornelius,,1,3.7
45.002418,-122.791017,US,United States,Silverton,,1,3.7
45.002125,-122.783281,US,United States,Silverton,,1,3.7
44.997825,-122.776837,US,United States,silverton,,1,3.7
44.997067,-93.058587,US,United States,Maplewood,,1,3.7
44.995631,-74.504685,US,United States,Fort Covington,,1,3.7
44.991704,-74.30819,US,United States,Trout River,,1,3.7
44.98867,-93.25712,US,United States,Minneapolis,,1,3.7
44.980847,-74.739981,US,United States,Massena,,1,3.7
44.977356,-92.902584,US,United States,Lake Elmo,,1,3.7
44.976026,-93.272453,US,United States,N/A,,1,3.7
44.972175,-93.448386,US,United States,Minnetonka,,1,50.0
44.963098,-70.639929,US,United States,Rangeley,,2,50.0
44.960802,-92.97372,US,United States,Oakdale,,1,3.7
44.947544,-123.030334,US,United States,Salem,,1,3.7
44.939921,-93.169914,US,United States,St Paul,,1,3.7
44.939559,-93.359223,US,United States,St. Louis Park,,1,3.7
44.939304,-93.357812,US,United States,Minneapolis,,1,3.7
44.938163,-93.042836,US,United States,St Paul,,1,3.7
44.936205,-96.044195,US,United States,Dawson,,1,3.7
44.936171,-123.022679,US,United States,Salem,,1,3.7
44.929495,-122.962572,US,United States,Salem,,1,3.7
44.929448,-92.961895,US,United States,Woodbury,,1,3.7
44.92877,-84.68951,US,United States,Gaylord,,1,3.7
44.919984,-123.316046,US,United States,Dallas,,1,3.7
44.915896,-89.652234,US,United States,Wausau,,1,50.0
44.909703,-116.101069,US,United States,McCall,,1,50.0
44.901271,-68.667016,US,United States,Orono,,3,50.0
44.899249,-85.401822,US,United States,Elk Rapids,,1,160.0
44.88941,-97.08295,US,United States,Watertown,,1,50.0
44.877842,-93.2225,US,United States,Minneapolis,,1,3.7
44.864849,-93.333381,US,United States,Edina,,1,3.7
44.837558,-68.743477,US,United States,Bangor,,1,50.0
44.828223,-93.290297,US,United States,Bloomington,,1,50.0
44.812749,-73.084791,US,United States,Albans,,1,3.7
44.800135,-122.815205,US,United States,Stayton,,1,3.7
44.790294,-93.48449,US,United States,Shakopee,,1,3.7
44.788782,-93.123655,US,United States,Eagan,,1,3.7
44.788621,-93.123654,US,United States,Eagan,,1,3.7
44.78087,-93.03404,US,United States,Inver Grove Heights,,1,50.0
44.763738,-91.460289,US,United States,Eau Claire,,2,50.0
44.763104,-91.459701,US,United States,Eau Claire,,2,50.0
44.7404,-84.66423,US,United States,Grayling,,1,3.7
44.739482,-85.549093,US,United States,Traverse City,,2,50.0
44.737089,-85.644438,US,United States,Traverse City,,1,3.7
44.729773,-73.434476,US,United States,Plattsburgh,,1,50.0
44.721666,-75.454524,US,United States,Ogdensburg,,1,3.7
44.69253,-73.10822,US,United States,Georgia,,2,50.0
44.63373,-85.77364,US,United States,Interlochen,,1,3.7
44.630524,-85.77184,US,United States,Interlochen,,1,3.7
44.623826,-123.081892,US,United States,Albany,,1,3.7
44.592629,-75.162338,US,United States,Canton,,1,3.7
44.588767,-75.163671,US,United States,Canton,,1,3.7
44.58076,-73.527852,US,United States,Peru,,2,50.0
44.5519,-90.59136,US,United States,Neillsville,,1,240.0
44.546139,-73.152025,US,United States,Colchester,,1,3.7
44.544383,-70.54661,US,United States,Rumford,,2,50.0
44.54224,-68.42451,US,United States,Ellsworth,,1,3.7
44.542189,-68.424653,US,United States,Ellsworth,,1,3.7
44.535611,-122.936847,US,United States,Lebanon,,1,3.7
44.526708,-88.064791,US,United States,Green Bay,,1,3.7
44.51376,-84.75889,US,United States,Roscommon,,1,3.7
44.508079,-73.150478,US,United States,Colchester,,1,3.7
44.49183,-73.182212,US,United States,Winooski,,1,3.7
44.485837,-73.213272,US,United States,Burlington,,1,3.7
44.48346,-73.216166,US,United States,Burlington,,1,3.7
44.483083,-73.220819,US,United States,Burlington,,1,3.7
44.48144,-68.87104,US,United States,Searsport,,2,50.0
44.47884,-88.05384,US,United States,Green Bay,,1,3.7
44.477285,-73.194791,US,United States,Burlington,,1,3.7
44.474522,-88.06604,US,United States,Green Bay,,1,50.0
44.47078,-68.365933,US,United States,Trenton,,2,50.0
44.470278,-68.367836,US,United States,Trenton,,2,50.0
44.470173,-73.211827,US,United States,Burlington,,1,3.7
44.469024,-103.735114,US,United States,Spearfish,,2,50.0
44.468076,-88.068605,US,United States,Green Bay,,1,3.7
44.468016,-73.171055,US,United States,South Burlington,,1,3.7
44.458947,-93.156512,US,United States,Northfield,,1,3.7
44.454504,-73.179556,US,United States,South Burlington,,1,3.7
44.427796,-73.205773,US,United States,South Burlington,,1,3.7
44.42719,-84.67905,US,United States,Roscommon,,1,3.7
44.42373,-69.016853,US,United States,Belfast,,1,50.0
44.40966,-72.02106,US,United States,St. Johnsbury,,1,120.0
44.406871,-70.790541,US,United States,Bethel,,1,3.7
44.406797,-70.79048,US,United States,Bethel,,1,3.7
44.383794,-68.205439,US,United States,Bar Harbor,,1,3.7
44.336536,-93.298441,US,United States,Faribault,,1,3.7
44.33634,-98.21308,US,United States,Huron,,1,3.7
44.336127,-72.75145,US,United States,Waterbury,,3,50.0
44.33508,-72.74849,US,United States,Waterbury,,1,3.7
44.330995,-72.752613,US,United States,Waterbury Village Historic District,,1,3.7
44.316865,-69.818254,US,United States,Augusta,,1,3.7
44.310279,-74.11584,US,United States,Saranac Lake,,2,50.0
44.302979,-121.170438,US,United States,Redmond,,1,3.7
44.29702,-75.975892,US,United States,Alexandria Bay,,1,3.7
44.296623,-96.770329,US,United States,Brookings,,1,3.7
44.295196,-69.785806,US,United States,Hallowell,,1,50.0
44.292252,-121.544496,US,United States,Sisters,,1,3.7
44.29091,-88.47268,US,United States,Appleton,,1,50.0
44.28723,-69.99534,US,United States,Winthrop,,1,3.7
44.284284,-121.188799,US,United States,Redmond,,1,3.7
44.27939,-83.49013,US,United States,East Tawas,,1,3.7
44.26053,-83.44144,US,United States,East Tawas,,1,3.7
44.260048,-72.569385,US,United States,Montpelier,,1,3.7
44.254066,-68.350833,US,United States,Bass Harbor,,1,3.7
44.248636,-85.39896,US,United States,Cadillac,,1,3.7
44.245743,-115.004829,US,United States,Stanley,,1,3.7
44.149362,-114.918685,US,United States,Stanley,,1,3.7
44.13037,-70.224009,US,United States,Auburn,,1,3.7
44.124716,-70.228864,US,United States,Auburn,,1,3.7
44.113376,-121.271691,US,United States,Bend,,1,3.7
44.113322,-121.271927,US,United States,Bend,,1,3.7
44.104546,-103.183667,US,United States,Rapid City,,1,3.7
44.102392,-70.230578,US,United States,Auburn,,1,3.7
44.098106,-123.124108,US,United States,Eugene,,1,3.7
44.081918,-91.36992,US,United States,Galesville,,1,3.7
44.072521,-92.502583,US,United States,Rochester,,1,50.0
44.070764,-121.268201,US,United States,Bend,,1,3.7
44.051122,-94.405265,US,United States,Madelia,,1,3.7
44.05093,-75.792598,US,United States,Fort Drum,,1,3.7
44.046389,-91.672228,US,United States,Winona,,1,3.7
44.036109,-92.508915,US,United States,Rochester,,1,50.0
44.02933,-92.75102,US,United States,Kasson,,1,3.7
44.019964,-92.460348,US,United States,Rochester,,1,3.7
44.018018,-103.254506,US,United States,Rapid City,,1,3.7
44.01679,-70.97914,US,United States,Fryeburg,,1,3.7
44.016057,-90.683664,US,United States,Fort McCoy,,1,3.7
44.006777,-73.17511,US,United States,Middlebury,,1,3.7
44.005636,-73.162331,US,United States,Middlebury,,1,3.7
43.989695,-73.138276,US,United States,Middlebury,,2,50.0
43.988994,-88.542818,US,United States,Oshkosh,,1,3.7
43.988681,-69.691593,US,United States,Wiscasset,,1,3.7
43.974556,-83.958869,US,United States,Standish,,1,50.0
43.969258,-75.624092,US,United States,West Carthage,,2,150.0
43.96912,-74.159696,US,United States,Newcomb,,1,3.7
43.957513,-74.103422,US,United States,Newcomb,,1,3.7
43.911749,-69.833314,US,United States,Bath,,1,3.7
43.907743,-69.959697,US,United States,Brunswick,,1,3.7
43.90581,-69.96062,US,United States,Brunswick,,1,3.7
43.85889,-91.240679,US,United States,La Crosse,,2,400.0
43.82199,-72.52297,US,United States,South Royalton,,1,3.7
43.82139,-72.52207,US,United States,South Royalton,,1,3.7
43.78444,-88.787868,US,United States,Kaukauna,,1,3.7
43.78227,-74.26396,US,United States,Indian Lake,,1,50.0
43.76379,-88.480621,US,United States,Fond du Lac,,2,50.0
43.70323,-70.289828,US,United States,Portland,,1,3.7
43.676201,-70.367913,US,United States,Westbrook,,1,3.7
43.675419,-70.324891,US,United States,Portland,,1,50.0
43.674244,-87.758946,US,United States,Sheboygan,,1,50.0
43.65709,-70.28694,US,United States,Portland,,1,3.7
43.65583,-93.33343,US,United States,Albert Lea,,1,50.0
43.651821,-70.256336,US,United States,Portland,,1,3.7
43.651044,-70.256431,US,United States,Portland,,1,3.7
43.635818,-72.287175,US,United States,Lebanon,,1,3.7
43.618604,-116.391875,US,United States,Meridian,,1,3.7
43.613354,-116.20163,US,United States,Boise,,1,3.7
43.611029,-111.109103,US,United States,Victor,,1,3.7
43.600462,-84.185213,US,United States,Midland,,2,50.0
43.596743,-96.7103,US,United States,Sioux Falls,,1,50.0
43.59306,-112.6575,US,United States,Blackfoot,,1,3.7
43.56266,-96.747872,US,United States,Sioux Falls,,1,3.7
43.55942,-76.121525,US,United States,Pulaski,,2,320.0
43.545173,-96.778556,US,United States,SIOUX FALLS,,2,50.0
43.533677,-70.316693,US,United States,Scarborough,,1,3.7
43.52903,-89.77738,US,United States,Baraboo,,2,50.0
43.527332,-89.777115,US,United States,Baraboo,,2,50.0
43.525013,-112.946679,US,United States,Blackfoot,,1,3.7
43.502168,-114.300934,US,United States,Hailey,,1,3.7
43.492244,-70.44931,US,United States,Biddeford,,1,3.7
43.474601,-114.2664,US,United States,Bellevue,,1,50.0
43.467667,-85.944306,US,United States,Fremont,,1,3.7
43.434817,-88.050787,US,United States,West Bend,,1,3.7
43.426719,-88.227123,US,United States,West Bend,,1,3.7
43.417474,-86.352829,US,United States,Montague,,1,3.7
43.396151,-84.66618,US,United States,Alma,,1,160.0
43.329532,-73.68146,US,United States,Queensbury,,2,50.0
43.32376,-88.25544,US,United States,Slinger,,2,100.0
43.321534,-76.416957,US,United States,Fulton,,1,3.7
43.321492,-88.324018,US,United States,Hartford,,1,3.7
43.306155,-73.661778,US,United States,Glens Falls,,1,3.7
43.29068,-72.792792,US,United States,Weston,,2,50.0
43.290091,-72.79225,US,United States,Weston,,2,50.0
43.276405,-110.781561,US,United States,Hoback,,1,3.7
43.246679,-70.90021,US,United States,Somersworth,,1,50.0
43.239241,-76.142242,US,United States,Brewerton,,1,3.7
43.23369,-73.076775,US,United States,Dorset,,1,3.7
43.229866,-123.352132,US,United States,Roseburg,,1,3.7
43.220616,-70.579095,US,United States,York,,1,3.7
43.216803,-77.751107,US,United States,Rochester,,1,50.0
43.215847,-77.750511,US,United States,Rochester,,1,50.0
43.21468,-77.640543,US,United States,Rochester,,1,3.7
43.213106,-77.461914,US,United States,Webster,,1,3.7
43.211845,-87.991332,US,United States,Mequon,,1,3.7
43.20804,-86.264266,US,United States,Muskegon,,1,50.0
43.20705,-77.604877,US,United States,Rochester,,1,3.7
43.204189,-77.673954,US,United States,Rochester,,1,3.7
43.19158,-77.50234,US,United States,Webster,,1,3.7
43.187142,-71.500472,US,United States,Concord,,1,50.0
43.18559,-76.24709,US,United States,Liverpool,,1,50.0
43.185159,-76.246783,US,United States,Liverpool,,1,50.0
43.18347,-88.09772,US,United States,Menomonee Falls,,1,3.7
43.18045,-89.435359,US,United States,Waunakee,,1,3.7
43.179888,-77.687809,US,United States,Rochester,,1,3.7
43.176408,-89.235317,US,United States,Sun Prairie,,1,3.7
43.176398,-89.263605,US,United States,Sun Prairie,,1,3.7
43.176208,-89.235242,US,United States,Sun Prairie,,1,3.7
43.161889,-77.740991,US,United States,Rochester,,1,3.7
43.159564,-74.203846,US,United States,Mayfield,,1,3.7
43.15956,-76.328746,US,United States,Baldwinsville,,1,3.7
43.159404,-74.20456,US,United States,Mayfield,,1,3.7
43.152877,-78.698441,US,United States,Lockport,,1,3.7
43.152373,-70.953188,US,United States,Durham,,1,3.7
43.151332,-76.350868,US,United States,Baldwinsville,,2,150.0
43.14824,-78.69621,US,United States,Lockport,,1,50.0
43.14576,-93.35793,US,United States,Clear Lake,,1,50.0
43.130457,-89.286407,US,United States,Madison,,1,3.7
43.129526,-89.354748,US,United States,Madison,,1,3.7
43.12605,-77.563993,US,United States,Rochester,,2,50.0
43.126011,-87.934473,US,United States,Glendale,,2,50.0
43.125051,-75.41521,US,United States,Westmoreland,,2,50.0
43.119589,-79.058904,US,United States,"Niagara Falls,",,1,3.7
43.113942,-75.589122,US,United States,Verona,,1,3.7
43.11278,-75.27583,US,United States,Yorkville,,2,150.0
43.107286,-88.465592,US,United States,Oconomowoc,,2,50.0
43.104212,-77.73947,US,United States,Rochester,,1,3.7
43.101729,-77.709649,US,United States,Rochester,,1,3.7
43.101471,-77.628106,US,United States,Rochester,,2,50.0
43.097961,-77.5875,US,United States,Rochester,,1,3.7
43.097282,-76.176841,US,United States,Liverpool,,1,3.7
43.095487,-78.953548,US,United States,Niagara Falls,,1,3.7
43.094008,-78.957592,US,United States,Niagara Falls,,1,3.7
43.09242,-76.084147,US,United States,East Syracuse,,3,50.0
43.092349,-79.057929,US,United States,Niagara Falls,,1,3.7
43.091661,-76.088697,US,United States,East Syracuse,,1,3.7
43.08923,-88.05943,US,United States,Milwaukee,,1,3.7
43.089119,-79.064702,US,United States,Niagara Falls,,1,3.7
43.087463,-77.947596,US,United States,Bergen,,1,3.7
43.087317,-75.191983,US,United States,Utica,,1,3.7
43.085274,-77.942676,US,United States,Bergen,,1,3.7
43.083986,-70.792932,US,United States,Portsmouth,,1,3.7
43.081081,-75.188351,US,United States,Utica,,1,3.7
43.077097,-70.756213,US,United States,Portsmouth,,1,3.7
43.076409,-70.756594,US,United States,Portsmouth,,2,62.5
43.067533,-76.075976,US,United States,Syracuse,,1,3.7
43.066027,-76.080654,US,United States,East Syracuse,,1,3.7
43.065241,-77.311422,US,United States,Macedon,,1,50.0
43.058027,-76.159955,US,United States,Syracuse,,1,3.7
43.058001,-87.914737,US,United States,Milwaukee,,1,3.7
43.057872,-76.159869,US,United States,Syracuse,,1,3.7
43.05772,-76.17453,US,United States,Syracuse,,1,3.7
43.055002,-78.827608,US,United States,North Tonawanda,,2,150.0
43.054425,-85.951306,US,United States,Coopersville,,1,50.0
43.053618,-71.438603,US,United States,Hooksett,,1,50.0
43.052558,-77.095045,US,United States,Newark,,1,3.7
43.048358,-92.67442,US,United States,Charles City,,1,50.0
43.04828,-77.6581,US,United States,Henrietta,,1,50.0
43.041273,-89.395273,US,United States,Madison,,1,3.7
43.040678,-88.026703,US,United States,Wauwatosa,,1,3.7
43.040327,-88.026909,US,United States,Wauwatosa,,1,3.7
43.040285,-88.026974,US,United States,Wauwatosa,,1,3.7
43.03409,-76.36475,US,United States,Camillus,,1,50.0
43.034005,-70.779463,US,United States,Portsmouth,,1,50.0
43.03163,-87.9165,US,United States,Milwaukee,,1,3.7
43.03106,-77.742764,US,United States,Scottsville,,1,3.7
43.029108,-77.746357,US,United States,Scottsville,,1,3.7
43.01895,-78.193481,US,United States,Batavia,,1,3.7
43.01747,-82.45093,US,United States,Port Huron,,1,50.0
43.011885,-78.330376,US,United States,Corfu,,3,50.0
43.003433,-75.980751,US,United States,Manlius,,1,3.7
43.003347,-75.980916,US,United States,Manlius,,1,3.7
42.996363,-75.989177,US,United States,Manlius,,1,3.7
42.993789,-78.795492,US,United States,Amherst,,1,3.7
42.989284,-70.928032,US,United States,Exeter,,1,50.0
42.98867,-86.19344,US,United States,Grand Haven,,1,120.0
42.988457,-83.765914,US,United States,Flint,,2,50.0
42.986368,-71.507004,US,United States,Manchester,,1,3.7
42.982361,-76.142611,US,United States,Syracuse,,2,50.0
42.98014,-78.782712,US,United States,Buffalo,,1,3.7
42.97224,-77.352939,US,United States,Farmington,,2,50.0
42.97198,-78.8878,US,United States,Kenmore,,1,50.0
42.965846,-78.698745,US,United States,Williamsville,,1,3.7
42.960688,-85.702491,US,United States,Grand Rapids,,1,3.7
42.960598,-85.702136,US,United States,Grand Rapids,,1,3.7
42.959911,-85.702294,US,United States,Grand Rapids,,1,3.7
42.95977,-85.702089,US,United States,Grand Rapids,,1,3.7
42.959329,-76.540559,US,United States,Auburn,,1,3.7
42.958525,-87.876345,US,United States,Cudahy,,1,3.7
42.956281,-83.831903,US,United States,Swartz Creek,,1,3.7
42.956275,-71.476534,US,United States,Bedford,,1,3.7
42.956063,-78.714044,US,United States,Williamsville,,2,50.0
42.955257,-78.764815,US,United States,Amherst,,1,3.7
42.954543,-78.879434,US,United States,Buffalo,,2,320.0
42.94963,-76.97769,US,United States,Phelps,,1,50.0
42.947312,-74.357414,US,United States,Fultonville,,1,50.0
42.94578,-76.57625,US,United States,Auburn,,1,3.7
42.937648,-78.713912,US,United States,Cheektowaga,,1,3.7
42.93639,-85.638756,US,United States,Grand Rapids,,1,3.7
42.935903,-85.638421,US,United States,Grand Rapids,,1,3.7
42.935159,-76.568019,US,United States,Auburn,,3,50.0
42.914742,-74.163002,US,United States,Amsterdam,,2,50.0
42.914528,-78.89832,US,United States,Buffalo,,1,3.7
42.914493,-78.899055,US,United States,Buffalo,,1,3.7
42.909546,-73.890824,US,United States,Burnt Hills,,1,3.7
42.905428,-83.629258,US,United States,Grand Blanc,,2,50.0
42.904489,-78.862341,US,United States,Buffalo,,1,3.7
42.903717,-78.898832,US,United States,Buffalo,,1,3.7
42.899066,-85.684542,US,United States,Wyoming,,1,3.7
42.89843,-77.291639,US,United States,Canandaigua,,1,3.7
42.897032,-87.947435,US,United States,Oak Creek,,1,3.7
42.886485,-85.558452,US,United States,Kentwood,,1,3.7
42.883963,-73.686363,US,United States,Mechanicville,,1,50.0
42.881547,-78.883107,US,United States,Buffalo,,1,3.7
42.878776,-85.763506,US,United States,Grandville,,1,3.7
42.877575,-77.263567,US,United States,Canandaigua,,1,50.0
42.871051,-78.881649,US,United States,Buffalo,,1,3.7
42.8684,-85.8621,US,United States,Hudsonville,,1,3.7
42.866727,-77.714271,US,United States,Avon,,1,50.0
42.86326,-83.73286,US,United States,Fenton,,1,3.7
42.863254,-77.244087,US,United States,Canandaigua,,1,3.7
42.860471,-73.77866,US,United States,Clifton Park,,2,325.0
42.858302,-77.02794,US,United States,Geneva,,1,50.0
42.85517,-77.02052,US,United States,Geneva,,1,50.0
42.852,-106.26943,US,United States,Casper,,1,50.0
42.845036,-108.749297,US,United States,Lander,,1,50.0
42.844518,-70.884949,US,United States,Salisbury,,1,120.0
42.838499,-86.003353,US,United States,Zeeland,,1,3.7
42.819933,-75.533924,US,United States,Hamilton,,1,3.7
42.8159,-73.94301,US,United States,Schenectady,,1,50.0
42.81332,-85.670484,US,United States,Byron Center,,1,3.7
42.800162,-71.535191,US,United States,Nashua,,1,50.0
42.799431,-77.780126,US,United States,Geneseo,,2,150.0
42.79098,-71.522001,US,United States,Nashua,,2,50.0
42.79012,-78.81806,US,United States,Buffalo,,2,50.0
42.775512,-73.669734,US,United States,Troy,,1,3.7
42.772705,-73.937574,US,United States,Schenectady,,1,3.7
42.766055,-85.661046,US,United States,Wayland,,2,50.0
42.765722,-88.220444,US,United States,Waterford,,1,3.7
42.75053,-78.854869,US,United States,Hamburg,,1,50.0
42.750192,-84.449811,US,United States,East Lansing,,1,3.7
42.737272,-71.022936,US,United States,Groveland,,1,3.7
42.73379,-84.51222,US,United States,Lansing,,1,50.0
42.731054,-88.987737,US,United States,Janesville,,2,50.0
42.730457,-88.987275,US,United States,Janesville,,2,50.0
42.730083,-84.526704,US,United States,Lansing,,1,3.7
42.72305,-74.01402,US,United States,Altamont,,1,3.7
42.722401,-73.803653,US,United States,Albany,,1,3.7
42.72081,-82.73089,US,United States,New Baltimore,,1,50.0
42.72045,-87.848277,US,United States,Racine,,1,50.0
42.713984,-83.420595,US,United States,Clarkston,,1,3.7
42.705139,-73.85739,US,United States,Albany,,1,3.7
42.700021,-74.92696,US,United States,Cooperstown,,1,50.0
42.69904,-87.849092,US,United States,Racine,,1,3.7
42.697364,-71.158091,US,United States,Lawrence,,1,120.0
42.69705,-70.86892,US,United States,Ipswich,,2,50.0
42.695836,-84.485416,US,United States,Lansing,,1,3.7
42.695274,-123.396745,US,United States,Wolf Creek,,3,50.0
53.709001,-1.340492,GB,United Kingdom,Castleford,,2,300.0
51.469267,-0.099766,GB,United Kingdom,England,,2,22.0
51.518311,-0.118795,GB,United Kingdom,London,,1,7.0
55.679866,-1.807188,GB,United Kingdom,England,,1,0.0
53.626428,-1.237316,GB,United Kingdom,Barnsdale Bar,,1,22.0
56.200851,-3.180959,GB,United Kingdom,Glenrothes,,1,7.2
53.252303,-0.602181,GB,United Kingdom,England,,1,22.0
53.285532,-0.549337,GB,United Kingdom,Lincoln ,,2,7.2
53.205294,-0.575342,GB,United Kingdom,Bracebridge,,1,7.0
53.203274,-0.580356,GB,United Kingdom,Lincoln,,2,120.0
53.229095,-0.544433,GB,United Kingdom,Bracebridge,,1,7.0
53.236026,-0.539398,GB,United Kingdom,Bracebridge,,1,22.0
53.235408,-0.531775,GB,United Kingdom,England,,1,7.0
53.247539,-0.529895,GB,United Kingdom,England,,1,7.0
53.251092,-0.520035,GB,United Kingdom,England,,1,120.0
53.227699,-0.528041,GB,United Kingdom,Bracebridge,,1,7.0
53.223398,-0.542598,GB,United Kingdom,England,,1,7.0
53.219525,-0.558563,GB,United Kingdom,Bracebridge,,2,75.0
54.604394,-5.914128,GB,United Kingdom,Belfast,,1,11.0
53.727265,-1.351241,GB,United Kingdom,Castleford,,1,300.0
52.630139,1.382644,GB,United Kingdom,England,,1,22.0
52.630224,1.384027,GB,United Kingdom,England,,1,300.0
53.503065,-2.181312,GB,United Kingdom,England,,2,150.0
54.527405,-1.549116,GB,United Kingdom,Darlington,,1,200.0
52.627857,-1.704623,GB,United Kingdom,Tamworth,,3,120.0
52.604421,-1.648694,GB,United Kingdom,Tamworth,,3,60.0
52.608142,-1.675605,GB,United Kingdom,Tamworth,,2,300.0
54.113911,-3.234322,GB,United Kingdom,Barrow-in-Furness,,1,120.0
51.813151,-3.02579,GB,United Kingdom,Cymru / Wales,,6,350.0
55.854386,-4.19712,GB,United Kingdom,Glasgow,,1,300.0
52.113252,-1.937964,GB,United Kingdom,England,,1,300.0
52.28252,-1.548059,GB,United Kingdom, Royal Leamington Spa,,1,300.0
51.939229,1.260721,GB,United Kingdom,Harwich,,1,200.0
53.488188,-2.112876,GB,United Kingdom,Ashton-under-Lyne,,1,320.0
53.793664,-1.433091,GB,United Kingdom,England,,3,22.0
53.793699,-1.430157,GB,United Kingdom,England,,2,150.0
53.772515,-1.580826,GB,United Kingdom,Leeds,,2,150.0
53.805123,-1.582446,GB,United Kingdom,Leeds,,3,150.0
51.126611,0.891644,GB,United Kingdom,Ashford,,2,160.0
51.133617,0.8766,GB,United Kingdom,Ashford,,2,50.0
51.159716,0.860006,GB,United Kingdom,Ashford,,2,50.0
51.089422,1.124034,GB,United Kingdom,Folkestone,,1,250.0
51.094112,1.164775,GB,United Kingdom,Folkestone,,10,150.0
51.119876,1.308541,GB,United Kingdom,Dover,,2,400.0
51.274785,1.336679,GB,United Kingdom,Sandwich,,2,160.0
51.342032,1.316799,GB,United Kingdom,England,,3,50.0
51.335045,1.387206,GB,United Kingdom,Ramsgate,,6,150.0
51.36077,1.392335,GB,United Kingdom,England,,2,120.0
51.357616,1.392232,GB,United Kingdom,Ramsgate,,4,22.0
51.37948,1.353195,GB,United Kingdom,Margate,,1,150.0
51.374636,1.307009,GB,United Kingdom,Birchington on Sea,,3,50.0
51.181475,0.548731,GB,United Kingdom,Maidstone,,2,160.0
51.116384,0.578889,GB,United Kingdom,Cranbrook,,4,22.0
54.654853,-2.758561,GB,United Kingdom,Penrith,,3,11.0
52.069713,-1.34591,GB,United Kingdom,Banbury,,1,160.0
51.339389,-2.956202,GB,United Kingdom,Weston-super-Mare,,2,160.0
51.344048,-2.932476,GB,United Kingdom,Weston-super-Mare,,2,150.0
52.338256,-0.137134,GB,United Kingdom,England,,2,150.0
52.341615,-0.151215,GB,United Kingdom,Huntingdon,,2,150.0
52.331431,-0.180746,GB,United Kingdom,Huntingdon,,6,150.0
52.33896,-0.207558,GB,United Kingdom,,,2,150.0
53.143611,0.320528,GB,United Kingdom,Skegness,,2,160.0
53.139994,0.344131,GB,United Kingdom,Skegness,,7,160.0
53.151858,0.34142,GB,United Kingdom,Skegness,,2,50.0
53.545814,-1.080856,GB,United Kingdom,England,,2,120.0
53.545107,-1.082065,GB,United Kingdom,England,,1,250.0
53.542422,-1.10704,GB,United Kingdom,England,,2,120.0
53.542896,-1.105327,GB,United Kingdom,England,,2,150.0
53.626722,-1.23673,GB,United Kingdom,England,,2,160.0
53.744916,-1.458307,GB,United Kingdom,England,,4,100.0
53.780412,-1.068522,GB,United Kingdom,Selby,,1,7.0
54.006038,-1.462134,GB,United Kingdom,Knaresborough,,1,22.0
54.551178,-1.913528,GB,United Kingdom,Barnard Castle,,2,22.0
54.544834,-1.922583,GB,United Kingdom,Barnard Castle,,2,150.0
54.542514,-1.922309,GB,United Kingdom,Barnard Castle,,2,50.0
54.352021,-1.447212,GB,United Kingdom,Northallerton,,1,22.0
54.213266,-1.675364,GB,United Kingdom,Ripon,,3,22.0
54.312372,-1.569027,GB,United Kingdom,Northallerton,,4,400.0
54.361969,-1.658494,GB,United Kingdom,England,,1,7.0
54.393636,-1.685205,GB,United Kingdom,Richmond,,2,7.0
54.441909,-1.671839,GB,United Kingdom,Richmond,,2,7.0
54.375689,-1.72265,GB,United Kingdom,Catterick Garrison,,2,85.0
54.460375,-1.703444,GB,United Kingdom,England,,2,40.0
54.460301,-1.704311,GB,United Kingdom,England,,1,22.0
54.541762,-1.915605,GB,United Kingdom,Barnard Castle,,3,22.0
54.476361,-2.349965,GB,United Kingdom,Kirkby Stephen,,2,22.0
54.664263,-2.752472,GB,United Kingdom,Penrith,,1,3.0
54.647047,-2.917988,GB,United Kingdom,Penrith ,,2,7.0
54.619227,-3.050876,GB,United Kingdom,Keswick,,1,22.0
54.600738,-3.128696,GB,United Kingdom,Keswick,,2,22.0
54.279873,-0.403801,GB,United Kingdom,Scarborough,,1,120.0
54.083316,-0.200394,GB,United Kingdom,Bridlington,,3,50.0
53.987763,-1.049329,GB,United Kingdom,England,,4,50.0
53.982366,-1.049571,GB,United Kingdom,England,,4,350.0
53.924164,-1.077839,GB,United Kingdom,England,,1,250.0
54.952739,-1.55479,GB,United Kingdom,Gateshead,,2,22.0
54.963073,-1.588733,GB,United Kingdom,Gateshead,,1,300.0
54.9619,-1.587816,GB,United Kingdom,Gateshead,,2,120.0
54.944299,-1.62534,GB,United Kingdom,Gateshead,,2,300.0
54.955067,-1.597786,GB,United Kingdom,Gateshead,,3,300.0
54.962836,-1.63451,GB,United Kingdom,England,,2,150.0
54.960717,-1.658322,GB,United Kingdom,Whickham,,1,5.0
54.954764,-1.663405,GB,United Kingdom,Whickham,,3,22.0
54.954735,-1.667524,GB,United Kingdom,Whickham,,2,22.0
54.95531,-1.686574,GB,United Kingdom,Gateshead,,6,300.0
54.960785,-1.84579,GB,United Kingdom,Prudhoe,,3,50.0
54.973279,-2.104351,GB,United Kingdom,Hexham,,2,7.2
54.881471,-2.502185,GB,United Kingdom,England,,1,7.0
54.941392,-2.735972,GB,United Kingdom,Brampton,,1,22.0
54.981648,-2.533154,GB,United Kingdom,England,,1,7.0
54.970975,-2.466226,GB,United Kingdom,Haltwhistle,,2,7.2
54.96867,-2.458456,GB,United Kingdom,Haltwhistle,,3,50.0
54.975047,-2.364088,GB,United Kingdom,England,,1,150.0
54.858977,-2.879357,GB,United Kingdom,Carlisle,,3,50.0
54.893987,-2.905577,GB,United Kingdom,England,,2,22.0
54.894704,-2.905984,GB,United Kingdom,England,,3,50.0
54.883887,-2.916957,GB,United Kingdom,Carlisle ,,2,150.0
54.885368,-2.96482,GB,United Kingdom,England,,2,22.0
54.713506,-3.50665,GB,United Kingdom,Maryport,,4,22.0
54.544157,-3.583779,GB,United Kingdom,Whitehaven,,2,160.0
54.641954,-3.547347,GB,United Kingdom,Workington,,2,22.0
54.606276,-3.532053,GB,United Kingdom,England,,4,22.0
51.464567,-0.106899,GB,United Kingdom,,,1,5.0
54.861739,-3.389102,GB,United Kingdom,,,1,22.0
53.779076,-1.480913,GB,United Kingdom,Leeds ,,2,150.0
52.200378,-0.39678,GB,United Kingdom,Colmworth,,1,22.0
51.428385,0.332534,GB,United Kingdom,Northfleet,,2,150.0
53.514569,-2.026068,GB,United Kingdom,Mossley ,,1,22.0
51.961533,-0.512255,GB,United Kingdom,England,,1,250.0
51.492988,-0.172908,GB,United Kingdom,,,1,22.0
34.458375,51.089373,GB,United Kingdom,دهستان قنوات,,2,60.0
54.671214,-5.981143,GB,United Kingdom,Newtownabbey,,1,22.0
54.444585,-6.393026,GB,United Kingdom,Craigavon,,1,22.0
51.531495,0.086942,GB,United Kingdom,England,,1,0.0
53.471146,-2.664842,GB,United Kingdom,St Helens,,4,75.0
53.471829,-2.665048,GB,United Kingdom,St Helens,,2,300.0
51.371709,-0.116955,GB,United Kingdom,,,1,250.0
53.366453,-2.269799,GB,United Kingdom,Wythenshawe,,1,11.0
54.586836,-5.926869,GB,United Kingdom,Belfast,,1,50.0
54.509453,-6.768057,GB,United Kingdom,Dungannon,,1,22.0
54.350644,-6.641787,GB,United Kingdom,Armagh,,1,22.0
54.349971,-6.642684,GB,United Kingdom,Armagh,,1,22.0
54.435689,-6.411357,GB,United Kingdom,Craigavon,,1,22.0
54.433089,-6.410223,GB,United Kingdom,Portadown,,1,22.0
54.456608,-6.338349,GB,United Kingdom,Lurgan,,1,22.0
54.236068,-6.162224,GB,United Kingdom,Rathfriland,,1,22.0
54.658644,-5.728151,GB,United Kingdom,Crawfordsburn,,1,22.0
-16.663931,-49.233639,GB,United Kingdom,Região Integrada de Desenvolvimento do Distrito Federal e Entorno,,1,120.0
51.478141,-1.553274,GB,United Kingdom,Hungerford,,1,120.0
53.715887,-1.382661,GB,United Kingdom,Castleford,,1,120.0
54.597818,-5.924785,GB,United Kingdom,Belfast,,2,22.1
54.605872,-5.921837,GB,United Kingdom,Belfast,,1,7.0
54.675023,-5.987164,GB,United Kingdom,,,1,120.0
54.622368,-5.971849,GB,United Kingdom,Ballysillan,,3,60.0
57.727413,-5.69136,GB,United Kingdom,Gairloch,,1,0.0
51.190413,-1.899798,GB,United Kingdom,England,,1,6.6
51.436226,0.326944,GB,United Kingdom,Northfleet,,2,7.0
53.198489,-0.613196,GB,United Kingdom,Lincoln,,1,250.0
55.005613,-7.324701,GB,United Kingdom,Londonderry,,1,22.0
54.498557,-7.743623,GB,United Kingdom,Fermanagh,,1,22.0
-0.000521,-0.000159,GB,United Kingdom,Luton ,,0,0.0
53.600397,-2.845272,GB,United Kingdom,Burscough,,1,200.0
55.781336,-3.978248,GB,United Kingdom,Motherwell,,1,200.0
51.462419,-0.157305,GB,United Kingdom,Buckingham,,1,7.2
51.464518,-0.101029,GB,United Kingdom,,,2,22.0
51.429995,-0.374605,GB,United Kingdom,London,,1,5.0
51.555448,-0.07427,GB,United Kingdom,,,2,150.0
54.951826,-2.977476,GB,United Kingdom,Carlisle,,1,250.0
54.856869,-6.277695,GB,United Kingdom,Ballykeel,,1,22.0
54.711569,-5.826839,GB,United Kingdom,Carrickfergus,,1,22.0
54.582131,-5.978269,GB,United Kingdom,Belfast,,1,120.0
54.647116,-5.658857,GB,United Kingdom,Bangor,,2,160.0
54.573128,-5.958685,GB,United Kingdom,Belfast,,1,22.0
54.647966,-6.75091,GB,United Kingdom,Cookstown,,3,50.0
55.140737,-6.944194,GB,United Kingdom,Limavady,,1,47.0
51.465068,-0.109022,GB,United Kingdom,,,1,5.0
51.39781,-1.445631,GB,United Kingdom,Hungerford,,1,5.0
53.096589,-0.782649,GB,United Kingdom,Newark,,2,150.0
53.587832,-2.699205,GB,United Kingdom,Wigan,,1,120.0
52.584415,-2.012753,GB,United Kingdom,Walsall,,1,258.0
52.584141,-2.012603,GB,United Kingdom,Walsall,,1,258.0
51.509872,-0.145322,GB,United Kingdom,,,1,22.0
51.51556,-0.131894,GB,United Kingdom,,,1,4.0
51.468437,-0.103547,GB,United Kingdom,London,,1,3.5
51.678431,-0.794036,GB,United Kingdom,High Wycombe,,1,0.0
51.592509,-1.810018,GB,United Kingdom,Swindon,,1,50.0
51.417392,-1.728562,GB,United Kingdom,Marlborough,,1,22.0
51.700292,-1.939915,GB,United Kingdom,Cirencester,,1,150.0
54.728555,-6.227776,GB,United Kingdom,Antrim,,1,200.0
57.12663,-2.091639,GB,United Kingdom,Aberdeen,,2,150.0
53.140998,-2.500894,GB,United Kingdom,Nantwich,,1,7.0
50.81156,-1.877005,GB,United Kingdom,Ferndown,,2,150.0
52.231449,0.893506,GB,United Kingdom,Bury Saint Edmunds,,1,250.0
55.054844,-1.462634,GB,United Kingdom,Whitley Bay ,,2,22.0
53.223435,-4.264561,GB,United Kingdom,Gaerwen,,1,250.0
51.125184,1.316903,GB,United Kingdom,,,1,250.0
51.27335,1.06733,GB,United Kingdom,,,3,50.0
51.512321,-0.114325,GB,United Kingdom,London,,1,5.0
54.861839,-6.274998,GB,United Kingdom,Ballymena,,1,120.0
54.862922,-6.277081,GB,United Kingdom,Ballymena,,1,120.0
51.398722,0.510463,GB,United Kingdom,Rochester,,1,120.0
54.333223,-6.277476,GB,United Kingdom,Banbridge,,1,47.0
-5.9e-05,-2.2e-05,GB,United Kingdom,Preston,,1,0.0
53.757501,-2.684644,GB,United Kingdom,Preston,,0,0.0
50.93401,-1.432227,GB,United Kingdom,London,,0,0.0
50.933235,-1.43541,GB,United Kingdom,Southampton,,0,0.0
51.592056,-1.773755,GB,United Kingdom,Swindon,,1,300.0
51.461707,-0.098304,GB,United Kingdom,England,,1,3.4
51.289007,1.098961,GB,United Kingdom,,,1,11.0
51.062644,-3.559804,GB,United Kingdom,Dulverton,,1,0.0
54.648133,-5.658635,GB,United Kingdom,Bangor,,1,200.0
51.947521,-3.388603,GB,United Kingdom,Brecon,,2,50.0
54.645541,-5.684366,GB,United Kingdom,Bangor,,3,120.0
54.698281,-5.957496,GB,United Kingdom,Newtownabbey,,1,22.0
51.104325,-2.316984,GB,United Kingdom,Mere,,3,300.0
50.939083,-3.501782,GB,United Kingdom,Bromyard,,1,0.0
54.726098,-6.247357,GB,United Kingdom,Antrim,,1,7.0
54.717897,-6.225962,GB,United Kingdom,Antrim,,1,7.0
54.576559,-5.9074,GB,United Kingdom,Belfast,,1,22.0
54.68099,-5.884,GB,United Kingdom,Whiteabbey,,1,22.0
54.69573,-5.947688,GB,United Kingdom,Newtownabbey,,1,7.4
54.098835,-6.538751,GB,United Kingdom,Silverbridge,,1,47.0
51.483992,-0.167715,GB,United Kingdom,London,,3,50.0
51.520578,-0.13984,GB,United Kingdom,London,,1,5.0
51.52049,-0.139989,GB,United Kingdom,,,1,5.0
51.52005,-0.139812,GB,United Kingdom,,,1,5.0
51.4713,-0.10048,GB,United Kingdom,London,,1,3.0
54.849495,-5.817612,GB,United Kingdom,Larne,,1,200.0
54.648067,-5.686862,GB,United Kingdom,Bangor,,1,120.0
54.996843,-3.059725,GB,United Kingdom,Gretna,,1,250.0
50.704943,-1.214806,GB,United Kingdom,Havenstreet,,1,2.3
54.492515,-6.06768,GB,United Kingdom,Lisburn,,1,250.0
52.405803,-0.736183,GB,United Kingdom,Kettering,,14,160.0
52.445452,-1.748784,GB,United Kingdom,Birmingham,,1,300.0
54.596649,-5.815424,GB,United Kingdom,Dundonald,,1,11.0
54.596196,-5.814191,GB,United Kingdom,Dundonald,,1,11.0
54.596254,-5.80858,GB,United Kingdom,Dundonald,,1,11.0
54.596965,-5.807831,GB,United Kingdom,Dundonald,,1,11.0
54.598383,-5.808032,GB,United Kingdom,Dundonald,,1,11.0
54.593881,-5.704262,GB,United Kingdom,Newtownards,,1,11.0
54.593669,-5.703587,GB,United Kingdom,Newtownards,,1,11.0
54.595973,-5.87761,GB,United Kingdom,Belfast,,1,7.0
54.600307,-5.908955,GB,United Kingdom,Belfast,,2,24.0
54.510536,-6.091195,GB,United Kingdom,Lisburn,,1,11.0
54.50557,-6.044251,GB,United Kingdom,Lisburn,,1,11.0
54.449575,-6.382719,GB,United Kingdom,Craigavon,,2,11.0
54.45145,-6.393552,GB,United Kingdom,Craigavon,,2,24.0
53.538245,-1.120058,GB,United Kingdom,Silk Road,,6,360.0
51.407332,-1.517489,GB,United Kingdom,Hungerford,,1,5.0
51.397529,-1.445438,GB,United Kingdom,Newbury,,2,5.0
55.121197,-6.676561,GB,United Kingdom,Coleraine,,3,50.0
51.067235,-1.794762,GB,United Kingdom,Salisbury,,2,150.0
54.730333,-6.228527,GB,United Kingdom,Antrim,,2,400.0
54.331073,-6.280559,GB,United Kingdom,Banbridge,,2,400.0
54.492032,-6.057906,GB,United Kingdom,Lisburn,,2,50.0
54.568316,-6.008841,GB,United Kingdom,Belfast,,2,50.0
54.513397,-5.889131,GB,United Kingdom,Carryduff,,2,50.0
54.427077,-2.968509,GB,United Kingdom,,,1,22.0
52.683399,-1.823414,GB,United Kingdom,Lichfield,,12,200.0
56.056522,-4.227223,GB,United Kingdom,Glasgow,,2,22.0
51.465078,-0.110651,GB,United Kingdom,London,,1,3.4
55.350378,-4.692838,GB,United Kingdom,Maybole,,2,100.0
51.784344,-3.269372,GB,United Kingdom,Tredegar,,2,22.0
51.46997,-0.099456,GB,United Kingdom,,,1,3.0
51.27631,1.080936,GB,United Kingdom,Canterbury,,2,50.0
52.015349,0.252857,GB,United Kingdom,Saffron Walden ,,1,50.0
51.793041,-3.221058,GB,United Kingdom,Ebbw Vale,,3,60.0
51.655415,-3.020841,GB,United Kingdom,Cwmbran,,3,50.0
51.654862,-3.020408,GB,United Kingdom,Cwmbran,,7,100.0
52.996566,-1.255739,GB,United Kingdom,Nottingham,,7,100.0
50.717094,-3.540321,GB,United Kingdom,Exeter,,7,100.0
50.191812,-5.429256,GB,United Kingdom,Hayle,,16,22.0
51.776028,-3.242404,GB,United Kingdom,Tredegar,,2,22.0
51.770674,-3.245379,GB,United Kingdom,Tredegar,,2,22.0
53.920719,-1.774535,GB,United Kingdom,Burley In Wharfedale,,2,22.0
50.170897,-5.442181,GB,United Kingdom,Hayle,,4,22.0
50.17113,-5.44434,GB,United Kingdom,Hayle,,3,50.0
53.290394,-0.542587,GB,United Kingdom,Lincoln,,2,7.0
55.944031,-3.978332,GB,United Kingdom,Glasgow,,2,150.0
52.236943,0.724262,GB,United Kingdom,St Edmunds,,6,22.0
55.871899,-4.143331,GB,United Kingdom,Glasgow,,2,160.0
51.41152,-1.31589,GB,United Kingdom,Newbury,,4,22.0
52.218378,0.084317,GB,United Kingdom,Cambridge,,3,50.0
51.398782,-1.326171,GB,United Kingdom,Newbury,,2,22.0
55.847173,-4.268461,GB,United Kingdom,Glasgow,,2,150.0
55.763395,-4.210345,GB,United Kingdom,East Kilbride,,2,150.0
54.922409,-2.946593,GB,United Kingdom,Carlisle,,2,150.0
54.913589,-7.164657,GB,United Kingdom,Claudy,,1,22.0
50.963359,-1.62203,GB,United Kingdom,Landford,,1,22.0
50.414979,-4.124164,GB,United Kingdom,Plymouth,,12,180.0
51.894597,-0.197934,GB,United Kingdom,Stevenage,,9,180.0
56.076226,-3.395579,GB,United Kingdom,Dunfermline,,10,180.0
57.482498,-4.18724,GB,United Kingdom,Inverness,,6,360.0
51.289337,0.995208,GB,United Kingdom,Faversham,,2,150.0
53.206451,-0.611377,GB,United Kingdom,Lincoln,,5,22.0
51.81889,-2.224332,GB,United Kingdom,Gloucester,,1,250.0
51.550738,-1.892404,GB,United Kingdom,Royal Wootton Bassett,,2,300.0
51.647055,-0.252998,GB,United Kingdom,Borehamwood,,1,180.0
55.82727,-4.296872,GB,United Kingdom,Glasgow,,2,150.0
53.28239,-3.547678,GB,United Kingdom,Pwhelli,,1,22.0
51.606875,-1.243904,GB,United Kingdom,Didcot,,2,150.0
54.972401,-2.09428,GB,United Kingdom,Hexham,,5,150.0
54.967715,-5.95915,GB,United Kingdom,Glenarm,,2,60.0
51.465438,-0.116284,GB,United Kingdom,London,,1,3.0
54.324311,-5.70828,GB,United Kingdom,Downpatrick,,1,150.0
55.181606,-1.573034,GB,United Kingdom,Ashington,,1,7.0
51.471277,-0.121272,GB,United Kingdom,London,,2,100.0
53.714738,-1.349188,GB,United Kingdom,Castleford,,4,75.0
52.635919,-1.121228,GB,United Kingdom,Leicester,,1,300.0
54.487427,-6.751575,GB,United Kingdom,Dungannon,,1,250.0
52.899193,-1.427218,GB,United Kingdom,Alvaston Town,,3,50.0
51.162758,0.871362,GB,United Kingdom,Ashford,,6,180.0
52.96228,-1.069604,GB,United Kingdom,Netherfield,,3,50.0
53.744295,-2.492958,GB,United Kingdom,Blackburn,,3,50.0
53.03886,-0.342505,GB,United Kingdom,Anwick,,2,50.0
54.543795,-1.578196,GB,United Kingdom,Darlington,,3,50.0
54.92692,-1.57492,GB,United Kingdom,Gateshead,,3,50.0
50.559177,-4.873152,GB,United Kingdom,St Minver,,1,22.0
54.88882,-1.41816,GB,United Kingdom,Sunderland,,3,50.0
55.875448,-4.269524,GB,United Kingdom,Glasgow,,3,50.0
55.033434,-7.192742,GB,United Kingdom,,,1,7.0
53.45546,-2.74237,GB,United Kingdom,Saint Helens,,3,50.0
56.471945,-3.012592,GB,United Kingdom,Dundee,,3,50.0
53.801898,-1.672021,GB,United Kingdom,Pudsey,,4,150.0
52.325194,1.67691,GB,United Kingdom,Southwold,,1,47.0
54.712219,-5.813588,GB,United Kingdom,Carrickfergus,,2,80.0
51.463778,-0.099974,GB,United Kingdom,London,,1,3.0
52.601684,1.227446,GB,United Kingdom,Norwich,,3,45.0
51.472847,-0.071246,GB,United Kingdom,London,,3,50.0
52.988049,-1.212124,GB,United Kingdom,Nottingham,,6,360.0
54.997515,-6.352854,GB,United Kingdom,Ballymoney,,1,60.0
50.741095,-2.740899,GB,United Kingdom,Bradpole,,1,7.2
51.558433,-1.811885,GB,United Kingdom,Swindon,,6,150.0
54.346523,-7.63113,GB,United Kingdom,Enniskillen,,1,22.0
51.108083,-2.446777,GB,United Kingdom,Bruton,,1,22.0
54.617758,-5.916719,GB,United Kingdom,Belfast,,1,142.0
54.597551,-5.910319,GB,United Kingdom,Belfast,,1,142.0
54.704013,-6.091967,GB,United Kingdom,Ballyclare,,1,22.0
52.10798,-3.63784,GB,United Kingdom,Llanwrtyd Wells,,1,0.0
54.603658,-5.90166,GB,United Kingdom,Belfast,,1,320.0
54.595777,-5.825941,GB,United Kingdom,Northern Ireland / Tuaisceart Éireann,,1,7.2
54.598092,-5.828544,GB,United Kingdom,Northern Ireland / Tuaisceart Éireann,,1,7.2
54.59999,-5.827614,GB,United Kingdom,Northern Ireland / Tuaisceart Éireann,,1,7.2
54.602824,-5.829404,GB,United Kingdom,Northern Ireland / Tuaisceart Éireann,,1,7.2
54.604194,-5.829422,GB,United Kingdom,Northern Ireland / Tuaisceart Éireann,,1,7.2
54.461083,-5.903874,GB,United Kingdom,Northern Ireland / Tuaisceart Éireann,,1,22.0
54.593925,-5.826828,GB,United Kingdom,Northern Ireland / Tuaisceart Éireann,,1,11.0
54.893766,-6.319927,GB,United Kingdom,Ballymena,,2,11.0
54.62168,-5.918406,GB,United Kingdom,Belfast,,1,22.0
55.151034,-6.677225,GB,United Kingdom,Coleraine,,1,22.0
51.456407,-0.101186,GB,United Kingdom,London,,1,5.0
54.59736,-5.781472,GB,United Kingdom,Dundonald,,1,22.0
54.12208,-3.235165,GB,United Kingdom,Barrow-in-Furness,,1,120.0
54.579166,-5.891459,GB,United Kingdom,Belfast,,1,22.0
54.513035,-6.075054,GB,United Kingdom,Lisburn,,1,22.0
54.529825,-5.695421,GB,United Kingdom,Comber,,1,22.0
54.591554,-5.920749,GB,United Kingdom,Belfast,,1,7.0
51.469931,-0.094506,GB,United Kingdom,London,,1,3.0
50.924573,-1.320067,GB,United Kingdom,Southampton,,1,22.0
55.116644,-6.677802,GB,United Kingdom,Coleraine,,1,22.0
55.034759,-6.640611,GB,United Kingdom,,,1,7.4
54.79677,-6.46574,GB,United Kingdom,Toomebridge,,1,7.0
54.49696,-7.314114,GB,United Kingdom,Fintona,,1,75.0
54.159079,-7.583278,GB,United Kingdom,Northern Ireland / Tuaisceart Éireann,,1,22.0
54.371332,-7.628693,GB,United Kingdom,Enniskillen,,2,24.0
54.471296,-7.63316,GB,United Kingdom,Irvinestown,,1,22.0
54.429512,-7.679036,GB,United Kingdom,,,2,22.0
54.398499,-7.692079,GB,United Kingdom,,,3,60.0
54.51649,-7.887881,GB,United Kingdom,,,1,22.0
54.626492,-6.766844,GB,United Kingdom,Cookstown,,1,22.0
54.845723,-5.808343,GB,United Kingdom,Larne,,2,22.0
54.062828,-5.967136,GB,United Kingdom,Kilkeel,,2,22.0
54.030441,-6.068343,GB,United Kingdom,Newry,,1,22.0
54.171283,-6.34173,GB,United Kingdom,Newry,,1,22.0
54.613661,-5.902156,GB,United Kingdom,,,1,7.7
54.566465,-5.950935,GB,United Kingdom,,,1,22.0
54.579085,-5.979554,GB,United Kingdom,Belfast,,1,22.0
54.584264,-5.959307,GB,United Kingdom,Belfast,,2,50.0
54.611993,-5.954314,GB,United Kingdom,,,2,75.0
54.612055,-5.941339,GB,United Kingdom,,,2,50.0
54.621904,-5.923885,GB,United Kingdom,Belfast,,1,180.0
54.564622,-5.870957,GB,United Kingdom,,,1,7.0
54.586493,-5.694156,GB,United Kingdom,Newtownards,,1,22.0
54.631675,-6.144324,GB,United Kingdom,Northern Ireland / Tuaisceart Éireann,,1,22.0
54.727441,-6.22771,GB,United Kingdom,Antrim,,1,22.0
54.460592,-6.335385,GB,United Kingdom,Lurgan,,1,22.0
54.760077,-6.598574,GB,United Kingdom,Magherafelt,,1,22.0
55.068651,-6.514119,GB,United Kingdom,Ballymoney,,1,22.0
55.051983,-6.949282,GB,United Kingdom,Limavady,,1,22.0
54.411475,-6.744991,GB,United Kingdom,Benburb,,3,50.0
54.411431,-6.745226,GB,United Kingdom,Benburb,,1,22.0
54.196633,-6.342958,GB,United Kingdom,Newry,,1,22.0
54.193594,-6.354705,GB,United Kingdom,Newry,,1,22.0
54.170655,-6.340504,GB,United Kingdom,Northern Ireland / Tuaisceart Éireann,,1,22.0
54.324809,-5.695971,GB,United Kingdom,Downpatrick,,1,22.0
54.324955,-5.696293,GB,United Kingdom,Downpatrick,,1,22.0
54.603984,-5.921923,GB,United Kingdom,Belfast,,1,11.0
54.60842,-5.909709,GB,United Kingdom,Belfast,,1,11.0
54.608359,-5.906795,GB,United Kingdom,Belfast,,1,11.0
54.604067,-5.9101,GB,United Kingdom,Belfast,,1,11.0
54.604232,-5.912979,GB,United Kingdom,,,1,11.0
54.580442,-5.949736,GB,United Kingdom,Belfast,,1,7.0
54.552066,-5.999025,GB,United Kingdom,,,2,24.0
54.671574,-5.957341,GB,United Kingdom,Newtownabbey,,1,7.0
54.677912,-5.999279,GB,United Kingdom,Newtownabbey,,1,120.0
54.693519,-5.971575,GB,United Kingdom,Newtownabbey,,4,60.0
54.698942,-6.140077,GB,United Kingdom,Dunadry,,1,11.0
54.698916,-6.141878,GB,United Kingdom,Dunadry,,1,7.0
54.289509,-5.837159,GB,United Kingdom,Clough,,1,11.0
54.450214,-6.392764,GB,United Kingdom,Craigavon,,2,24.0
54.865893,-6.278689,GB,United Kingdom,Ballymena,,1,7.0
54.762732,-6.496306,GB,United Kingdom,Toomebridge,,1,11.0
54.345447,-6.653231,GB,United Kingdom,Northern Ireland / Tuaisceart Éireann,,1,150.0
54.355496,-7.596647,GB,United Kingdom,Enniskillen,,2,24.0
54.334207,-7.62041,GB,United Kingdom,Enniskillen,,2,24.0
55.125647,-6.654807,GB,United Kingdom,Coleraine,,1,11.0
54.574974,-5.55665,GB,United Kingdom,Carrowdore,,1,150.0
54.588337,-5.825496,GB,United Kingdom,Dundonald,,1,150.0
54.603363,-5.942641,GB,United Kingdom,,,1,150.0
54.699944,-6.105143,GB,United Kingdom,Templepatrick,,1,150.0
54.621277,-6.214214,GB,United Kingdom,Crumlin,,1,150.0
54.49474,-6.208942,GB,United Kingdom,Moira,,1,150.0
54.069577,-5.988244,GB,United Kingdom,Kilkeel,,1,150.0
54.850706,-5.840602,GB,United Kingdom,Larne,,1,150.0
54.834766,-5.867128,GB,United Kingdom,Larne,,1,150.0
54.88834,-6.358152,GB,United Kingdom,,,1,150.0
55.205658,-6.253728,GB,United Kingdom,Ballycastle,,1,150.0
55.080237,-6.525081,GB,United Kingdom,Ballymoney,,1,150.0
55.190383,-6.656345,GB,United Kingdom,Portrush,,1,150.0
55.13919,-6.665561,GB,United Kingdom,Coleraine,,1,150.0
56.017077,-4.783933,GB,United Kingdom,Helensburgh,,2,22.0
51.4693,-0.095218,GB,United Kingdom,London,,2,22.0
51.467438,-0.098522,GB,United Kingdom,London,,1,3.4
51.627961,-0.074514,GB,United Kingdom,London,,2,120.0
51.46895,-0.094678,GB,United Kingdom,London,,1,3.0
51.7618,0.474149,GB,United Kingdom,Chelmsford,,1,22.0
51.465286,-0.097605,GB,United Kingdom,London,,1,3.0
51.46593,-0.100146,GB,United Kingdom,London,,1,3.0
50.393396,-4.082722,GB,United Kingdom,Plympton,,3,100.0
51.887455,-0.208683,GB,United Kingdom,Stevenage,,30,360.0
51.388912,1.381447,GB,United Kingdom,Margate,,3,50.0
52.856515,-2.723858,GB,United Kingdom,Ahrewsbury,,1,150.0
50.827307,-0.394975,GB,United Kingdom,Worthing,,4,6.0
50.570496,-2.458509,GB,United Kingdom,England,,3,50.0
50.780822,-1.87941,GB,United Kingdom,Ferndown,,3,50.0
50.811749,-1.871809,GB,United Kingdom,Ferndown,,3,60.0
50.879159,-1.867478,GB,United Kingdom,Verwood,,3,50.0
51.007555,-2.189849,GB,United Kingdom,Shaftesbury,,3,50.0
51.525145,-2.575197,GB,United Kingdom,Patchway,,3,50.0
52.413897,-4.080223,GB,United Kingdom,Aberystwyth,,3,50.0
55.719339,-2.160612,GB,United Kingdom,England,,1,7.0
51.549708,-1.854467,GB,United Kingdom,Swindon,,2,160.0
54.828976,-7.470422,GB,United Kingdom,Strabane,,3,50.0
52.896255,-1.478067,GB,United Kingdom,Derby,,3,50.0
56.470698,-2.960315,GB,United Kingdom,Dundee,,3,50.0
53.218309,-0.652615,GB,United Kingdom,England,,10,22.0
53.486278,-2.097659,GB,United Kingdom,Ashton-under-Lyne,,3,50.0
55.823616,-4.294729,GB,United Kingdom,Glasgow,,3,50.0
54.807503,-1.57573,GB,United Kingdom,Durham,,3,50.0
56.578622,-3.346525,GB,United Kingdom,Blairgowrie,,1,7.0
51.439453,-1.390768,GB,United Kingdom,England,,2,11.0
51.357398,-1.142844,GB,United Kingdom,England,,3,50.0
55.933103,-3.133011,GB,United Kingdom,Edinburgh,,3,50.0
54.479401,-6.781006,GB,United Kingdom,Dungannon,,1,350.0
54.580513,-5.979838,GB,United Kingdom,Belfast,,1,350.0
52.984938,-2.13504,GB,United Kingdom,Stoke on Trent,,3,50.0
51.276368,1.079649,GB,United Kingdom,Canterbury,,1,22.0
51.2753,1.075911,GB,United Kingdom,Canterbury,,2,22.0
51.786989,-1.48249,GB,United Kingdom,Witney,,12,75.0
52.476807,-2.107522,GB,United Kingdom,Dudley,,4,50.0
53.489444,-2.369686,GB,United Kingdom,Manchester,,3,50.0
51.216776,-0.79509,GB,United Kingdom,Farnham,,3,50.0
52.69397,-2.286226,GB,United Kingdom,Shifnal,,3,100.0
51.436855,-0.470103,GB,United Kingdom,London,,3,7.0
53.157306,-1.190917,GB,United Kingdom,Mansfield Woodhouse,,3,50.0
53.409668,-2.969996,GB,United Kingdom,Liverpool,,3,50.0
52.920834,-1.486081,GB,United Kingdom,Derby,,3,50.0
52.308675,-1.905454,GB,United Kingdom,Redditch,,4,7.0
51.434165,0.047327,GB,United Kingdom,Mottingham,,2,7.0
51.540002,-0.299512,GB,United Kingdom,Ealing Road,,2,7.0
53.456882,-2.115543,GB,United Kingdom,Denton,,3,50.0
55.861228,-3.964541,GB,United Kingdom,Airdrie,,3,50.0
53.733159,-0.376817,GB,United Kingdom,Hull,,3,50.0
53.50216,-2.181932,GB,United Kingdom,Newton Heath,,3,50.0
55.858513,-4.225365,GB,United Kingdom,Glasgow,,3,50.0
53.817161,-1.717814,GB,United Kingdom,,,3,50.0
51.66658,-4.153253,GB,United Kingdom,Machynys Link Road,,3,50.0
52.571099,0.8516,GB,United Kingdom,Watton,,1,7.0
52.630131,1.382156,GB,United Kingdom,,,3,50.0
53.050319,-2.200057,GB,United Kingdom,Burslem,,3,50.0
56.476764,-2.931487,GB,United Kingdom,Dundee,,3,50.0
51.703375,-3.421004,GB,United Kingdom,Aberdare,,3,50.0
53.532374,-2.154279,GB,United Kingdom,Chadderton,,3,50.0
54.006825,-1.454281,GB,United Kingdom,Knaresborough,,3,50.0
53.9623,-2.014357,GB,United Kingdom,Skipton,,6,50.0
52.435197,-1.494016,GB,United Kingdom,Foleshill,,3,50.0
53.545988,-2.399358,GB,United Kingdom,Bolton,,3,50.0
53.583927,-1.48802,GB,United Kingdom,Mapplewell,,3,50.0
54.570934,-1.252869,GB,United Kingdom,Middlesbrough,,3,50.0
54.569635,-1.200523,GB,United Kingdom,Middlesbrough,,3,50.0
55.129873,-6.556363,GB,United Kingdom,,,1,60.0
51.746703,-1.232708,GB,United Kingdom,England,,6,50.0
52.960887,-1.192077,GB,United Kingdom,Beechdale Road,,6,50.0
53.385607,-3.035786,GB,United Kingdom,Birkenhead,,3,50.0
51.435474,-0.349969,GB,United Kingdom,Fulwell,,5,7.0
51.667644,-4.016401,GB,United Kingdom,Penllergaer,,5,7.0
51.273905,0.515634,GB,United Kingdom,Maidstone,,3,7.0
52.6078,-1.672825,GB,United Kingdom,Tame Valley Industrial Estate,,3,50.0
52.59913,-1.079587,GB,United Kingdom,Oadby,,3,50.0
51.7736,-1.4931,GB,United Kingdom,Witney,,3,50.0
53.003946,-1.19352,GB,United Kingdom,Bulwell,,3,50.0
53.336872,-2.975792,GB,United Kingdom,Bromborough,,3,50.0
53.089236,-2.247293,GB,United Kingdom,Kidsgrove,,3,50.0
53.382726,-2.961645,GB,United Kingdom,Liverpool,,3,50.0
55.962856,-3.170248,GB,United Kingdom,Edinburgh,,3,50.0
55.931434,-3.236209,GB,United Kingdom,Edinburgh,,3,50.0
52.461926,-1.82383,GB,United Kingdom,Birmingham,,3,50.0
53.996458,-1.509403,GB,United Kingdom,Harrogate,,3,50.0
53.353434,-2.897506,GB,United Kingdom,Garston,,3,50.0
53.56527,-0.103091,GB,United Kingdom,Grimsby,,3,50.0
53.694972,-1.631997,GB,United Kingdom,Dewsbury,,3,50.0
53.565473,-2.123505,GB,United Kingdom,Royton,,3,50.0
52.089576,-1.935096,GB,United Kingdom,Evesham,,3,50.0
55.893484,-3.068118,GB,United Kingdom,Dalkeith,,3,50.0
53.017841,-2.171046,GB,United Kingdom,Fenton,,3,50.0
52.79919,-1.635257,GB,United Kingdom,Burton-on-Trent,,3,50.0
52.4624,1.5669,GB,United Kingdom,Beccles,,3,50.0
53.755261,-2.381584,GB,United Kingdom,Accrington,,3,50.0
52.922344,-1.286019,GB,United Kingdom,Nottingham,,3,50.0
53.049432,-2.989273,GB,United Kingdom,Wrexham,,3,50.0
53.491452,-2.261654,GB,United Kingdom,Manchester,,3,50.0
53.68663,-2.669724,GB,United Kingdom,Buckshaw Village,,8,60.0
54.587811,-1.309081,GB,United Kingdom,Norton,,3,50.0
56.098932,-3.162204,GB,United Kingdom,Kirkcaldy,,3,50.0
53.556042,-2.658832,GB,United Kingdom,Wigan,,3,50.0
53.558492,-2.326436,GB,United Kingdom,Radcliffe,,3,50.0
52.455996,-1.886898,GB,United Kingdom,Balsall Heath,,3,50.0
54.54907,-1.331404,GB,United Kingdom,Stockton-on-Tees,,3,50.0
54.33792,-1.429877,GB,United Kingdom,Northallerton,,3,50.0
53.357708,-1.476258,GB,United Kingdom,Meersbrook,,3,50.0
55.724271,-3.964471,GB,United Kingdom,Larkhall,,3,50.0
51.727161,-1.195861,GB,United Kingdom,Oxford,,3,50.0
55.77908,-4.042087,GB,United Kingdom,Hamilton,,3,50.0
51.395243,0.550372,GB,United Kingdom,Gillingham,,2,7.0
51.887686,-0.505297,GB,United Kingdom,Houghton Regis,,1,7.0
51.455762,-0.310703,GB,United Kingdom,Richmond,,2,7.0
55.935135,-3.456273,GB,United Kingdom,East Main Street,,3,50.0
53.567404,-0.623889,GB,United Kingdom,Scunthorpe,,3,50.0
53.472822,-2.597747,GB,United Kingdom,Golborne,,3,50.0
51.792455,-2.614374,GB,United Kingdom,Coleford,,3,50.0
53.337185,-2.216779,GB,United Kingdom,Wilmslow,,3,50.0
55.885384,-4.256834,GB,United Kingdom,Glasgow,,3,50.0
54.560856,-1.311406,GB,United Kingdom,Stockton-on-Tees,,3,50.0
52.587659,-1.826905,GB,United Kingdom,Sutton Coldfield,,3,50.0
56.722511,-2.46779,GB,United Kingdom,Montrose,,3,50.0
54.975919,-1.712509,GB,United Kingdom,Lemington,,3,50.0
55.962987,-2.977212,GB,United Kingdom,Prestonpans,,3,50.0
53.486815,-2.290362,GB,United Kingdom,Salford,,3,50.0
52.480636,-1.772069,GB,United Kingdom,Birmingham,,3,50.0
54.005844,-0.442632,GB,United Kingdom,Driffield,,3,50.0
55.997616,-3.778147,GB,United Kingdom,Falkirk,,3,50.0
53.835386,-0.407264,GB,United Kingdom,Beverley,,3,50.0
53.543002,-2.625043,GB,United Kingdom,Wigan,,3,50.0
57.127538,-2.089599,GB,United Kingdom,Aberdeen,,3,50.0
53.813721,-1.494185,GB,United Kingdom,Leeds,,3,50.0
53.001076,-2.18742,GB,United Kingdom,Boothen Park,,3,50.0
53.823825,-3.038869,GB,United Kingdom,Blackpool,,3,50.0
52.955449,-1.230063,GB,United Kingdom,Wollaton,,3,50.0
55.820534,-4.034183,GB,United Kingdom,Bellshill,,3,50.0
51.391374,-0.320234,GB,United Kingdom,Long Ditton,,2,150.0
50.875041,-1.875266,GB,United Kingdom,Verwood,,2,120.0
57.226259,-2.34615,GB,United Kingdom,Inverurie,,1,100.0
52.681253,-1.834721,GB,United Kingdom,Lichfield,,1,47.0
55.739788,-4.147589,GB,United Kingdom,Glasgow,,2,22.0
51.415124,-1.516675,GB,United Kingdom,Hungerford,,4,50.0
52.660895,-2.059966,GB,United Kingdom,Shareshill,,16,300.0
52.075041,-0.242854,GB,United Kingdom,Biggleswade,,2,350.0
51.48091,-0.128269,GB,United Kingdom,London,,2,150.0
51.648473,-0.387356,GB,United Kingdom,Watford,,1,7.0
52.171523,-2.445467,GB,United Kingdom,Worcester,,1,22.0
50.727402,-1.738638,GB,United Kingdom,Christchurch,,1,22.0
51.043749,1.027679,GB,United Kingdom,Romney Marsh,,1,22.0
50.822293,-0.759627,GB,United Kingdom,Chichester,,1,22.0
52.388401,-4.028138,GB,United Kingdom,Aberystwyth,,1,22.0
53.235501,-3.429307,GB,United Kingdom,Saint Asaph,,4,100.0
51.311693,-0.535883,GB,United Kingdom,Woking,,2,22.0
54.365115,-2.920087,GB,United Kingdom,Windermere ,,2,22.0
51.747713,-0.04079,GB,United Kingdom,Broxbourne,,2,22.0
50.641608,-3.560465,GB,United Kingdom,Exeter,,3,100.0
52.425965,-1.705715,GB,United Kingdom,Solihull,,1,22.0
51.370183,-0.102412,GB,United Kingdom,Croydon,,2,3.0
53.253227,-1.427212,GB,United Kingdom,Chesterfield,,24,300.0
52.904655,-1.449052,GB,United Kingdom,Derby,,6,22.0
57.14014,-2.373704,GB,United Kingdom,Westhill,,2,22.0
54.323054,-2.746164,GB,United Kingdom,Kendal,,4,22.0
50.471764,-4.704192,GB,United Kingdom,Bodmin,,2,350.0
50.864584,-0.042314,GB,United Kingdom,Lewes,,1,350.0
54.311391,-2.735375,GB,United Kingdom,Kendal,,4,50.0
54.808092,-6.220094,GB,United Kingdom,Kells,,1,120.0
57.472841,-4.180566,GB,United Kingdom,Inverness,,3,50.0
51.54155,0.704361,GB,United Kingdom,2 London Road,,16,300.0
52.206873,1.579089,GB,United Kingdom,Sizewell Road,,4,150.0
51.123636,0.252467,GB,United Kingdom,Royal Tunbridge Wells,,8,300.0
53.02875,-2.208628,GB,United Kingdom,Newcastle,,12,170.0
52.709822,-2.795115,GB,United Kingdom,Shrewsbury,,1,22.0
52.712244,-2.509676,GB,United Kingdom,Wellington,,3,22.0
52.71064,-2.791558,GB,United Kingdom,Shrewsbury,,1,22.0
50.48532,-3.564972,GB,United Kingdom,Torquay,,6,50.0
50.802117,-0.578332,GB,United Kingdom,Littlehampton,,1,22.0
50.338802,-4.782937,GB,United Kingdom,St. Austell,,5,50.0
50.335171,-4.640015,GB,United Kingdom,Fowey,,3,7.0
52.657969,-1.082954,GB,United Kingdom,Leicester,,6,360.0
51.750856,-0.474789,GB,United Kingdom,Bridge Street,,12,150.0
52.52654,-1.437593,GB,United Kingdom,Camborne Drive,,8,60.0
51.581208,-0.337257,GB,United Kingdom,St Ann's Road,,6,60.0
52.143564,0.148079,GB,United Kingdom,81 London Road,,8,60.0
53.74769,-2.391515,GB,United Kingdom,Accrington,,3,50.0
51.737293,0.463198,GB,United Kingdom,Chelmsford,,1,22.0
53.164786,-1.09288,GB,United Kingdom,Nottingham,,1,22.0
50.470474,-5.014757,GB,United Kingdom,England,,1,22.0
51.755056,-1.259713,GB,United Kingdom,England,,4,22.0
52.309536,-1.58998,GB,United Kingdom,Warwickshire,,2,22.0
52.236823,0.376206,GB,United Kingdom,Newmarket,,2,22.0
53.391631,-3.063219,GB,United Kingdom,Birkenhead,,1,22.0
51.231022,0.212261,GB,United Kingdom,England,,1,100.0
54.458037,-3.025259,GB,United Kingdom,Grasmere,,1,22.0
51.382646,-1.339618,GB,United Kingdom,Newbury,,2,22.0
53.384009,-3.036654,GB,United Kingdom,Birkenhead,,1,75.0
52.680962,-1.804713,GB,United Kingdom,Lichfield,,1,22.0
53.481198,-2.626213,GB,United Kingdom,Newton-le-Willows,,1,22.0
51.516052,0.378842,GB,United Kingdom,Gray,,1,22.0
52.089969,-1.942006,GB,United Kingdom,Evesham,,1,22.0
52.367916,-2.343895,GB,United Kingdom,Bewdley,,1,22.0
51.481658,-0.445415,GB,United Kingdom,Heathrow,,1,75.0
54.607407,-3.107576,GB,United Kingdom,Keswick,,1,7.0
51.515586,-0.405198,GB,United Kingdom,England,,6,150.0
51.542927,-2.568751,GB,United Kingdom,Bristol,,6,11.0
52.54323,-0.259314,GB,United Kingdom,Peterborough,,7,350.0
51.471448,-0.071326,GB,United Kingdom,London,,1,7.0
55.648318,-4.73194,GB,United Kingdom,Ashenyards Park,,7,75.0
56.473318,-3.052509,GB,United Kingdom,Dundee,,6,50.0
50.47807,-4.841037,GB,United Kingdom,Wadebridge,,1,7.0
51.034865,-2.532039,GB,United Kingdom,Yeovil,,12,148.0
51.364242,1.043322,GB,United Kingdom,Marine Parade,,6,60.0
50.065443,-5.712522,GB,United Kingdom,Penzance,,2,60.0
54.613209,-5.872115,GB,United Kingdom,,,2,60.0
56.190081,-3.045891,GB,United Kingdom,Leven,,8,7.0
56.192395,-3.001767,GB,United Kingdom,Leven,,6,22.0
51.062689,-4.083278,GB,United Kingdom,England,,2,300.0
51.945835,-1.537924,GB,United Kingdom,Chipping Norton,,4,11.0
52.299904,-1.875947,GB,United Kingdom,Studley,,12,150.0
53.578407,-0.655015,GB,United Kingdom,Scunthorpe,,8,60.0
52.474057,-1.902054,GB,United Kingdom,Birmingham,,4,100.0
53.31614,-1.281413,GB,United Kingdom,Rotherham,,1,180.0
51.618801,0.307254,GB,United Kingdom,Brentwood,,3,50.0
55.881446,-3.086375,GB,United Kingdom,Dalkeith,,6,50.0
53.544443,-0.012033,GB,United Kingdom,Kings Road,,24,300.0
53.546784,-2.658493,GB,United Kingdom,Wigan,,16,300.0
53.773838,-2.841393,GB,United Kingdom,505 Blackpool Road,,6,60.0
53.081227,-0.806257,GB,United Kingdom,Newark on Trent,,1,250.0
51.794371,-2.288868,GB,United Kingdom,Gloucester,,8,350.0
53.048433,-0.778623,GB,United Kingdom,England,,1,150.0
51.819933,-2.227389,GB,United Kingdom,Stroud,,1,250.0
51.819866,-2.227154,GB,United Kingdom,Stroud,,7,300.0
53.00244,-2.271072,GB,United Kingdom,Staffordshire,,1,3.0
51.410505,-0.667631,GB,United Kingdom,Ascot,,1,22.0
55.64112,-3.121995,GB,United Kingdom,Peebles,,2,140.0
57.199128,-3.810616,GB,United Kingdom,Aviemore,,1,22.0
57.117511,-2.1522,GB,United Kingdom,Aberdeen,,1,22.0
51.949222,-0.20238,GB,United Kingdom,Hitchin ,,1,22.0
50.935775,0.762819,GB,United Kingdom,Rye,,1,22.0
54.683299,-5.988856,GB,United Kingdom,Newtownabbey,,1,120.0
54.479944,-6.781953,GB,United Kingdom,Dungannon,,1,24.0
54.328878,-7.618484,GB,United Kingdom,Enniskillen,,2,60.0
52.196343,0.108707,GB,United Kingdom,11 Barton Road,,6,60.0
51.878099,-2.204535,GB,United Kingdom,Longlevens,,4,60.0
52.377027,-0.718071,GB,United Kingdom,Kettering Venture Park,,8,60.0
51.414754,-1.541758,GB,United Kingdom,Hungerford,,2,160.0
51.297804,1.071911,GB,United Kingdom,England,,1,0.0
51.467139,-0.286563,GB,United Kingdom,Richmond,,4,7.0
51.791584,1.155337,GB,United Kingdom,Clacton-on-Sea,,1,7.0
51.787238,1.152624,GB,United Kingdom,Clacton-on-Sea,,1,60.0
51.790844,1.146028,GB,United Kingdom,Clacton-on-Sea,,1,300.0
51.850468,-2.139266,GB,United Kingdom,Shurdington Road,,12,150.0
51.956682,-0.630513,GB,United Kingdom,England,,1,100.0
51.313673,-0.253777,GB,United Kingdom,Epsom,,1,22.0
54.197872,-2.899631,GB,United Kingdom,Lake District,,1,22.0
51.606779,-0.220545,GB,United Kingdom,London,,1,22.0
50.817824,-0.499073,GB,United Kingdom,Crawley,,1,75.0
51.206265,-2.180249,GB,United Kingdom,Station Road,,8,60.0
50.931082,-1.399964,GB,United Kingdom,HIghfield Lane,,6,60.0
51.795265,1.149637,GB,United Kingdom,162-164 Old Road,,4,150.0
52.404996,-1.885377,GB,United Kingdom,Maypole,,4,100.0
52.278489,-1.610144,GB,United Kingdom,Warwick,,1,150.0
52.292705,-1.576726,GB,United Kingdom,Warwick,,1,150.0
52.084007,1.117595,GB,United Kingdom,Ipswich,,1,250.0
52.362912,-1.945477,GB,United Kingdom,Bromsgrove,,1,150.0
50.412478,-4.168645,GB,United Kingdom,Plymouth,,2,100.0
50.368983,-4.144298,GB,United Kingdom,Plymouth,,1,60.0
50.368368,-4.135487,GB,United Kingdom,Plymouth,,1,100.0
52.030925,1.200001,GB,United Kingdom,Ipswich,,8,360.0
50.16219,-5.08712,GB,United Kingdom,Falmouth,,2,120.0
52.488701,-2.118998,GB,United Kingdom,Dudley,,1,150.0
52.489289,-2.119211,GB,United Kingdom,Dudley,,1,120.0
52.483501,-2.11343,GB,United Kingdom,Dudley,,1,250.0
51.428184,-0.469585,GB,United Kingdom,Ashford,,1,150.0
51.569949,-1.825358,GB,United Kingdom,Swindon,,2,50.0
51.885496,-4.843092,GB,United Kingdom,Cymru / Wales,,4,22.0
51.807082,-4.967699,GB,United Kingdom,Haverfordwest,,2,160.0
53.251034,-0.601327,GB,United Kingdom,Saxibly Road,,2,25.0
52.507733,-1.822756,GB,United Kingdom,Birmingham,,20,180.0
51.554838,-2.572948,GB,United Kingdom,16 Church Road,,4,150.0
50.89518,-1.395825,GB,United Kingdom,Southampton,,1,7.4
51.07129,-1.798527,GB,United Kingdom,Salisbury,,6,0.0
51.453027,0.248512,GB,United Kingdom,Dartford,,4,22.0
51.459207,-0.104013,GB,United Kingdom,London,,1,5.0
51.461144,-0.096293,GB,United Kingdom,London,,1,5.0
51.074,-1.816767,GB,United Kingdom,Salisbury,,2,175.0
51.169475,-0.648166,GB,United Kingdom,Godalming,,2,160.0
51.128628,-0.013406,GB,United Kingdom,East Grinstead,,2,160.0
51.351748,0.707482,GB,United Kingdom,Sittingbourne,,2,60.0
51.64871,0.058812,GB,United Kingdom,Loughton,,2,160.0
51.59151,0.215248,GB,United Kingdom,Romford,,2,120.0
51.519652,-0.263029,GB,United Kingdom,London,,2,120.0
51.447449,-0.410218,GB,United Kingdom,Feltham,,2,160.0
51.448325,0.27977,GB,United Kingdom,Greenhithe,,4,160.0
51.595385,-1.742262,GB,United Kingdom,Swindon,,1,11.0
57.172497,-2.145979,GB,United Kingdom,Aberdeen,,2,150.0
51.621115,-1.294123,GB,United Kingdom,Milton Park,,1,22.0
51.467121,-0.099379,GB,United Kingdom,London,,1,5.1
52.907577,-1.856043,GB,United Kingdom,Uttoxeter,,1,250.0
51.808751,-2.71889,GB,United Kingdom,Monmouth,,1,22.0
57.148095,-2.2686,GB,United Kingdom,Westhill,,1,350.0
51.46228,-0.084216,GB,United Kingdom,London,,2,7.0
50.709714,-2.439022,GB,United Kingdom,27 Weymouth Avenue,,6,60.0
51.621065,-1.298162,GB,United Kingdom,Milton Park,,1,7.0
52.536487,-1.90532,GB,United Kingdom,Birmingham,,4,22.0
51.869806,0.281983,GB,United Kingdom,England,,3,160.0
51.093202,-1.558347,GB,United Kingdom,Test Valley,,1,50.0
50.970148,-1.341315,GB,United Kingdom,Eastleigh,,1,50.0
50.930165,-1.474013,GB,United Kingdom,Southampton,,1,150.0
53.567737,-0.073629,GB,United Kingdom,Grimsby,,1,7.0
53.583073,-0.118433,GB,United Kingdom,Grimsby,,1,50.0
53.691351,-1.711303,GB,United Kingdom,Mirfield,,16,300.0
51.845871,-4.309961,GB,United Kingdom,Carmarthen,,16,300.0
51.340594,0.60873,GB,United Kingdom,Rainham,,1,250.0
51.341741,0.606573,GB,United Kingdom,Rainham,,1,250.0
51.223581,1.400499,GB,United Kingdom,Deal,,4,150.0
51.079283,1.180445,GB,United Kingdom,Folkestone,,3,50.0
51.557599,-1.813355,GB,United Kingdom,Swindon,,2,160.0
53.835086,-1.795236,GB,United Kingdom,Shipley,,2,150.0
51.273837,0.520623,GB,United Kingdom,Maidstone,,3,50.0
51.285799,0.54302,GB,United Kingdom,Maidstone,,4,75.0
52.382159,-1.265348,GB,United Kingdom,Rugby,,6,350.0
51.021006,-3.091672,GB,United Kingdom,Taunton,,8,180.0
53.415937,-2.640141,GB,United Kingdom,Warrington,,1,7.0
52.001088,-0.723581,GB,United Kingdom,,,4,150.0
52.538692,-1.390884,GB,United Kingdom,Trent Road,,8,60.0
51.584647,-4.0596,GB,United Kingdom,18 Pennard Road,,8,60.0
52.664224,-1.166201,GB,United Kingdom,1 Bradgate Mall,,24,150.0
51.695046,-4.942803,GB,United Kingdom,42 Front Street,,4,60.0
53.205213,-2.899858,GB,United Kingdom,Chester,,4,60.0
52.129725,-0.463278,GB,United Kingdom,Bedford,,6,60.0
52.717626,-2.475924,GB,United Kingdom,Hadley Park E,,16,300.0
55.801932,-4.3427,GB,United Kingdom,1 Leggatston Dr,,6,60.0
50.519146,-4.951425,GB,United Kingdom,Trevisker Farm,,6,60.0
52.600751,1.713313,GB,United Kingdom,3 Mitchell Drive,,8,60.0
51.55328,-0.488943,GB,United Kingdom,England,,2,160.0
51.759701,-0.44007,GB,United Kingdom,Hemel Hempstead,,8,60.0
51.46694,-0.186306,GB,United Kingdom,London,,2,150.0
53.389411,-1.063716,GB,United Kingdom,England,,2,52.0
53.481895,-2.256414,GB,United Kingdom,Manchester ,,1,22.0
50.340096,-4.634088,GB,United Kingdom,Fowey,,2,7.0
50.463849,-4.712617,GB,United Kingdom,Bodmin,,1,7.0
50.662147,-4.747518,GB,United Kingdom,England,,1,7.0
50.827215,-4.54636,GB,United Kingdom,Bude,,3,50.0
50.636133,-4.357841,GB,United Kingdom,Launceston,,1,7.0
52.680631,-0.737044,GB,United Kingdom,England,,4,300.0
54.42336,-2.908999,GB,United Kingdom,Windermere,,1,7.4
52.70741,-2.908999,GB,United Kingdom,Shrewsbury,,1,22.0
50.822841,-0.544234,GB,United Kingdom,Littlehampton ,,1,22.0
50.82208,-0.147311,GB,United Kingdom,Brighton ,,1,22.0
53.299624,-2.970902,GB,United Kingdom,Ellemere Port ,,1,22.0
53.397161,-2.20063,GB,United Kingdom,Cheadle ,,1,22.0
53.42287,-1.363389,GB,United Kingdom,Rotherham ,,1,22.0
51.4789,-0.31484,GB,United Kingdom,England,,1,160.0
51.686959,-0.222178,GB,United Kingdom,Potters Bar,,1,180.0
51.630065,-0.263384,GB,United Kingdom,England,,1,150.0
51.250164,-0.592629,GB,United Kingdom,Guildford,,2,150.0
51.53393,-0.296103,GB,United Kingdom,England,,1,120.0
51.460377,-2.587608,GB,United Kingdom,Bristol,,1,22.0
51.017652,-3.066051,GB,United Kingdom,Taunton,,2,150.0
51.423718,-1.037831,GB,United Kingdom,England,,1,250.0
55.170554,-1.691906,GB,United Kingdom,Morpeth,,4,7.4
51.513809,-0.621978,GB,United Kingdom,Bath Rd,,8,120.0
54.349191,-1.442894,GB,United Kingdom,Northallerton,,1,7.0
50.356739,-3.672807,GB,United Kingdom,Blackawton,,2,7.0
54.757704,-6.457611,GB,United Kingdom,Northern Ireland / Tuaisceart Éireann,,1,350.0
52.944674,-0.629431,GB,United Kingdom,Grantham,,2,100.0
54.032354,-2.896748,GB,United Kingdom,Morecombe,,1,22.0
51.61095,-3.677249,GB,United Kingdom,Maesteg,,1,22.0
55.636865,-2.830854,GB,United Kingdom,Galashiels ,,1,22.0
51.54755,-2.557864,GB,United Kingdom,Bristol,,1,22.0
53.765083,-2.640782,GB,United Kingdom,Preston,,2,100.0
53.405085,-0.757036,GB,United Kingdom,Gainsborough CP,,1,150.0
53.584859,-0.138514,GB,United Kingdom,England,,1,50.0
53.541019,-0.108408,GB,United Kingdom,England,,1,100.0
53.383511,-0.012456,GB,United Kingdom,Louth,,1,120.0
52.797916,-0.123134,GB,United Kingdom,Spalding,,1,120.0
52.739363,0.417921,GB,United Kingdom,King's Lynn,,1,150.0
55.895675,-3.097538,GB,United Kingdom,Lasswade,,6,350.0
53.466058,-2.570089,GB,United Kingdom,324 Newton Road,,6,75.0
51.633388,0.813702,GB,United Kingdom,Foundry Lane,,4,150.0
53.729419,-0.581498,GB,United Kingdom,Station Road,,7,75.0
51.818583,-2.224575,GB,United Kingdom,Stroud,,6,300.0
51.680604,-0.608239,GB,United Kingdom,Amersham,,1,50.0
51.767548,-0.436674,GB,United Kingdom, Hemel Hempstead,,1,22.0
55.955206,-3.377522,GB,United Kingdom,Kirkliston,,1,22.0
54.238938,-0.412601,GB,United Kingdom,Scarborough ,,1,22.0
51.179818,-0.920675,GB,United Kingdom,Alton ,,1,22.0
50.809531,-0.503826,GB,United Kingdom,Rustington ,,1,75.0
51.237468,-0.503433,GB,United Kingdom,Guildford,,1,22.0
53.078209,-0.956045,GB,United Kingdom,Southwell,,1,22.0
52.564156,-0.711458,GB,United Kingdom,Oakham,,1,22.0
57.198473,-3.815964,GB,United Kingdom,Aviemore,,1,22.0
52.199773,0.116768,GB,United Kingdom,Cambridge,,1,22.0
57.288721,-3.799664,GB,United Kingdom,Invernesshire,,1,22.0
52.122002,-1.974666,GB,United Kingdom,Evesham ,,1,22.0
52.033498,1.204428,GB,United Kingdom,Ipswich,,1,150.0
51.960947,1.317162,GB,United Kingdom,Felixstowe,,1,11.0
52.386316,-0.696832,GB,United Kingdom,Barton Seagrave,,1,250.0
51.056846,-1.79297,GB,United Kingdom,Salisbury,,1,150.0
51.536454,-2.5477,GB,United Kingdom,Bradley Stoke,,32,300.0
51.50408,-2.52987,GB,United Kingdom,England,,1,120.0
51.681541,-0.389363,GB,United Kingdom,Watford,,1,150.0
51.313709,-0.558975,GB,United Kingdom,Woking,,4,22.0
53.718451,-1.881573,GB,United Kingdom,Halifax,,5,22.0
52.79198,1.266128,GB,United Kingdom,Broadland,,1,150.0
52.034336,1.207346,GB,United Kingdom,Ipswich,,1,150.0
51.956505,1.327962,GB,United Kingdom,Felixstowe,,1,120.0
51.958385,1.341268,GB,United Kingdom,Felixstowe,,1,50.0
52.478069,1.716205,GB,United Kingdom,England,,1,150.0
52.501577,1.735329,GB,United Kingdom,Lowestoft,,1,150.0
52.637475,1.55344,GB,United Kingdom,Acle,,1,150.0
52.625985,1.342134,GB,United Kingdom,England,,1,75.0
51.230651,-2.3284,GB,United Kingdom,Frome,,4,22.0
52.32254,-0.076189,GB,United Kingdom,Huntingdonshire,,3,22.0
52.508002,-0.706739,GB,United Kingdom,Corby,,3,22.0
54.892191,-2.931949,GB,United Kingdom,Carlisle,,1,7.0
53.579591,-2.534563,GB,United Kingdom,Horwich,,4,22.0
52.657556,1.285235,GB,United Kingdom,England,,1,0.0
54.344083,-6.27289,GB,United Kingdom,Banbridge,,1,150.0
51.686413,-0.005443,GB,United Kingdom,England,,2,160.0
54.346523,-6.272488,GB,United Kingdom,Banbridge,,1,24.0
52.627559,1.38374,GB,United Kingdom,England,,1,250.0
51.580033,0.44602,GB,United Kingdom,Basildon,,2,300.0
50.225511,-5.278818,GB,United Kingdom,Camborne,,2,300.0
51.465317,-0.983951,GB,United Kingdom,Reading,,1,150.0
51.211728,-1.455725,GB,United Kingdom,Andover,,2,100.0
53.62941,-0.250952,GB,United Kingdom,England,,2,150.0
51.611419,-1.423211,GB,United Kingdom,Wantage,,1,22.0
51.74809,-0.432141,GB,United Kingdom,Hemel Hempstead,,8,60.0
51.835924,-0.458941,GB,United Kingdom,1 Hicks Road,,6,60.0
51.90197,-0.546048,GB,United Kingdom,Dunstable,,8,60.0
51.456726,-3.36277,GB,United Kingdom,Swansea Road,,4,60.0
53.20234,-0.55601,GB,United Kingdom,Newark Road,,6,60.0
50.686586,-2.109266,GB,United Kingdom,Wareham,,1,120.0
51.232774,-2.319869,GB,United Kingdom,Frome,,3,22.0
51.128519,-2.738013,GB,United Kingdom,Street,,1,7.0
51.184679,-0.615367,GB,United Kingdom,Godalming,,1,150.0
51.156346,-0.153553,GB,United Kingdom,Crawley,,1,250.0
51.559714,-1.772168,GB,United Kingdom,Swindon,,1,22.0
50.638219,-2.420033,GB,United Kingdom,Weymouth,,1,7.0
51.577596,0.184788,GB,United Kingdom,Romford,,1,250.0
52.378032,-2.079827,GB,United Kingdom,Stourbridge Road,,6,60.0
52.051887,-0.752333,GB,United Kingdom,Milton Keynes,,6,60.0
53.71568,-1.532763,GB,United Kingdom,Bradford Road,,16,300.0
52.25281,-1.320645,GB,United Kingdom,Stratford-on-Avon,,6,60.0
52.544047,-0.303514,GB,United Kingdom,Orton Goldhay,,15,50.0
50.716265,-2.467661,GB,United Kingdom,Great Cranford St,,8,60.0
51.871676,-0.396996,GB,United Kingdom,Luton,,1,250.0
51.891979,0.891435,GB,United Kingdom,Colchester ,,6,75.0
53.755666,-2.704585,GB,United Kingdom,England,,1,22.0
51.399606,-0.770428,GB,United Kingdom,Bracknell,,1,50.0
53.630887,-2.691135,GB,United Kingdom,,,1,150.0
51.43071,-1.56018,GB,United Kingdom,Hungerford,,1,7.0
51.481633,-0.060942,GB,United Kingdom,Southwark,,3,22.0
50.34431,-4.62307,GB,United Kingdom,Fowey,,1,22.0
51.7797,-1.16375,GB,United Kingdom,Stanton St John,,2,22.0
51.625133,-0.77641,GB,United Kingdom,High Wycombe,,1,60.0
51.58953,-0.553128,GB,United Kingdom,Gerrards Cross,,1,50.0
51.089818,0.520929,GB,United Kingdom,Cranbrook,,3,7.0
52.36039,-0.160203,GB,United Kingdom,Huntington,,1,22.0
53.277783,-1.667041,GB,United Kingdom,The Dale,,2,7.0
54.222,-1.65809,GB,United Kingdom,Masham,,1,7.0
52.537342,-2.187737,GB,United Kingdom,Ounsdale Road,,6,60.0
53.796941,-1.377924,GB,United Kingdom,Aberford Road,,4,60.0
52.670471,-2.309913,GB,United Kingdom,Newport Road,,6,60.0
51.477222,-0.613572,GB,United Kingdom,Windsor,,4,7.0
52.453862,-2.123911,GB,United Kingdom,Grange Lane,,8,60.0
51.880456,-5.259342,GB,United Kingdom,Cymru / Wales,,1,50.0
54.12235,-6.408189,GB,United Kingdom,,,2,24.0
57.148065,-2.266987,GB,United Kingdom,Aberdeen,,6,300.0
55.582334,-3.821854,GB,United Kingdom,Alba / Scotland,,3,150.0
51.556386,0.726263,GB,United Kingdom,Southend-on-Sea,,3,150.0
51.375037,-0.410712,GB,United Kingdom,Walton-on-Thames,,36,7.0
51.958507,-1.202848,GB,United Kingdom,England,,4,150.0
54.608876,-1.313451,GB,United Kingdom,Billingham ,,1,22.0
51.445809,-0.820029,GB,United Kingdom,Wokingham ,,1,22.0
54.152559,-1.531596,GB,United Kingdom,Ripon,,1,22.0
51.555621,-1.901343,GB,United Kingdom,Swindon,,1,22.0
52.691895,-0.770395,GB,United Kingdom,Oakham,,1,22.0
51.742987,-0.970137,GB,United Kingdom,Thame,,1,150.0
51.68214,-1.272992,GB,United Kingdom,Abingdon,,1,50.0
51.76818,-1.581953,GB,United Kingdom,Carterton,,1,120.0
52.138689,-0.443584,GB,United Kingdom,Bedford,,1,150.0
52.14623,-0.487979,GB,United Kingdom,Bedford,,1,150.0
52.364353,-0.696066,GB,United Kingdom,Burton Latimer,,13,7.0
53.982436,-0.790903,GB,United Kingdom,Bishop Wilton,,1,22.0
50.992923,0.076571,GB,United Kingdom,off A272,,5,7.0
52.970096,-0.019109,GB,United Kingdom,Boston,,1,22.0
57.185636,-2.091207,GB,United Kingdom,Intown Road,,6,75.0
51.746485,-4.733466,GB,United Kingdom,Begelly,,6,7.0
52.289641,-1.218668,GB,United Kingdom,London Road,,6,60.0
51.700296,0.110889,GB,United Kingdom,Epping,,17,22.0
51.11852,-0.136085,GB,United Kingdom,Turners Hill Rd,,8,75.0
55.013812,-1.662291,GB,United Kingdom,Kingston Park,,1,75.0
51.083316,-0.194613,GB,United Kingdom,1 Benson Hill Road,,1,7.0
52.499804,0.054903,GB,United Kingdom,Doddington,,1,7.0
53.47989,-2.86968,GB,United Kingdom,Kirkby,,2,7.0
51.51299,-0.302719,GB,United Kingdom,London,,6,7.0
53.087045,-3.798053,GB,United Kingdom,Betws-Y-Coed,,3,7.0
53.481871,-2.110598,GB,United Kingdom,Smith Street,,3,7.0
54.35413,-2.9135,GB,United Kingdom,Crook Road,,4,7.0
51.43148,0.15553,GB,United Kingdom,Bexley,,2,22.0
51.878543,0.943588,GB,United Kingdom,Colchester,,3,7.0
57.21169,-2.196094,GB,United Kingdom,Dyce,,4,7.0
51.735509,-0.464535,GB,United Kingdom,England,,1,150.0
52.057379,-2.140795,GB,United Kingdom,Worcester,,11,360.0
53.214426,-1.670866,GB,United Kingdom,Bakewell,,3,7.0
54.445566,-6.689353,GB,United Kingdom,Dungannon,,1,75.0
54.377126,-6.016453,GB,United Kingdom,Dromara,,1,150.0
54.956587,-1.677382,GB,United Kingdom,Marconi Way,,6,75.0
51.386918,-1.407002,GB,United Kingdom,Newbury,,4,3.6
57.694098,-2.004717,GB,United Kingdom,Fraserburgh,,3,50.0
56.723686,-2.465231,GB,United Kingdom,Montrose,,1,150.0
56.480796,-2.817473,GB,United Kingdom,Dundee,,2,7.0
56.470977,-3.042831,GB,United Kingdom,Dundee,,2,7.0
56.454513,-2.976637,GB,United Kingdom,Dundee,,2,7.0
55.17469,-1.562934,GB,United Kingdom,Ashington,,1,22.0
56.058039,-2.714189,GB,United Kingdom,North Berwick,,1,7.0
56.052741,-2.713793,GB,United Kingdom,North Berwick,,1,7.0
56.050389,-2.726889,GB,United Kingdom,North Berwick,,2,7.0
56.035028,-2.829167,GB,United Kingdom,Gullane,,1,7.0
56.002811,-2.524181,GB,United Kingdom,Dunbar,,1,7.0
56.000434,-2.519709,GB,United Kingdom,Dunbar,,2,7.0
55.998806,-2.530611,GB,United Kingdom,Dunbar,,2,7.0
55.994954,-2.513238,GB,United Kingdom,Dunbar,,1,7.0
55.99133,-3.398619,GB,United Kingdom,Queensferry,,2,7.0
55.991244,-2.529995,GB,United Kingdom,Dunbar,,2,7.0
55.986503,-2.74717,GB,United Kingdom,Athelstaneford,,1,7.0
55.983462,-3.400677,GB,United Kingdom,South Queensferry,,2,7.0
55.974817,-3.195984,GB,United Kingdom,Edinburgh,,2,7.0
55.971408,-2.95007,GB,United Kingdom,Port Seton,,1,7.0
55.964843,-3.169036,GB,United Kingdom,Edinburgh,,2,7.0
55.963821,-3.197269,GB,United Kingdom,Edinburgh,,2,7.0
55.961363,-2.769913,GB,United Kingdom,Haddington,,1,7.0
55.961363,-3.305099,GB,United Kingdom,Edinburgh,,2,7.0
55.957944,-2.987167,GB,United Kingdom,Prestonpans,,2,7.0
55.956333,-2.986361,GB,United Kingdom,Prestonpans,,2,7.0
55.956304,-3.244544,GB,United Kingdom,Edinburgh,,2,7.0
55.952242,-3.140852,GB,United Kingdom,Edinburgh,,2,7.0
55.94501,-3.19946,GB,United Kingdom,Edinburgh,,2,22.0
55.944806,-2.94975,GB,United Kingdom,Tranent,,2,7.0
55.944632,-3.197533,GB,United Kingdom,Edinburgh,,2,7.0
55.94416,-3.098387,GB,United Kingdom,Edinburgh,,2,7.0
55.944028,-3.048472,GB,United Kingdom,Musselburgh,,2,7.0
55.942023,-3.061154,GB,United Kingdom,Musselburgh,,1,7.0
55.941834,-3.061245,GB,United Kingdom,Musselburgh,,1,7.0
55.939472,-3.003583,GB,United Kingdom,Wallyford,,2,7.0
55.93923,-3.055951,GB,United Kingdom,Musselburgh,,2,7.0
55.939009,-3.356512,GB,United Kingdom,Newbridge,,3,50.0
55.938761,-3.182625,GB,United Kingdom,Edinburgh,,2,7.0
55.938517,-3.048957,GB,United Kingdom,Musselburgh,,2,7.0
55.938472,-3.038278,GB,United Kingdom,Musselburgh,,1,7.0
55.93366,-3.163372,GB,United Kingdom,Edinburgh,,2,7.0
55.922484,-2.96364,GB,United Kingdom,Elphinstone,,1,7.0
55.916962,-3.036521,GB,United Kingdom, Musselburgh,,1,7.0
55.909461,-2.947804,GB,United Kingdom,Ormiston,,1,7.0
55.90912,-2.897652,GB,United Kingdom,Pencaitland,,1,7.0
55.905422,-3.220817,GB,United Kingdom,Edinburgh,,2,7.0
55.899715,-2.84208,GB,United Kingdom,East Saltoun,,1,7.0
55.883221,-4.29057,GB,United Kingdom,Glasgow,,2,22.0
55.882655,-4.438299,GB,United Kingdom,Inchinnan,,1,22.0
55.869181,-4.231016,GB,United Kingdom,Glasgow,,2,7.0
48.086894,11.499503,DE,Germany,München,,1,22.0
48.090052,11.505317,DE,Germany,München,,2,150.0
48.088255,11.505057,DE,Germany,München,,1,150.0
51.272815,9.503863,DE,Germany,Fuldabrück,,2,300.0
51.767772,11.484193,DE,Germany,Aschersleben,,2,300.0
51.767257,11.485685,DE,Germany,Aschersleben,,1,300.0
51.389825,12.339217,DE,Germany,Leipzig,,1,22.0
51.36974,12.340415,DE,Germany,Leipzig,,1,22.0
51.368391,12.345412,DE,Germany,Leipzig,,1,22.0
47.875065,12.633365,DE,Germany,Traunstein,,1,11.0
49.870208,8.646234,DE,Germany,Hessen,,1,11.0
51.431287,6.768569,DE,Germany,Nordrhein-Westfalen,,1,11.0
53.588532,10.044334,DE,Germany,,,1,11.0
51.213315,6.749011,DE,Germany,Nordrhein-Westfalen,,1,11.0
51.515834,7.453405,DE,Germany,Nordrhein-Westfalen,,1,11.0
50.110027,8.709862,DE,Germany,Hessen,,1,11.0
50.110992,8.7096,DE,Germany,Hessen,,1,11.0
52.158454,9.954607,DE,Germany,Niedersachsen,,1,11.0
53.084304,8.808532,DE,Germany,Bremen,,1,11.0
51.059527,13.783196,DE,Germany,Sachsen,,1,11.0
49.444451,11.866492,DE,Germany,Amberg,,1,11.0
50.975428,11.036404,DE,Germany,Thüringen,,1,11.0
51.362606,7.46241,DE,Germany,Nordrhein-Westfalen,,1,11.0
51.431662,6.766443,DE,Germany,Nordrhein-Westfalen,,1,11.0
52.511992,13.431011,DE,Germany,,,1,11.0
51.045477,13.733761,DE,Germany,Sachsen,,1,11.0
52.153912,9.9489,DE,Germany,Niedersachsen,,1,11.0
50.116315,8.680769,DE,Germany,Hessen,,1,11.0
50.968825,10.078501,DE,Germany,Gerstungen,,1,11.0
51.366745,12.34989,DE,Germany,Leipzig,,1,22.0
52.523202,13.590301,DE,Germany,Berlin,,1,11.0
52.529551,13.587604,DE,Germany,Berlin,,1,22.0
49.579072,10.887118,DE,Germany,Herzogenaurach,,1,200.0
48.877482,9.355769,DE,Germany,Baden-Württemberg,,1,22.0
48.871639,9.35169,DE,Germany,Schwaikheim,,1,22.0
48.876219,9.349429,DE,Germany,Schwaikheim,,1,22.0
53.673405,8.009666,DE,Germany,Wangerland,,1,22.0
49.800079,9.996642,DE,Germany,Würzburg,,2,22.0
49.005438,8.495056,DE,Germany,Baden-Württemberg,,1,200.0
49.039492,8.293505,DE,Germany,Wörth am Rhein,,4,300.0
48.578948,9.662881,DE,Germany,Mühlhausen im Täle,,2,400.0
50.020566,10.215173,DE,Germany,Schweinfurt,,1,250.0
51.685901,12.394601,DE,Germany,Burgkemnitz,,1,3.0
51.366373,7.493012,DE,Germany,Hagen,,1,0.0
47.967068,7.829706,DE,Germany,Merzhausen,,1,11.0
49.562943,6.683409,DE,Germany,Greimerath ,,1,11.0
49.454647,8.665176,DE,Germany,Dossenheim,,2,60.0
48.645834,9.011657,DE,Germany,Landkreis Böblingen,,1,150.0
48.631357,9.017014,DE,Germany,Landkreis Böblingen,,1,22.0
48.058243,8.444356,DE,Germany,Villingen-Schwenningen,,2,300.0
48.597207,8.112802,DE,Germany,Kappelrodeck,,2,50.0
52.994102,8.819354,DE,Germany,Weyhe,,4,50.0
50.997808,9.733946,DE,Germany,Rotenburg an der Fulda,,1,150.0
48.062261,12.226379,DE,Germany,Wasserburg am Inn,,1,22.0
50.144619,8.611891,DE,Germany,Frankfurt am Main,,2,0.0
49.01401,12.11856,DE,Germany,Regensburg,,1,150.0
47.581659,9.849895,DE,Germany,Scheidegg,,1,22.0
47.55263,9.70426,DE,Germany,Lindau (Bodensee),,5,0.0
48.838986,12.118826,DE,Germany,Schierling,,2,300.0
49.028236,8.441457,DE,Germany,Karlsruhe,,1,22.0
49.026239,8.44567,DE,Germany,Karlsruhe,,1,22.0
49.803082,6.891645,DE,Germany,Leiwen,,1,22.0
49.549418,8.817184,DE,Germany,Wald-Michelbach,,1,11.0
47.868887,11.163823,DE,Germany,Wielenbach,,1,11.0
47.74903,11.374923,DE,Germany,Penzberg,,1,11.0
48.854252,8.579966,DE,Germany,Neuenbürg,,1,11.0
53.522254,13.265464,DE,Germany,Neubrandenburg,,1,11.0
48.206917,11.162782,DE,Germany,Mammendorf,,1,11.0
50.592905,8.719088,DE,Germany,Gießen,,1,11.0
49.482847,10.94873,DE,Germany,Fürth,,1,200.0
49.967867,8.979389,DE,Germany,Harreshausen,,1,22.0
49.967417,8.979097,DE,Germany,Harreshausen,,1,22.0
49.967534,8.97973,DE,Germany,Harreshausen,,1,22.0
49.967093,8.979481,DE,Germany,Harreshausen,,1,22.0
49.967561,8.978975,DE,Germany,Harreshausen,,1,22.0
49.967553,8.979188,DE,Germany,Harreshausen,,1,22.0
49.769055,10.470821,DE,Germany,Geiselwind,,2,175.0
48.741089,9.296563,DE,Germany,Esslingen am Neckar,,2,22.0
50.140096,8.399639,DE,Germany,Eppstein,,2,11.0
49.51046,12.538846,DE,Germany,Schönsee,,2,11.0
49.973636,8.991704,DE,Germany,Harreshausen,,1,22.0
49.967531,8.979158,DE,Germany,Harreshausen,,1,22.0
48.493173,9.711097,DE,Germany,Laichingen,,2,300.0
51.469737,7.212396,DE,Germany,Bochum,,1,22.0
48.348556,10.987466,DE,Germany,Friedberg,,1,22.0
51.69472,12.450378,DE,Germany,Gröbern,,1,7.2
52.109228,9.360377,DE,Germany,Hameln,,1,11.1
49.531404,8.576566,DE,Germany,Viernheim,,1,22.0
51.306298,6.879698,DE,Germany,Ratingen,,1,22.0
51.83976,6.882504,DE,Germany,Borken,,1,400.0
52.029671,8.902035,DE,Germany,Lemgo,,2,50.0
48.58576,13.390525,DE,Germany,Passau,,1,22.0
50.818865,7.180946,DE,Germany,Troisdorf,,1,22.0
50.968865,7.014651,DE,Germany,Köln,,2,125.0
47.825882,10.016701,DE,Germany,Leutkirch,,1,11.0
47.825045,10.020964,DE,Germany,Leutkirch,,2,300.0
48.416049,10.100087,DE,Germany,Nersingen,,1,300.0
47.576304,9.60977,DE,Germany,Nonnenhorn,,1,22.0
53.078986,8.894787,DE,Germany, Bremen ,,1,50.0
53.074532,8.843299,DE,Germany, Bremen ,,1,50.0
53.045089,8.719673,DE,Germany, Bremen ,,1,50.0
53.052411,8.717419,DE,Germany, Bremen ,,1,50.0
53.061092,8.800387,DE,Germany, Bremen ,,1,50.0
50.416107,6.717955,DE,Germany,Blankenheim,,2,12.7
52.31227,10.002033,DE,Germany,Rethmar,,4,22.0
48.644295,11.520099,DE,Germany,Reichertshofen,,1,300.0
47.550587,9.722242,DE,Germany,Lindau,,2,150.0
48.101405,11.525423,DE,Germany,München,,3,150.0
50.82025,6.296469,DE,Germany,Eschweiler ,,2,200.0
50.206952,6.499635,DE,Germany,Fleringen,,1,11.0
48.639769,9.06115,DE,Germany,Weil Im Schönbuch ,,2,22.0
47.646416,9.506591,DE,Germany,Friedrichshafen,,1,300.0
48.237305,11.352318,DE,Germany,Bergkirchen,,1,300.0
48.236824,11.352051,DE,Germany,Bergkirchen,,1,300.0
48.306163,11.634371,DE,Germany,Eching,,1,300.0
51.800001,10.347488,DE,Germany,Clausthal-Zellerfeld,,1,0.0
48.273707,10.977362,DE,Germany,Mering,,1,150.0
48.638293,12.489494,DE,Germany,Dingolfing,,1,150.0
48.539126,12.095651,DE,Germany,Landshut,,1,150.0
48.485453,12.014442,DE,Germany,Eching,,1,300.0
48.381183,11.753131,DE,Germany,Freising,,1,150.0
48.283692,11.563717,DE,Germany,Unterschleißheim,,1,150.0
48.138854,11.371167,DE,Germany,Germering,,1,300.0
48.056771,11.60248,DE,Germany,Unterhaching,,1,150.0
48.083028,11.854465,DE,Germany,Kirchseeon,,1,150.0
48.049149,12.22232,DE,Germany,Wasserburg am Inn,,1,150.0
47.61891,12.1996,DE,Germany,Kiefersfelden,,1,150.0
47.84665,12.125016,DE,Germany,Rosenheim,,1,150.0
47.685429,11.758487,DE,Germany,Kreuth,,1,150.0
47.748343,11.565829,DE,Germany,Bad Tölz,,1,150.0
47.502395,11.101598,DE,Germany,Garmisch-Partenkirchen,,1,150.0
47.691446,11.202506,DE,Germany,Murnau am Staffelsee,,1,300.0
47.765709,11.359319,DE,Germany,Penzberg,,1,150.0
47.900486,11.426644,DE,Germany,Wolfratshausen,,1,150.0
47.773368,10.60497,DE,Germany,Marktoberdorf,,1,150.0
47.883218,10.248301,DE,Germany,Bad Grönenbach,,1,300.0
47.879302,10.038627,DE,Germany,Aichstetten,,1,150.0
48.000844,10.167457,DE,Germany,Memmingen,,1,300.0
48.019135,10.273326,DE,Germany,Ungerhausen,,1,400.0
48.043441,10.622385,DE,Germany,Türkheim,,1,300.0
48.224841,11.333075,DE,Germany,Olching,,1,150.0
48.910429,8.71681,DE,Germany,Pforzheim,,1,300.0
48.824234,8.869434,DE,Germany,Heimsheim,,1,150.0
48.677272,9.195821,DE,Germany,Filderstadt,,1,150.0
48.63635,9.3462,DE,Germany,Nürtingen,,1,300.0
48.677657,9.365762,DE,Germany,Köngen,,1,150.0
48.644481,9.430834,DE,Germany,Kirchheim unter Teck,,1,300.0
48.514548,9.758326,DE,Germany,Merklingen,,1,300.0
48.41227,10.4402,DE,Germany,Jettingen-Scheppach,,1,350.0
48.411907,10.440271,DE,Germany,Jettingen-Scheppach,,1,300.0
48.823316,8.657772,DE,Germany,Engelsbrand/Salmbach,,2,22.0
52.394973,13.238448,DE,Germany,Teltow,,2,300.0
52.882197,11.488941,DE,Germany,Arendsee,,1,11.0
50.00601,8.773023,DE,Germany,Dietzenbach,,1,22.0
50.017626,8.770919,DE,Germany,Dietzenbach,,1,22.0
50.016245,8.769533,DE,Germany,Dietzenbach,,1,22.0
49.57531,11.20268,DE,Germany,Eckental,,2,22.0
48.697613,9.717767,DE,Germany,Eislingen,,1,22.0
51.333333,6.200296,DE,Germany,Nettetal,,1,300.0
48.518567,9.738675,DE,Germany,Merklingen,,1,9.0
51.233189,7.075975,DE,Germany,Wuppertal,,2,60.0
51.71317,10.59787,DE,Germany,Braunlage,,2,12.7
51.268788,9.252628,DE,Germany,Bad Emstal,,2,12.7
51.197732,12.410024,DE,Germany,Rötha,,4,12.7
51.189423,8.515697,DE,Germany,Winterberg,,2,12.7
51.0754,7.8532,DE,Germany,Olpe,,2,12.7
51.06694,7.83988,DE,Germany,Olpe,,2,12.7
50.822843,12.655664,DE,Germany,Callenberg,,2,12.7
50.42183,9.64145,DE,Germany,Mittelkalbach,,4,12.7
50.41503,6.71911,DE,Germany,Blankenheim,,2,12.7
50.108337,6.349498,DE,Germany,Waxweiler,,2,12.7
50.09024,6.36888,DE,Germany,Waxweiler Duitsland,,2,12.7
47.7178,12.4792,DE,Germany,Unterwössen,,2,12.7
47.678539,10.031028,DE,Germany,Isny im Allgäu,,2,12.7
48.017894,8.720517,DE,Germany,Seitingen-Oberflacht,,2,150.0
50.729391,6.179091,DE,Germany,Aachen - Kornelimünster,,1,22.0
48.35096,9.980838,DE,Germany,Ulm-Wiblingen,,2,22.0
48.146522,11.790601,DE,Germany,,,1,250.0
50.81373,7.107211,DE,Germany,,,1,250.0
51.130132,6.995978,DE,Germany,,,1,250.0
48.999791,12.148416,DE,Germany,,,1,250.0
52.502168,13.374185,DE,Germany,,,1,250.0
51.485683,6.88661,DE,Germany,,,1,250.0
48.184498,11.532516,DE,Germany,,,1,250.0
51.401131,12.397766,DE,Germany,,,1,250.0
49.772484,9.584185,DE,Germany,,,1,250.0
52.170715,11.484837,DE,Germany,,,1,250.0
53.562914,10.031458,DE,Germany,,,1,250.0
52.391417,13.796,DE,Germany,,,1,250.0
48.039651,11.661214,DE,Germany,,,1,250.0
52.519472,13.41633,DE,Germany,,,1,250.0
47.626949,13.000833,DE,Germany,,,1,250.0
49.230727,7.40817,DE,Germany,,,1,250.0
48.407702,10.599293,DE,Germany,,,1,250.0
52.533806,12.997194,DE,Germany,,,1,250.0
51.282505,7.256382,DE,Germany,,,1,250.0
53.350261,10.147134,DE,Germany,,,1,250.0
51.14415,6.426765,DE,Germany,,,1,250.0
52.31363,13.60493,DE,Germany,,,1,250.0
50.046188,8.219895,DE,Germany,,,1,250.0
50.552856,8.532806,DE,Germany,,,1,250.0
48.82159,9.296653,DE,Germany,,,1,250.0
49.527996,8.565773,DE,Germany,,,1,250.0
49.539856,8.595236,DE,Germany,,,1,250.0
49.406055,11.761046,DE,Germany,,,1,250.0
48.042495,10.620099,DE,Germany,,,1,250.0
52.36852,13.559055,DE,Germany,,,1,250.0
48.284824,10.115983,DE,Germany,,,1,250.0
52.458296,9.716331,DE,Germany,,,1,250.0
53.912554,10.732432,DE,Germany,,,1,250.0
53.881299,10.660146,DE,Germany,,,1,250.0
50.116723,8.53024,DE,Germany,,,1,250.0
53.116981,9.204946,DE,Germany,,,1,250.0
52.983494,9.925521,DE,Germany,,,1,250.0
53.287531,9.507492,DE,Germany,,,1,250.0
49.413848,8.54334,DE,Germany,,,1,250.0
49.314479,12.146512,DE,Germany,,,1,250.0
50.546455,11.803402,DE,Germany,,,1,250.0
48.838321,12.119354,DE,Germany,,,1,250.0
49.208043,7.027138,DE,Germany,,,1,250.0
49.968394,8.390394,DE,Germany,,,1,250.0
47.817073,12.120631,DE,Germany,,,1,250.0
48.249996,7.765674,DE,Germany,,,1,250.0
50.595683,8.81877,DE,Germany,,,1,250.0
53.823223,10.50362,DE,Germany,,,1,250.0
48.645628,11.520653,DE,Germany,,,1,250.0
53.387886,9.796971,DE,Germany,,,1,250.0
53.057533,9.165355,DE,Germany,,,1,250.0
52.213321,8.814317,DE,Germany,,,1,250.0
50.497509,12.170172,DE,Germany,,,1,250.0
48.788729,12.897424,DE,Germany,,,1,250.0
47.764129,12.90426,DE,Germany,,,1,250.0
49.815532,8.620307,DE,Germany,,,1,250.0
48.905018,8.654438,DE,Germany,,,1,250.0
52.340195,10.247676,DE,Germany,,,1,250.0
48.689626,13.212662,DE,Germany,,,1,250.0
52.620732,13.54162,DE,Germany,,,1,250.0
51.710912,8.713781,DE,Germany,,,1,250.0
49.204487,9.488775,DE,Germany,,,1,250.0
48.473163,7.924751,DE,Germany,,,1,250.0
48.46981,7.931499,DE,Germany,,,1,250.0
51.475748,6.84186,DE,Germany,,,1,250.0
50.33102,6.945609,DE,Germany,,,1,250.0
51.911281,7.398489,DE,Germany,,,1,250.0
53.613512,7.16686,DE,Germany,,,1,250.0
51.200922,6.713777,DE,Germany,,,1,250.0
54.070027,9.941533,DE,Germany,,,1,250.0
50.03775,11.489306,DE,Germany,,,1,250.0
51.99222,7.571088,DE,Germany,,,1,250.0
48.10513,11.53684,DE,Germany,,,1,250.0
48.132764,11.689757,DE,Germany,,,1,250.0
48.196866,11.605312,DE,Germany,,,1,250.0
48.161505,11.602763,DE,Germany,,,1,250.0
50.443584,7.831042,DE,Germany,,,1,250.0
48.516352,9.75746,DE,Germany,,,1,250.0
52.210632,11.670302,DE,Germany,,,1,250.0
49.490443,8.352372,DE,Germany,,,1,250.0
51.271872,9.526912,DE,Germany,,,1,250.0
47.548268,9.725602,DE,Germany,,,1,250.0
50.381182,8.089591,DE,Germany,,,1,250.0
50.398424,8.076242,DE,Germany,,,1,250.0
51.401587,12.181375,DE,Germany,,,1,250.0
52.31319,10.635044,DE,Germany,,,1,250.0
53.259741,7.455526,DE,Germany,,,1,250.0
51.321553,6.601879,DE,Germany,,,1,250.0
48.811357,11.479807,DE,Germany,,,1,250.0
48.860456,9.198247,DE,Germany,,,1,250.0
50.883255,7.11194,DE,Germany,,,1,250.0
50.966038,7.014148,DE,Germany,,,1,250.0
50.385942,7.553742,DE,Germany,,,1,250.0
49.994026,9.070627,DE,Germany,,,1,250.0
50.834819,9.57451,DE,Germany,,,1,250.0
47.567996,10.675935,DE,Germany,,,1,250.0
51.31395,9.493433,DE,Germany,,,1,250.0
51.308651,9.545933,DE,Germany,,,1,250.0
48.999043,8.428747,DE,Germany,,,1,250.0
53.846068,9.936269,DE,Germany,,,1,250.0
48.218806,10.127389,DE,Germany,,,1,250.0
47.881394,11.701621,DE,Germany,,,1,250.0
49.337097,8.533262,DE,Germany,,,1,250.0
49.257984,10.501828,DE,Germany,,,1,250.0
51.531413,7.209974,DE,Germany,,,1,250.0
50.675282,8.279691,DE,Germany,,,1,250.0
49.593988,8.632471,DE,Germany,,,1,250.0
50.071139,8.475361,DE,Germany,,,1,250.0
52.597669,8.118878,DE,Germany,,,1,250.0
53.586759,10.097986,DE,Germany,,,1,250.0
53.460761,9.939778,DE,Germany,,,1,250.0
53.479616,10.025184,DE,Germany,,,1,250.0
53.571606,9.860833,DE,Germany,,,1,250.0
51.202528,9.468444,DE,Germany,,,1,250.0
49.041939,11.342622,DE,Germany,,,1,250.0
51.52842,9.887816,DE,Germany,,,1,250.0
51.632755,9.909927,DE,Germany,,,1,250.0
53.618192,12.372655,DE,Germany,,,1,250.0
48.094005,11.282497,DE,Germany,,,1,250.0
50.588387,8.707812,DE,Germany,,,1,250.0
50.887844,12.136536,DE,Germany,,,1,250.0
50.188622,9.186174,DE,Germany,,,1,250.0
49.494376,10.994299,DE,Germany,,,1,250.0
48.173304,11.264441,DE,Germany,,,1,250.0
50.254195,8.643799,DE,Germany,,,1,250.0
50.053415,8.571547,DE,Germany,,,1,250.0
49.365019,11.207273,DE,Germany,,,1,250.0
51.457437,6.983423,DE,Germany,,,1,250.0
50.818174,6.260928,DE,Germany,,,1,250.0
50.141111,8.581056,DE,Germany,,,1,250.0
49.544121,11.02872,DE,Germany,,,1,250.0
49.445052,10.247026,DE,Germany,,,1,250.0
48.695932,9.686865,DE,Germany,,,1,250.0
47.626586,7.599531,DE,Germany,,,1,250.0
50.487816,9.708873,DE,Germany,,,1,250.0
48.306514,11.634577,DE,Germany,,,1,250.0
50.223555,11.052606,DE,Germany,,,1,250.0
48.706939,9.306462,DE,Germany,,,1,250.0
48.393734,11.070536,DE,Germany,,,1,250.0
52.122721,10.229286,DE,Germany,,,1,250.0
48.724668,8.110451,DE,Germany,,,1,250.0
53.04963,8.82056,DE,Germany,,,1,250.0
52.243868,10.510637,DE,Germany,,,1,250.0
50.718395,7.151974,DE,Germany,,,1,250.0
51.495032,7.284958,DE,Germany,,,1,250.0
48.691358,9.003707,DE,Germany,,,1,250.0
51.636487,12.200732,DE,Germany,,,1,250.0
52.238215,8.162957,DE,Germany,,,1,250.0
53.099234,9.97747,DE,Germany,,,1,250.0
52.038758,8.543837,DE,Germany,,,1,250.0
51.951087,8.568182,DE,Germany,,,1,250.0
47.825847,12.386481,DE,Germany,,,1,250.0
51.649541,7.67117,DE,Germany,,,1,250.0
49.962291,11.610191,DE,Germany,,,1,250.0
48.783443,8.192149,DE,Germany,,,1,250.0
48.297806,10.899083,DE,Germany,,,1,250.0
48.398902,10.868019,DE,Germany,,,1,250.0
49.381672,11.344576,DE,Germany,,,1,250.0
48.428567,11.583925,DE,Germany,,,1,250.0
53.018526,9.070237,DE,Germany,,,1,250.0
51.469722,13.869444,DE,Germany,,,1,250.0
47.983534,7.719195,DE,Germany,,,1,250.0
52.426465,13.393189,DE,Germany,,,1,250.0
50.11209,8.896068,DE,Germany,,,1,250.0
54.11277,12.192117,DE,Germany,,,1,250.0
51.503304,7.108615,DE,Germany,,,1,250.0
49.804145,12.184177,DE,Germany,,,1,250.0
50.864132,12.86766,DE,Germany,,,1,250.0
51.530483,7.471574,DE,Germany,,,1,250.0
53.620508,9.910394,DE,Germany,,,1,250.0
51.450243,6.913439,DE,Germany,,,1,250.0
51.251587,6.794641,DE,Germany,,,1,250.0
53.741798,9.708101,DE,Germany,,,1,250.0
49.6723,8.6022,DE,Germany,,,1,250.0
50.762483,6.137162,DE,Germany,Aachen,,1,11.0
50.709752,11.65438,DE,Germany,Oppurg,,1,11.0
49.755455,9.975214,DE,Germany,Würzburg,,1,22.0
49.889988,9.824559,DE,Germany,Zellingen,,1,22.0
49.7987,9.900771,DE,Germany,Würzburg,,2,50.0
51.357635,7.557034,DE,Germany,Hagen,,1,22.0
51.369572,7.54835,DE,Germany,Hagen,,1,22.0
53.325922,9.888153,DE,Germany,Buchholz,,1,200.0
51.955705,7.636857,DE,Germany,Münster,,1,22.0
49.251265,6.85696,DE,Germany,Völklingen,,3,150.0
54.91106,8.307351,DE,Germany,Sylt,,1,200.0
53.886242,10.648237,DE,Germany,Stockelsdorf,,1,150.0
53.40647,9.98064,DE,Germany,Seevetal,,2,200.0
54.514971,9.563466,DE,Germany,Schleswig,,1,200.0
49.975864,8.436245,DE,Germany,Rüsselsheim,,1,50.0
53.115967,9.415178,DE,Germany,Rotenburg,,1,200.0
50.505631,7.322211,DE,Germany,Rheinbrohl,,1,150.0
54.322295,9.629915,DE,Germany,Rendsburg,,1,100.0
51.613197,7.192262,DE,Germany,Recklinghausen,,1,200.0
52.644912,9.208383,DE,Germany,Nienburg,,1,50.0
50.036124,6.587335,DE,Germany,Kyllburg,,1,22.0
50.036036,6.588264,DE,Germany,Kyllburg,,1,22.0
50.433585,7.459111,DE,Germany,Neuwied,,3,50.0
49.344621,8.158306,DE,Germany,Neustadt an der Weinstraße ,,1,200.0
52.27664,8.891836,DE,Germany,Minden,,2,50.0
49.440094,6.632866,DE,Germany,Merzig,,1,75.0
53.264356,10.415451,DE,Germany,Lüneburg,,1,200.0
52.092707,13.16161,DE,Germany,Luckenwalde,,3,50.0
52.032102,8.900023,DE,Germany,Lemgo,,3,100.0
51.41422,10.363593,DE,Germany,Leinefelde-Worbis,,3,50.0
50.693877,7.176945,DE,Germany,Königswinter,,1,22.0
50.6726,7.193795,DE,Germany,Königswinter,,1,11.0
48.997887,8.370853,DE,Germany,Karlsruhe,,1,200.0
53.924683,9.513468,DE,Germany,Itzehoe,,1,200.0
51.373586,10.115984,DE,Germany,Heiligenstadt,,4,150.0
51.412742,9.655957,DE,Germany,Hann. Münden,,3,100.0
50.109935,8.906361,DE,Germany,Hanau-Steinheim,,2,49.0
54.07303,13.373807,DE,Germany,Greifswald,,3,50.0
51.563348,9.922606,DE,Germany,Göttingen,,1,200.0
51.927207,10.423063,DE,Germany,Goslar,,3,100.0
51.504969,7.096156,DE,Germany,Gelsenkirchen,,1,200.0
50.204719,9.174312,DE,Germany,Gelnhausen,,2,200.0
51.515042,6.318524,DE,Germany,Geldern,,3,100.0
50.150479,8.689642,DE,Germany,Frankfurt am Main,,3,50.0
50.12345,8.745228,DE,Germany,Frankfurt am Main,,1,50.0
47.898966,10.643515,DE,Germany,Kaufbeuren,,2,400.0
54.136225,10.611419,DE,Germany,Eutin,,1,200.0
51.44763,6.997453,DE,Germany,Essen,,1,200.0
51.00073,11.013107,DE,Germany,Erfurt,,3,100.0
53.367659,7.211603,DE,Germany,Emden,,1,150.0
49.866897,8.628709,DE,Germany,Darmstadt,,1,22.0
49.817634,8.645024,DE,Germany,Darmstadt,,1,22.0
52.633179,10.085075,DE,Germany,Celle,,2,49.0
52.618069,10.077486,DE,Germany,Celle,,1,50.0
53.06698,8.941948,DE,Germany,Bremen,,3,50.0
50.723461,7.140084,DE,Germany,Bonn,,1,200.0
50.708127,7.129091,DE,Germany,Bonn,,1,200.0
50.706008,7.066396,DE,Germany,Bonn,,2,49.0
52.567663,13.543468,DE,Germany,Berlin,,1,50.0
52.553575,13.548587,DE,Germany,Berlin,,1,200.0
52.557045,13.460466,DE,Germany,Berlin,,1,22.0
52.557097,13.465981,DE,Germany,Berlin,,1,22.0
52.551857,13.448166,DE,Germany,Berlin,,1,22.0
52.550275,13.45902,DE,Germany,Berlin,,1,22.0
48.262405,7.742185,DE,Germany,Rust,,1,22.0
48.262474,7.741791,DE,Germany,Rust,,1,22.0
48.269937,7.718676,DE,Germany,Rust,,1,22.0
47.89756,12.22314,DE,Germany,Söchtenau,,1,50.0
53.176243,8.7001,DE,Germany,Bremen,,1,50.0
53.08324,8.89986,DE,Germany,Bremen,,1,50.0
53.1098,8.89216,DE,Germany,Bremen,,1,50.0
53.09018,8.78912,DE,Germany,Bremen,,1,50.0
53.08229,8.76045,DE,Germany,Bremen,,1,50.0
53.04968,8.73635,DE,Germany,Bremen,,1,50.0
53.05067,8.73718,DE,Germany,Bremen,,1,50.0
53.03407,8.82598,DE,Germany,Bremen,,1,50.0
53.069005,8.852579,DE,Germany,Bremen,,1,50.0
53.08618,8.87801,DE,Germany,Bremen ,,1,50.0
52.411932,12.539798,DE,Germany,Brandenburg an der Havel,,1,22.0
52.41193,12.53964,DE,Germany,Brandenburg an der Havel,,1,22.0
50.721684,10.444576,DE,Germany,Schmalkalden,,3,50.0
50.694258,10.563103,DE,Germany,Steinbach-Hallenberg,,3,50.0
50.583607,10.415051,DE,Germany,Meiningen,,3,100.0
50.005774,12.086344,DE,Germany,Marktredewitz,,1,200.0
49.588575,11.000304,DE,Germany,Erlangen,,3,150.0
48.82941,9.31204,DE,Germany,Waiblingen,,1,200.0
49.413641,11.118073,DE,Germany,Nürnberg,,1,200.0
49.286475,11.463107,DE,Germany,Neumarkt in der Oberpfalz ,,2,50.0
49.054627,11.778156,DE,Germany,Hemau,,3,50.0
48.555392,12.152705,DE,Germany,Landshut,,2,49.0
47.843374,11.142875,DE,Germany,Weilheim,,1,200.0
47.510204,10.273273,DE,Germany,Sonthofen,,1,200.0
47.984077,7.718752,DE,Germany,Freiburg,,1,200.0
48.016252,7.813108,DE,Germany,Freiburg,,1,200.0
50.952245,6.961538,DE,Germany,Köln,,1,150.0
53.597343,7.205866,DE,Germany,Norden ,,1,200.0
49.920495,8.856138,DE,Germany,Münster,,3,200.0
51.942865,8.859976,DE,Germany,Detmold,,1,50.0
51.820121,12.303924,DE,Germany,Dessau-Roßlau,,2,49.0
53.051664,8.622344,DE,Germany,Delmenhorst,,3,200.0
53.18664,10.736111,DE,Germany,Dahlenburg,,1,200.0
51.941719,7.149573,DE,Germany,Coesfeld,,1,200.0
49.201146,12.039414,DE,Germany,Burglengenfeld,,1,200.0
53.538619,8.596785,DE,Germany,Bremerhaven,,3,50.0
51.998997,8.576807,DE,Germany,Bielefeld,,1,50.0
51.942259,9.093663,DE,Germany,Blomberg,,2,50.0
51.488178,7.241572,DE,Germany,Bochum,,1,200.0
52.550506,13.461999,DE,Germany,Berlin,,2,22.0
52.548453,13.447656,DE,Germany,Berlin,,1,22.0
52.565893,13.493115,DE,Germany,Berlin,,1,200.0
54.415336,13.44103,DE,Germany,Bergen,,3,50.0
49.940696,11.569277,DE,Germany,Bayreuth,,1,200.0
49.88338,10.925414,DE,Germany,Bamberg,,1,50.0
49.916704,10.916078,DE,Germany,Bamberg,,3,50.0
50.323982,10.21819,DE,Germany,Bad Neustadt a.d. Saale,,1,200.0
49.296777,10.576916,DE,Germany,Ansbach,,3,50.0
51.313546,6.831091,DE,Germany,Ratingen,,1,300.0
50.796527,6.7797,DE,Germany,Erftstadt ,,1,250.0
51.028214,7.04557,DE,Germany,Leverkusen,,1,22.0
48.723227,9.126044,DE,Germany,Stuttgart,,1,360.0
48.259908,11.469993,DE,Germany,Dachau,,2,300.0
48.259823,11.463636,DE,Germany,Dachau,,1,22.0
48.933617,8.804599,DE,Germany,Mühlacker,,1,360.0
51.687136,8.351182,DE,Germany,Lippstadt,,1,22.0
48.265859,11.438465,DE,Germany,Dachau,,1,22.0
48.266335,11.451107,DE,Germany,Dachau,,1,22.0
47.996411,11.509969,DE,Germany,Straßlach-Dingharting,,1,22.0
50.546852,9.673088,DE,Germany,Fulda,,1,0.0
48.727341,9.149596,DE,Germany,Stuttgart,,1,22.0
47.811406,10.303196,DE,Germany,Dietmannsried,,1,250.0
53.086262,7.382804,DE,Germany,Papenburg,,1,90.0
53.083498,7.381889,DE,Germany,Papenburg,,1,150.0
50.932036,7.327241,DE,Germany,Overath,,1,22.0
50.984908,6.996905,DE,Germany,Köln,,1,100.0
49.866085,9.636149,DE,Germany,Karbch,,2,11.0
51.851011,11.597718,DE,Germany,Staßfurt,,2,300.0
51.851352,11.560699,DE,Germany,Staßfurt,,2,300.0
50.988163,6.991591,DE,Germany,Nordrhein-Westfalen,,2,22.0
51.344366,12.409253,DE,Germany,Leipzig,,2,22.0
51.321794,12.419058,DE,Germany,Leipzig,,2,22.0
51.321107,12.422133,DE,Germany,Leipzig,,2,22.0
49.379361,10.184369,DE,Germany,Rothenburg ob der Tauber,,1,22.0
49.371714,10.18181,DE,Germany,Rothenburg ob der Tauber,,1,22.0
52.724127,10.592864,DE,Germany,Hakensbüttel,,1,11.0
48.210565,11.348709,DE,Germany,Olching,,1,22.0
47.5896,11.317071,DE,Germany,Walchensee,,1,50.0
47.59004,11.317223,DE,Germany,Walchensee ,,1,50.0
53.074293,8.830604,DE,Germany,Bremen,,1,22.0
53.165002,8.225127,DE,Germany,Niedersachsen,,2,150.0
49.175669,9.046756,DE,Germany,Massenbachhausen ,,2,22.0
53.185612,8.201782,DE,Germany,Niedersachsen,,1,150.0
52.260536,8.896976,DE,Germany,Porta Westfalica,,1,22.0
50.530021,9.676746,DE,Germany,Fulda,,1,150.0
50.385369,7.556311,DE,Germany,Rheinland-Pfalz,,1,11.0
50.385674,7.563621,DE,Germany,Rheinland-Pfalz,,1,11.0
49.723672,7.317634,DE,Germany,Idar-Oberstein,,2,300.0
50.909754,14.138739,DE,Germany,Gohrisch,,1,3.7
48.668335,10.140787,DE,Germany,Heidenheim an der Brenz,,1,22.0
48.831481,9.123206,DE,Germany,Landkreis Ludwigsburg,,1,22.0
48.679622,10.158925,DE,Germany,Heidenheim,,1,22.0
50.896708,6.682315,DE,Germany,Sindorf,,1,150.0
50.898338,6.681082,DE,Germany,Sindorf,,3,50.0
50.897757,6.682251,DE,Germany,Sindorf,,1,250.0
50.833347,9.573252,DE,Germany,Hessen,,1,350.0
54.083283,12.19232,DE,Germany,Mecklenburg-Vorpommern,,1,350.0
50.644224,10.685195,DE,Germany,Zella-Mehlis,,1,350.0
47.811904,10.302936,DE,Germany,Bayern,,2,350.0
49.456328,7.797371,DE,Germany,Rheinland-Pfalz,,1,350.0
50.562653,7.527566,DE,Germany,Rheinland-Pfalz,,2,350.0
50.762035,7.029519,DE,Germany,Bornheim,,1,350.0
53.742827,9.943171,DE,Germany,Quickborn,,1,350.0
53.501867,11.087608,DE,Germany,Wittenburg,,1,350.0
51.636519,12.200481,DE,Germany,Bitterfeld-Wolfen,,1,350.0
50.840764,12.445016,DE,Germany,Meerane,,1,350.0
47.67253,9.523016,DE,Germany,Meckenbeuren,,2,350.0
47.880681,10.04109,DE,Germany,Baden-Württemberg,,1,350.0
48.262445,12.542657,DE,Germany,Mühldorf a. Inn,,1,350.0
48.249323,11.634365,DE,Germany,Garching bei München,,2,350.0
48.310848,11.646729,DE,Germany,Bayern,,1,350.0
48.516511,9.756944,DE,Germany,Baden-Württemberg,,2,350.0
49.777979,10.068774,DE,Germany,Dettelbach,,1,350.0
50.003327,10.117434,DE,Germany,Bayern,,1,350.0
51.005311,9.48134,DE,Germany,Hessen,,2,350.0
51.402033,9.184233,DE,Germany,Hessen,,2,350.0
51.707123,8.722809,DE,Germany,Nordrhein-Westfalen,,2,350.0
51.811827,8.131947,DE,Germany,Oelde,,1,350.0
51.566342,7.317542,DE,Germany,Castrop-Rauxel,,1,350.0
51.489858,6.887918,DE,Germany,Nordrhein-Westfalen,,1,350.0
54.934551,8.329847,DE,Germany,Schleswig-Holstein,,1,350.0
53.893219,11.51309,DE,Germany,Wismar,,1,350.0
52.709673,13.10793,DE,Germany,Brandenburg,,1,350.0
51.644555,7.102225,DE,Germany,Marl,,1,350.0
51.390733,10.342591,DE,Germany,Thüringen,,1,350.0
49.982293,10.555581,DE,Germany,Bayern,,1,350.0
50.306898,7.305968,DE,Germany,Polch,,1,350.0
48.133818,11.408085,DE,Germany,München,,1,150.0
49.966878,6.942712,DE,Germany,Wittlich,,1,350.0
52.423245,9.835027,DE,Germany,Isernhagen ,,1,250.0
52.210543,8.871373,DE,Germany,Porta Westfalica,,1,350.0
47.923137,7.708292,DE,Germany,Bad Krozingen,,1,150.0
48.487972,9.206994,DE,Germany,Reutlingen,,1,22.0
52.46858,10.204254,DE,Germany,Uetze,,2,100.0
53.184635,8.223843,DE,Germany,Oldenburg,,1,22.0
53.146575,8.225737,DE,Germany,Niedersachsen,,1,22.0
53.142807,8.219299,DE,Germany,Oldenburg,,1,22.0
53.143394,8.207848,DE,Germany,Oldenburg,,1,22.0
53.145505,8.21351,DE,Germany,Niedersachsen,,1,22.0
53.137153,8.216346,DE,Germany,Niedersachsen,,1,22.0
47.568522,10.68837,DE,Germany,Füssen,,2,400.0
47.816354,8.660705,DE,Germany,Tengen,,2,22.0
52.493794,10.520469,DE,Germany,Gifhorn,,1,100.0
48.769705,9.248007,DE,Germany,Stuttgart,,0,0.0
48.681825,10.149356,DE,Germany,Heidenheim,,1,22.0
48.703045,10.165097,DE,Germany,Heidenheim,,1,22.0
52.41312,13.396283,DE,Germany,Berlin,,1,11.0
52.470438,10.543079,DE,Germany,Gifhorn,,1,0.0
50.977908,11.019315,DE,Germany,Erfurt,,1,3.6
53.27827,7.897338,DE,Germany,Westerstede,,1,300.0
50.543422,9.757172,DE,Germany,Wissels,,1,22.0
53.823861,10.501909,DE,Germany,Reinfeld,,4,300.0
53.823394,10.502197,DE,Germany,Reinfeld,,1,300.0
50.672262,9.769972,DE,Germany,Hünfeld,,2,22.0
48.110935,11.549236,DE,Germany,München,,1,22.0
50.747442,8.255272,DE,Germany,Haiger,,1,150.0
50.887054,8.027121,DE,Germany,Nordrhein-Westfalen,,2,60.0
50.894709,8.025026,DE,Germany,Nordrhein-Westfalen,,2,150.0
48.936535,9.436645,DE,Germany,Backnang,,1,150.0
48.959127,9.422697,DE,Germany,Backnang,,2,300.0
51.748192,10.291025,DE,Germany,Osterode (Lerbach),,1,11.0
49.040512,8.289024,DE,Germany,Wörth am Rhein,,1,150.0
48.539628,9.279162,DE,Germany,Metzingen,,3,11.0
47.705763,11.874458,DE,Germany,Neuhaus,,1,0.0
49.474418,6.372946,DE,Germany,Perl,,3,300.0
50.832393,9.573146,DE,Germany,Kirchheim,,2,250.0
49.017972,8.354911,DE,Germany,Karlsruhe,,2,300.0
49.668705,8.020424,DE,Germany,Kirchheimbolanden,,1,300.0
49.745657,8.140458,DE,Germany,Alzey,,2,150.0
49.74919,8.139417,DE,Germany,Alzey,,2,300.0
49.747001,8.137722,DE,Germany,Alzey,,2,300.0
49.088489,11.884864,DE,Germany,Laaber,,1,300.0
53.576621,9.945934,DE,Germany,Hamburg,,1,22.0
53.029214,8.807458,DE,Germany,Stuhr,,3,300.0
52.525467,7.342451,DE,Germany,Lingen (Ems),,3,300.0
51.03351,7.010688,DE,Germany,Leverkusen,,2,150.0
51.067355,6.990335,DE,Germany,Leverkusen,,2,150.0
52.16079,9.997711,DE,Germany,Hildesheim,,1,300.0
52.419885,10.632921,DE,Germany,Calberlah,,1,0.0
49.812216,9.977967,DE,Germany,Würzburg,,2,60.0
49.816141,9.981347,DE,Germany,Würzburg,,3,300.0
49.818452,9.985423,DE,Germany,Würzburg,,1,150.0
49.820466,9.979254,DE,Germany,Würzburg,,2,350.0
52.159416,9.994379,DE,Germany,Hildesheim,,3,350.0
52.1605,9.997043,DE,Germany,Hildesheim,,2,350.0
48.725086,9.15276,DE,Germany,Stuttgart,,1,22.0
48.73041,9.155495,DE,Germany,Stuttgart,,1,22.0
51.731815,9.972871,DE,Germany,Northeim,,1,250.0
51.732069,9.972607,DE,Germany,Northeim,,3,350.0
51.73104,9.973167,DE,Germany,Northeim,,2,350.0
53.621279,9.907347,DE,Germany,Hamburg,,1,350.0
53.634404,9.941381,DE,Germany,Hamburg,,2,22.0
53.640044,9.946621,DE,Germany,,,1,22.0
50.222523,6.664321,DE,Germany,Gerolstein,,1,150.0
52.374118,9.743423,DE,Germany,Hanover,,1,22.0
52.408167,9.986472,DE,Germany,Region Hannover,,1,22.0
52.438431,9.846953,DE,Germany,Altwarmbüchen,,1,22.0
52.505792,9.630966,DE,Germany,Resse,,1,22.0
52.503438,9.629776,DE,Germany,Resse,,1,22.0
52.432803,9.75841,DE,Germany,Region Hannover,,1,22.0
52.352055,9.694828,DE,Germany,Hannover,,2,60.0
52.402033,9.559894,DE,Germany,Seelze,,1,22.0
52.338599,9.832502,DE,Germany,Hannover,,2,300.0
52.316427,9.722246,DE,Germany,Region Hannover,,2,60.0
48.684347,10.14322,DE,Germany,Heidenheim an der Brenz,,1,22.0
52.442723,7.08609,DE,Germany,Nordhorn,,2,11.0
51.822739,6.614104,DE,Germany,Bocholt,,4,300.0
50.892031,12.799961,DE,Germany,Hartmannsdorf,,1,22.0
52.505959,13.459745,DE,Germany,Berlin,,3,150.0
52.379428,9.743984,DE,Germany,Hannover,,1,22.0
52.371278,9.772872,DE,Germany,Hannover,,1,22.0
52.408229,9.800304,DE,Germany,Hanover,,1,22.0
52.408702,9.800651,DE,Germany,Hannover,,2,150.0
52.366863,9.699664,DE,Germany,Hannover,,2,150.0
52.374094,9.743455,DE,Germany,Hannover,,2,22.0
52.386266,9.816581,DE,Germany,Hanover,,2,22.0
52.413207,9.827771,DE,Germany,Hannover,,2,22.0
52.340605,9.913177,DE,Germany,Bilm,,2,22.0
52.39838,9.695429,DE,Germany,Hanover,,2,22.0
52.358361,9.747559,DE,Germany,Hanover,,2,22.0
52.351919,9.824331,DE,Germany,Hannover,,2,22.0
52.342511,9.730293,DE,Germany,Hannover,,1,4.6
52.335702,9.791107,DE,Germany,Hannover,,2,22.0
52.301129,9.674995,DE,Germany,Ronnenberg,,2,22.0
52.334495,9.716409,DE,Germany,Hannover,,2,22.0
53.39073,10.044001,DE,Germany,Seevetal,,2,75.0
50.642146,10.68064,DE,Germany,Zella-Mehlis,,2,300.0
51.759347,14.335558,DE,Germany,Cottbus,,1,0.0
54.311009,8.623096,DE,Germany,Sankt Peter-Ording,,4,11.0
51.166064,11.112263,DE,Germany,Sömmerda,,4,300.0
51.157929,8.373067,DE,Germany,Schmallenberg,,2,11.0
51.338006,10.862768,DE,Germany,Sondershausen,,2,22.0
51.217481,10.948001,DE,Germany,Greußen,,2,120.0
50.190501,8.802274,DE,Germany,Niederdorfelden,,1,300.0
47.79718,9.548971,DE,Germany,Ravensburg,,1,11.0
50.84912,10.955423,DE,Germany,Arnstadt,,2,150.0
50.856371,10.957835,DE,Germany,Arnstadt,,2,150.0
50.860485,10.96011,DE,Germany,Arnstadt,,5,150.0
51.163265,12.093607,DE,Germany,Hohenmölsen,,2,150.0
51.005368,7.453684,DE,Germany,Engelskirchen,,1,11.0
49.840114,8.143363,DE,Germany,Wörrstadt,,1,250.0
51.198171,7.009672,DE,Germany,Haan,,1,0.0
52.264069,7.970825,DE,Germany,Osnabrück,,3,22.0
51.849648,13.907217,DE,Germany,Lübbenau/Spreewald,,2,300.0
51.785526,14.066798,DE,Germany,Vetschau/Spreewald,,8,175.0
52.616749,11.86791,DE,Germany,Stendal,,3,300.0
48.392656,9.991149,DE,Germany,Neu-Ulm ,,1,11.0
50.643726,10.685098,DE,Germany,Zella-Mehlis,,1,300.0
49.916559,7.069859,DE,Germany,Bernkastel-Kues,,1,22.0
51.034603,11.001802,DE,Germany,Erfurt,,2,150.0
51.019836,11.009567,DE,Germany,Erfurt,,2,50.0
51.003855,11.014951,DE,Germany,Erfurt,,2,150.0
48.673563,10.146659,DE,Germany,Heidenheim an der Brenz,,1,22.0
48.678186,10.152904,DE,Germany,Heidenheim an der Brenz,,1,22.0
54.076378,12.203617,DE,Germany,Roggentin,,2,11.0
48.39841,9.958307,DE,Germany,Ulm,,1,280.0
51.229918,6.758453,DE,Germany,Nordrhein-Westfalen,,1,22.0
51.230277,6.757178,DE,Germany,Nordrhein-Westfalen,,1,22.0
51.22922,6.752899,DE,Germany,Nordrhein-Westfalen,,1,22.0
51.228855,6.750943,DE,Germany,Nordrhein-Westfalen,,1,22.0
51.22872,6.748396,DE,Germany,Nordrhein-Westfalen,,1,22.0
51.230617,6.746494,DE,Germany,Nordrhein-Westfalen,,1,22.0
51.231742,6.734532,DE,Germany,Nordrhein-Westfalen,,1,300.0
49.445765,11.072189,DE,Germany,Bayern,,1,22.0
49.444912,11.072115,DE,Germany,Bayern,,1,22.0
51.239835,6.744054,DE,Germany,Düsseldorf,,2,300.0
51.241906,6.74336,DE,Germany,Düsseldorf,,2,300.0
47.601481,9.895556,DE,Germany,Lindenberg im Allgäu,,1,300.0
51.227444,6.760229,DE,Germany,Nordrhein-Westfalen,,1,22.0
51.231239,6.761218,DE,Germany,Nordrhein-Westfalen,,1,22.0
51.231381,6.758651,DE,Germany,Nordrhein-Westfalen,,1,22.0
51.231425,6.750509,DE,Germany,Nordrhein-Westfalen,,1,22.0
51.233186,6.74954,DE,Germany,Nordrhein-Westfalen,,1,22.0
51.232138,6.748807,DE,Germany,Nordrhein-Westfalen,,1,22.0
51.237104,6.749051,DE,Germany,Nordrhein-Westfalen,,1,22.0
51.239794,6.751833,DE,Germany,Nordrhein-Westfalen,,1,22.0
51.235107,6.754995,DE,Germany,Nordrhein-Westfalen,,1,22.0
49.086194,8.210559,DE,Germany,Kandel,,1,300.0
54.035381,11.592653,DE,Germany,Pepelow,,1,11.0
54.142518,12.102372,DE,Germany,Rostock,,2,50.0
50.533602,8.708353,DE,Germany,Pohlheim (Watzenborn-Steinberg),,2,22.0
49.01449,8.310776,DE,Germany,Baden-Württemberg,,3,300.0
52.433071,12.533335,DE,Germany,Brandenburg an der Havel,,1,150.0
52.414711,12.5417,DE,Germany,Brandenburg an der Havel,,1,11.0
52.414143,12.563724,DE,Germany,Brandenburg an der Havel,,1,22.0
52.406807,12.563532,DE,Germany,Brandenburg an der Havel,,1,22.0
52.404594,12.546571,DE,Germany,Brandenburg an der Havel,,1,22.0
51.439515,6.77397,DE,Germany,Duisburg,,1,22.0
51.397277,6.66376,DE,Germany,Duisburg,,2,75.0
51.337805,6.261063,DE,Germany,Nettetal,,7,22.0
49.824229,9.878186,DE,Germany,Veitshöchheim,,2,90.0
48.899708,8.667251,DE,Germany,Pforzheim,,2,300.0
48.996331,9.142189,DE,Germany,Besigheim,,1,11.0
48.99789,9.136635,DE,Germany,Besigheim ,,2,22.0
52.352152,10.112683,DE,Germany,Lehrte,,1,22.0
52.357037,10.118214,DE,Germany,Lehrte,,2,22.0
52.353921,10.111255,DE,Germany,Lehrte OT Hämelerwald,,1,22.0
53.654142,10.06177,DE,Germany,,,4,22.0
53.66298,10.07891,DE,Germany,Hamburg,,1,360.0
53.253563,7.527765,DE,Germany,Logabirum ,,3,150.0
52.316565,9.964135,DE,Germany,Sehnde,,1,22.0
49.458517,11.105756,DE,Germany,Bayern,,1,22.0
51.326478,6.177936,DE,Germany,Kaldenkerken,,1,360.0
50.542317,8.704817,DE,Germany,Pohlheim (Watzenborn-Steinberg),,1,22.0
52.339538,9.8088,DE,Germany,Hannover,,2,22.0
52.420549,13.332858,DE,Germany,,,1,3.7
52.420747,13.333551,DE,Germany,,,1,3.7
52.420785,13.33425,DE,Germany,,,1,3.7
52.420714,13.333981,DE,Germany,,,1,3.7
53.62135,10.009823,DE,Germany,,,1,360.0
53.598342,10.042544,DE,Germany,,,4,22.0
52.442381,13.307234,DE,Germany,,,1,3.7
52.443039,13.308353,DE,Germany,,,1,3.7
52.443288,13.308065,DE,Germany,,,1,3.7
52.443398,13.310434,DE,Germany,,,1,3.7
52.443683,13.310114,DE,Germany,,,1,3.7
52.443988,13.309887,DE,Germany,,,1,3.7
52.444266,13.309525,DE,Germany,,,1,3.7
52.444438,13.309267,DE,Germany,,,1,3.7
52.446806,13.313983,DE,Germany,,,2,11.0
52.440835,13.223906,DE,Germany,,,1,3.7
52.440517,13.225058,DE,Germany,,,1,3.7
52.44027,13.225602,DE,Germany,,,1,3.7
52.438883,13.228921,DE,Germany,,,1,3.7
52.436341,13.203384,DE,Germany,,,1,3.7
52.436848,13.204693,DE,Germany,,,1,3.7
52.437301,13.205779,DE,Germany,,,1,3.7
52.437598,13.2064,DE,Germany,,,1,3.7
52.438814,13.211494,DE,Germany,,,1,3.7
53.58189,10.027562,DE,Germany,Hamburg,,3,300.0
50.987343,6.886045,DE,Germany,Köln,,1,22.0
50.961537,7.169613,DE,Germany,Bergisch Gladbach,,1,22.0
49.249055,8.86169,DE,Germany,Sinsheim,,5,300.0
50.938043,6.87795,DE,Germany,Köln,,2,225.0
49.321152,11.049636,DE,Germany,Schwabach,,2,150.0
50.68058,12.590738,DE,Germany,Wildenfels,,1,300.0
51.058975,13.721142,DE,Germany,Dresden,,1,3.7
54.105598,13.103041,DE,Germany,Suederholz / OT Kaschow,,8,22.0
48.148353,11.641115,DE,Germany,Munich,,2,22.0
49.435709,11.060541,DE,Germany,Nürnberg,,1,150.0
49.457914,11.09313,DE,Germany,Nürnberg,,2,300.0
51.593242,10.558263,DE,Germany,Bad Sachsa,,1,150.0
51.593271,10.558294,DE,Germany,Bas Sasha,,1,150.0
48.498648,12.160024,DE,Germany,Kumhausen,,1,22.0
52.517063,13.555183,DE,Germany,Berlin,,1,3.7
50.734189,9.241671,DE,Germany,Alsfeld,,1,250.0
53.84127,12.290339,DE,Germany,Plaaz,,4,300.0
53.638759,10.013163,DE,Germany,Hamburg,,2,300.0
50.917226,6.833447,DE,Germany,Frechen,,2,300.0
48.494735,11.958641,DE,Germany,Wang,,1,22.0
48.259445,12.157783,DE,Germany,Dorfen,,3,300.0
48.520291,13.70901,DE,Germany,Untergriesbach,,1,22.0
50.917986,6.833162,DE,Germany,Frechen,,1,250.0
51.306474,12.326463,DE,Germany,Leipzig,,1,22.0
50.762652,7.273211,DE,Germany,Hennef (Sieg),,1,11.0
53.138229,8.212676,DE,Germany,Oldenburg,,2,22.0
48.724373,9.352137,DE,Germany,Esslingen am Neckar,,3,50.0
53.935459,12.53877,DE,Germany,Walkendorf,,1,3.0
50.969002,11.854957,DE,Germany,Petersberg,,3,300.0
50.96959,11.855035,DE,Germany,Petersberg,,1,300.0
53.357556,12.730217,DE,Germany,Rechlin,,1,22.0
53.355171,12.733557,DE,Germany,Rechlin,,1,22.0
53.329299,12.721991,DE,Germany,Rechlin,,1,22.0
48.576172,13.666804,DE,Germany,Untergriesbach,,1,150.0
53.430444,9.93466,DE,Germany,Hamburg,,1,300.0
52.311498,10.823524,DE,Germany,Königslutter am Elm,,2,300.0
51.896119,11.692158,DE,Germany,Staßfurt,,9,300.0
49.312065,12.159789,DE,Germany,Wackersdorf,,2,300.0
49.31357,12.158277,DE,Germany,Wackersdorf,,1,300.0
49.116346,12.113078,DE,Germany,Regenstauf,,2,150.0
49.002171,12.364926,DE,Germany,Wörth an der Donau,,1,150.0
49.001307,12.36507,DE,Germany,Wörth an der Donau,,3,300.0
50.550139,11.788027,DE,Germany,Schleiz,,4,300.0
50.551543,11.789856,DE,Germany,Schleiz,,4,300.0
52.112727,13.682547,DE,Germany,Halbe,,1,11.0
50.299926,8.2347,DE,Germany,Bad Camberg,,1,350.0
48.411614,10.914898,DE,Germany,Augsburg,,1,350.0
50.440471,7.225629,DE,Germany,Niederzissen,,1,350.0
50.688524,8.295916,DE,Germany,Herborn,,1,350.0
48.69253,12.672979,DE,Germany,Pilsting,,1,350.0
49.532356,12.13491,DE,Germany,Wernberg-Köblitz,,1,350.0
48.406431,10.952255,DE,Germany,Friedberg,,1,350.0
51.739103,6.59518,DE,Germany,Hamminkeln,,1,350.0
50.267774,8.00249,DE,Germany,Allendorf,,2,22.0
48.207788,12.402066,DE,Germany,Waldkraiburg ,,1,150.0
52.160118,12.779906,DE,Germany,Linthe,,1,350.0
52.445204,10.78523,DE,Germany,Wolfsburg,,1,350.0
53.147243,12.398704,DE,Germany,Heiligengrabe,,1,350.0
51.028908,13.727814,DE,Germany,Dresden,,1,3.7
53.592059,9.921574,DE,Germany,Hamburg,,2,175.0
54.7593,9.179579,DE,Germany,Schafflund,,1,22.0
49.957039,7.124447,DE,Germany,Traben-Trarbach,,2,150.0
47.971086,11.653749,DE,Germany,Sauerlach,,1,11.0
49.121003,13.141469,DE,Germany,Bayerisch Eisenstein,,1,3.7
49.069936,13.100562,DE,Germany,Bodenmais,,1,3.7
51.097559,6.146348,DE,Germany,Wassenberg,,1,22.0
54.302367,13.10079,DE,Germany,Stralsund,,2,175.0
48.463322,11.280829,DE,Germany,Schiltberg OT Ruppertszell,,1,16.0
48.133468,11.629032,DE,Germany,Munich,,2,22.0
53.463529,11.78537,DE,Germany,Parchim,,1,0.0
50.797548,6.476749,DE,Germany,Düren,,1,300.0
51.170041,14.970513,DE,Germany,Görlitz,,1,3.7
51.23389,12.334425,DE,Germany,Zwenkau,,1,3.7
51.260958,12.885424,DE,Germany,Grimma,,1,3.7
51.934079,8.882803,DE,Germany,Detmold,,1,22.0
53.072353,8.804352,DE,Germany,Bremen,,1,22.0
47.828097,11.902889,DE,Germany,Irschenberg,,1,150.0
48.260344,7.720431,DE,Germany,Rust,,1,11.0
52.403057,9.788813,DE,Germany,Hannover,,1,150.0
49.962708,8.673142,DE,Germany,Egelsbach,,2,50.0
50.580774,8.661799,DE,Germany,Gießen,,1,11.0
51.724183,14.339769,DE,Germany,Cottbus,,2,150.0
49.67951,9.001349,DE,Germany,Michelstadt,,1,150.0
48.302874,8.055307,DE,Germany,Steinach im Kinzigtal,,1,11.0
47.897509,8.274284,DE,Germany,Friedenweiler,,4,175.0
48.275296,7.786505,DE,Germany,Mahlberg,,2,175.0
48.67288,10.15236,DE,Germany,Heidenheim,,1,22.0
48.673514,10.238271,DE,Germany,Heidenheim-Oggenhausen ,,1,22.0
48.13333,11.56667,DE,Germany,Munich,,1,64.0
49.205795,12.285152,DE,Germany,Nittenau,,3,50.0
48.429028,9.98837,DE,Germany,Ulm,,1,22.0
52.475019,13.303787,DE,Germany,Berlin,,2,11.0
53.718072,9.759549,DE,Germany,Tornesch,,6,300.0
53.662802,10.085718,DE,Germany,Hamburg,,2,22.0
50.998222,13.797471,DE,Germany,Dresden,,1,3.7
49.385807,7.35362,DE,Germany,Waldmohr,,1,3.7
50.101791,11.000316,DE,Germany,Bad Staffelstein,,1,22.0
51.913102,10.445188,DE,Germany,Goslar,,1,150.0
48.676266,9.239835,DE,Germany,Filderstadt,,1,22.0
52.442342,13.401565,DE,Germany,Berlin,,2,11.0
49.026213,11.95721,DE,Germany,Nittendorf,,1,22.0
50.228983,8.264584,DE,Germany,Idstein,,3,50.0
49.390583,8.579496,DE,Germany,Schwetzingen,,3,50.0
51.9786,7.70516,DE,Germany,Münster,,2,300.0
52.40989,12.19249,DE,Germany,Roßdorf,,1,22.0
52.82714,8.314331,DE,Germany,Visbek,,3,180.0
52.732052,8.270718,DE,Germany,Vechta,,1,22.0
49.384741,8.577744,DE,Germany,Schwetzingen,,1,22.0
49.378016,8.56039,DE,Germany,Schwetzingen,,2,22.0
48.676221,9.227267,DE,Germany,Bernhausen,,1,22.0
54.029626,8.839658,DE,Germany,Friedrichskoog,,1,22.0
54.029655,8.839675,DE,Germany,Friedrichskoog,,1,3.7
48.102768,11.291488,DE,Germany,Gilching,,1,22.0
52.457889,13.287953,DE,Germany,Berlin,,2,11.0
48.956157,9.245469,DE,Germany,Murr,,1,250.0
49.707563,9.249049,DE,Germany,Miltenberg,,1,11.0
48.287056,7.812458,DE,Germany,Mahlberg,,1,22.0
53.374843,10.729586,DE,Germany,Boizenburg/Elbe,,3,100.0
51.194251,6.453998,DE,Germany,Mönchengladbach,,3,135.0
51.0179,13.71833,DE,Germany,Dresden,,5,150.0
50.65598,12.18678,DE,Germany,Greiz,,4,150.0
52.19761,9.07968,DE,Germany,Rinteln,,1,150.0
51.46114,11.29361,DE,Germany,Sangerhausen,,4,150.0
50.99543,11.32015,DE,Germany,Weimar,,4,100.0
51.38119,12.31102,DE,Germany,Leipzig,,4,150.0
50.97031,13.11729,DE,Germany,Hainichen,,4,100.0
51.30796,13.29239,DE,Germany,Riesa,,1,150.0
50.53959,12.779,DE,Germany,Schwarzenberg,,4,150.0
48.19528,11.5237,DE,Germany,Munich,,4,150.0
53.50334,10.19078,DE,Germany,Hamburg,,3,150.0
51.557222,12.96529,DE,Germany,Torgau,,3,150.0
53.47178,9.89827,DE,Germany,Hamburg,,4,150.0
51.31345,12.39243,DE,Germany,Leipzig,,3,150.0
53.31585,9.79333,DE,Germany,Buchholz in der Nordheide,,3,150.0
51.085292,14.671732,DE,Germany,Löbau,,3,150.0
54.39585,10.37631,DE,Germany,Schönberg (Holstein),,3,150.0
52.10434,9.37772,DE,Germany,Hameln,,1,150.0
50.845617,12.900417,DE,Germany,Chemnitz,,3,100.0
51.400556,12.210556,DE,Germany,Schkeuditz,,4,150.0
53.82279,9.93872,DE,Germany,Kaltenkirchen,,3,100.0
48.15678,8.63446,DE,Germany,Rottweil,,4,150.0
52.35764,13.41146,DE,Germany,Blankenfelde-Mahlow,,4,150.0
51.11766,13.09764,DE,Germany,Döbeln,,3,150.0
53.48822,10.17106,DE,Germany,Hamburg,,3,150.0
51.35015,12.46451,DE,Germany,Leipzig,,3,150.0
49.06967,10.32721,DE,Germany,Dinkelsbühl,,4,150.0
51.16076,6.9441,DE,Germany,Hilden,,3,150.0
52.32591,9.19949,DE,Germany,Stadthagen,,4,150.0
52.423937,9.838847,DE,Germany,Isernhagen,,3,150.0
49.37713,8.68793,DE,Germany,Heidelberg,,2,135.0
50.003216,9.237995,DE,Germany,Sailauf,,4,150.0
49.35246,7.1851,DE,Germany,Neunkirchen,,3,150.0
49.50707,8.51633,DE,Germany,Mannheim,,4,150.0
53.56874,9.94522,DE,Germany,Hamburg,,4,100.0
54.304065,10.106587,DE,Germany,Kiel,,3,100.0
49.4652,8.56261,DE,Germany,Mannheim,,2,135.0
50.73374,12.5068,DE,Germany,Zwickau,,3,100.0
50.73607,12.37346,DE,Germany,Werdau,,4,100.0
51.2333,12.72117,DE,Germany,Grimma,,4,150.0
48.58934,13.365343,DE,Germany,Passau,,1,350.0
48.588065,13.366667,DE,Germany,Passau,,1,350.0
48.058328,10.847694,DE,Germany,Landsberg am Lech,,1,350.0
48.059266,10.846791,DE,Germany,Landsberg am Lech,,1,350.0
51.467751,7.596959,DE,Germany,Schwerte,,1,350.0
50.817306,6.216629,DE,Germany,Eschweiler,,1,350.0
51.1579,6.961815,DE,Germany,Solingen,,1,350.0
51.156807,6.964803,DE,Germany,Solingen,,1,350.0
52.226977,9.232545,DE,Germany,Auetal,,1,350.0
52.223703,9.221469,DE,Germany,Auetal,,1,350.0
51.158407,7.230332,DE,Germany,Remscheid,,1,350.0
49.241155,10.356121,DE,Germany,Aurach,,1,350.0
49.242629,10.352944,DE,Germany,Aurach,,1,350.0
48.931044,12.705416,DE,Germany,Hunderdorf,,1,350.0
53.299087,9.53517,DE,Germany,Tiste,,1,350.0
53.299981,9.532557,DE,Germany,Tiste,,1,350.0
52.998531,9.181213,DE,Germany,Langwedel,,1,350.0
49.484491,10.211978,DE,Germany,Ohrenbach,,1,350.0
50.620347,8.362918,DE,Germany,Ehringshausen,,1,350.0
49.779352,10.246493,DE,Germany,Kleinlangheim,,1,350.0
50.724708,10.847168,DE,Germany,Geraberg,,1,350.0
50.726454,10.841634,DE,Germany,Geraberg,,1,350.0
49.485555,10.213267,DE,Germany,Ohrenbach,,1,350.0
47.801229,12.177198,DE,Germany,Rohrdorf,,1,350.0
49.898302,9.394346,DE,Germany,Weibersbrunn,,1,350.0
49.780852,10.244797,DE,Germany,Kleinlangheim,,1,350.0
48.076155,11.880776,DE,Germany,Kirchseeon,,2,22.0
51.659635,6.611683,DE,Germany,Wesel,,1,22.0
51.34545,12.4491,DE,Germany,Leipzig,,1,22.0
48.75121,10.23207,DE,Germany,Heidenheim,,1,22.0
48.68947,10.16248,DE,Germany,Heidenheim,,1,22.0
48.75121,9.0,DE,Germany,Heidenheim an der Brenz,,1,22.0
51.33417,12.33584,DE,Germany,Leipzig,,4,100.0
51.43761,6.75411,DE,Germany,Duisburg,,3,100.0
51.45151,7.09392,DE,Germany,Essen,,4,100.0
52.421065,13.281545,DE,Germany,Berlin,,1,3.7
53.67776,10.01808,DE,Germany,Hamburg,,3,100.0
50.6226,12.30393,DE,Germany,Reichenbach,,3,150.0
51.40234,6.8694,DE,Germany,Mülheim an der Ruhr,,3,150.0
47.79258,11.83079,DE,Germany,Miesbach,,3,100.0
53.095611,8.791333,DE,Germany,Bremen,,5,150.0
52.37482,13.09197,DE,Germany,Potsdam,,4,150.0
51.382348,9.017237,DE,Germany,Bad Arolsen,,4,100.0
49.90041,8.854457,DE,Germany,Dieburg,,4,150.0
51.275891,12.585906,DE,Germany,Naunhof,,4,100.0
52.85802,9.59065,DE,Germany,Walsrode,,1,150.0
52.54784,9.74534,DE,Germany,Wedemark,,2,150.0
54.28289,10.15341,DE,Germany,Kiel,,4,150.0
52.84485,8.04793,DE,Germany,Cloppenburg,,4,150.0
53.62851,10.1347,DE,Germany,Hamburg,,3,150.0
49.46625,8.47366,DE,Germany,Mannheim,,4,150.0
48.84522,12.96922,DE,Germany,Deggendorf,,4,100.0
48.06295,8.51614,DE,Germany,Villingen-Schwenningen,,3,100.0
50.73737,11.86983,DE,Germany,Triptis,,4,150.0
53.73477,9.9101,DE,Germany,Quickborn,,4,150.0
50.79987,6.75903,DE,Germany,Erftstadt,,3,100.0
50.405011,8.039337,DE,Germany,Elz,,3,150.0
52.302539,13.25475,DE,Germany,Ludwigsfelde,,1,200.0
51.2851,12.46746,DE,Germany,Leipzig,,4,150.0
53.57955,9.76399,DE,Germany,Hamburg,,1,100.0
53.611306,9.957694,DE,Germany,Hamburg,,1,150.0
50.05608,8.52106,DE,Germany,Kelsterbach,,4,100.0
49.1215,10.75488,DE,Germany,Gunzenhausen,,4,150.0
50.66545,6.79475,DE,Germany,Euskirchen,,4,200.0
51.48151,7.40949,DE,Germany,Dortmund,,4,120.0
52.561547,13.090399,DE,Germany,Falkensee,,3,100.0
48.39245,10.9171,DE,Germany,Augsburg Lechhausen,,3,100.0
52.22381,11.01884,DE,Germany,Helmstedt,,1,150.0
53.60375,10.04841,DE,Germany,Hamburg,,5,150.0
48.884463,8.509595,DE,Germany,Karlsbad,,1,22.0
50.81346,7.12773,DE,Germany,Troisdorf,,3,100.0
51.023975,6.903527,DE,Germany,Cologne,,4,100.0
53.74973,9.68445,DE,Germany,Elmshorn,,4,150.0
54.3264,10.10483,DE,Germany,Kiel,,1,150.0
52.38427,13.51035,DE,Germany,Schönefeld,,4,200.0
50.89347,12.43255,DE,Germany,Gößnitz,,4,150.0
52.767752,13.648661,DE,Germany,Biesenthal,,3,150.0
51.301651,13.309749,DE,Germany,Riesa,,2,150.0
49.627227,10.922784,DE,Germany,Untermembach,,1,350.0
48.17495,11.55342,DE,Germany,Munich,,2,100.0
50.69192,7.136884,DE,Germany,Bonn,,4,100.0
52.510222,13.490111,DE,Germany,Berlin,,4,150.0
50.46288,11.63059,DE,Germany,Bad Lobenstein,,4,150.0
51.48275,10.79764,DE,Germany,Nordhausen,,4,100.0
51.114969,13.906354,DE,Germany,Radeberg,,4,65.0
51.40411,13.4371,DE,Germany,Gröditz,,4,150.0
50.97124,13.86661,DE,Germany,Heidenau,,3,150.0
51.468107,6.783997,DE,Germany,Duisburg,,4,150.0
50.97132,13.92576,DE,Germany,Pirna,,4,100.0
43.435122,6.792949,FR,France,Saint-Raphaël,,1,250.0
44.659302,-0.828528,FR,France,Mios,,3,300.0
44.178106,0.63069,FR,France,Boé,,1,300.0
50.479791,2.966523,FR,France,Carvin,,1,200.0
49.415295,1.046489,FR,France,Le Grand-Quevilly,,1,600.0
43.250581,6.095538,FR,France,Cuers,,1,250.0
43.718445,4.180593,FR,France,Gallargues-le-Montueux,,1,250.0
48.131167,-1.633316,FR,France,Rennes,,1,600.0
46.268393,5.363363,FR,France,Auvergne-Rhône-Alpes,,2,380.0
43.466986,6.548151,FR,France,Le Muy,,1,200.0
45.824936,4.761945,FR,France,Dardilly,,1,250.0
48.590394,2.300936,FR,France,Brétigny-sur-Orge,,1,250.0
46.61402,0.34856,FR,France,Poitiers,,1,300.0
46.548186,0.298256,FR,France,Poitiers,,1,300.0
43.609521,1.344681,FR,France,Colomiers,,1,150.0
50.731752,1.668588,FR,France,Saint-Martin-Boulogne,,2,300.0
50.734175,1.67781,FR,France,Saint-Martin-Boulogne,,1,150.0
49.548991,3.612248,FR,France,Laon,,2,50.0
48.127132,7.364897,FR,France,Houssen,,1,300.0
48.968357,1.866958,FR,France,Flins-sur-Seine,,1,600.0
47.373651,-1.934793,FR,France,Savernay,,1,300.0
48.078197,-0.800489,FR,France,Laval,,1,150.0
48.530754,-2.754833,FR,France,Plérin,,1,300.0
48.912991,-0.206218,FR,France,Falaise,,2,600.0
49.163465,-0.30239,FR,France,Mondeville,,1,600.0
49.138628,0.578732,FR,France,Courbépine,,4,560.0
45.691923,5.028923,FR,France,Saint-Bonnet-de-Mure,,3,50.0
48.748132,6.146633,FR,France,Frouard,,2,300.0
46.175037,-1.123271,FR,France,Puilboreau,,1,300.0
48.780174,2.368573,FR,France,Villejuif,,1,200.0
50.525152,2.627221,FR,France,Béthune,,1,200.0
48.937485,2.277216,FR,France,Gennevilliers,,1,300.0
49.407344,2.114357,FR,France,Allonne,,1,300.0
49.096805,2.531726,FR,France,Survilliers,,1,300.0
43.234862,0.045815,FR,France,Tarbes,,1,250.0
48.760278,1.918651,FR,France,Maurepas,,2,150.0
48.760445,1.917409,FR,France,Maurepas,,1,200.0
49.019094,1.482718,FR,France,Chaufour-Lès-Bonnières,,2,320.0
46.775344,4.864748,FR,France,Chalon-sur-Saône,,1,600.0
48.918886,2.220474,FR,France,Nanterre,,1,300.0
43.466889,-1.541746,FR,France,Biarritz,,1,300.0
48.977996,1.721614,FR,France,Mantes-la-Ville,,1,300.0
49.222183,2.590284,FR,France,Senlis,,1,400.0
47.359894,5.049548,FR,France,Dijon,,1,600.0
43.199798,-1.005723,FR,France,Musculdy,,1,3.0
50.099947,1.857175,FR,France,Abbeville,,1,250.0
45.844386,1.288413,FR,France,Limoges,,1,250.0
47.654652,-2.737918,FR,France,Vannes,,2,320.0
48.171227,5.558053,FR,France,Bourg-Sainte-Marie ,,1,7.0
45.218161,5.660654,FR,France,Sassenage,,4,50.0
48.976435,2.61384,FR,France,Mitry-Mory,,1,300.0
44.519772,3.910222,FR,France,PREVENCHERES,,1,150.0
48.763496,2.334449,FR,France,Fresnes,,1,300.0
44.868334,-0.498146,FR,France,Artigues-près-Bordeaux,,2,400.0
48.990269,2.514131,FR,France,Roissy-en-France,,1,250.0
48.780023,1.205121,FR,France,La Madeleine-de-Nonancourt,,1,400.0
42.737498,2.890701,FR,France,Perpignan,,1,300.0
49.020988,2.467674,FR,France,Goussainville,,1,250.0
44.906371,4.879961,FR,France,Valence,,2,400.0
47.917027,5.993897,FR,France,Bourgogne-Franche-Comté,,3,0.0
47.946127,1.891918,FR,France,Saran,,1,300.0
47.536676,0.962051,FR,France,Auzouer-en-Touraine,,4,400.0
47.534577,0.962441,FR,France,Auzouer-en-Touraine,,4,400.0
45.875265,3.116509,FR,France,Riom,,1,120.0
48.685108,2.188316,FR,France,Orsay,,1,300.0
46.119191,5.808806,FR,France,Valserhône,,2,320.0
43.294266,1.953427,FR,France,Castelnaudary,,1,250.0
47.631417,6.140269,FR,France,Vesoul,,1,250.0
47.383581,2.917938,FR,France,Cosne-Cours-sur-Loire,,1,250.0
48.706561,2.297582,FR,France,Chilly-Mazarin,,1,250.0
47.600178,4.648542,FR,France,Baigneux-les-Juifs,,3,50.0
46.070093,6.551001,FR,France,Scionzier,,1,250.0
47.782117,7.386948,FR,France,Sausheim,,1,250.0
45.613408,5.232812,FR,France,L'Isle-d'Abeau,,2,200.0
48.772692,7.243248,FR,France,Phalsbourg,,1,250.0
42.701784,3.02173,FR,France,Canet-en-Roussillon ,,3,150.0
48.70166,2.597525,FR,France,Brie-Comte-Robert,,2,150.0
50.12749,3.931391,FR,France,Avesnes-sur-Helpe,,2,150.0
47.845597,1.917847,FR,France,Olivet,,2,150.0
48.083286,2.469836,FR,France,Beaune-la-Rolande,,2,500.0
49.709708,2.773979,FR,France,Roye,,2,320.0
49.214469,4.044395,FR,France,Cormontreuil,,1,200.0
43.505706,5.39915,FR,France,Aix-en-Provence,,3,300.0
43.819077,4.354122,FR,France,Nîmes,,1,300.0
48.925696,2.548936,FR,France,Livry-Gargan,,1,300.0
48.014575,-4.081538,FR,France,Quimper,,1,300.0
45.287567,-0.921974,FR,France,Lesparre-Médoc,,1,200.0
47.97369,2.73514,FR,France,Amilly,,1,200.0
48.706275,2.395696,FR,France,Athis-Mons,,1,200.0
47.079149,-0.834307,FR,France,Cholet,,1,250.0
48.032795,0.176421,FR,France,Le Mans,,1,250.0
48.927517,2.548519,FR,France,Livry-Gargan,,1,250.0
45.146819,1.480304,FR,France,Brive-la-Gaillarde,,1,250.0
44.864081,1.041895,FR,France,Saint-Cyprien,,3,200.0
44.83483,0.478508,FR,France,Bergerac,,4,200.0
44.833041,0.477847,FR,France,Bergerac,,3,50.0
44.836604,0.454836,FR,France,Bergerac,,2,200.0
44.835378,0.451276,FR,France,Bergerac,,4,200.0
44.833341,0.440862,FR,France,Saint-Laurent-des-Vignes,,2,100.0
44.841148,0.227569,FR,France,Pineuilh,,3,200.0
46.296286,4.028681,FR,France,Baugy (71),,1,7.0
46.05861,6.376061,FR,France,Auvergne-Rhône-Alpes,,2,180.0
47.067674,5.453607,FR,France,Bourgogne-Franche-Comté,,3,150.0
48.62632,4.965924,FR,France,Saint-Dizier,,2,380.0
47.529973,5.115841,FR,France,Is-sur-Tille,,4,200.0
47.870846,5.340843,FR,France,Langres,,3,50.0
48.033129,5.349488,FR,France,Nogent,,4,200.0
48.0867,5.146001,FR,France,Chaumont,,4,200.0
48.299544,5.842787,FR,France,Châtenois,,3,100.0
48.366495,5.707667,FR,France,Neufchâteau,,4,200.0
48.352503,5.692558,FR,France,Neufchâteau,,4,200.0
48.322597,5.575923,FR,France,Liffol-le-Grand,,3,100.0
48.6642,5.887994,FR,France,Toul,,5,200.0
48.680624,5.889447,FR,France,Toul,,3,200.0
48.679609,5.872379,FR,France,Écrouves,,2,200.0
48.756127,5.586052,FR,France,Commercy,,3,50.0
48.759152,5.589841,FR,France,Commercy,,4,200.0
48.759866,5.604646,FR,France,Commercy,,4,200.0
49.570177,3.656425,FR,France,Laon,,3,100.0
49.909966,4.091068,FR,France,Hirson,,3,200.0
50.07572,4.724046,FR,France,Vireux-Molhain,,2,120.0
49.758098,4.72621,FR,France,Charleville-Mézières,,5,160.0
49.734464,4.752118,FR,France,Villers-Semeuse,,5,200.0
49.142729,5.408293,FR,France,Verdun,,4,100.0
49.431443,5.616975,FR,France,Longuyon,,3,100.0
49.515341,5.751237,FR,France,Longwy,,3,100.0
49.470211,5.92571,FR,France,Villerupt,,4,200.0
49.356349,5.979743,FR,France,Fontoy,,4,200.0
49.347773,6.037933,FR,France,Algrange,,3,100.0
49.357893,6.13939,FR,France,Thionville,,4,100.0
49.357391,6.191404,FR,France,Yutz,,4,200.0
49.16128,5.87252,FR,France,Jarny,,3,200.0
49.166002,5.863087,FR,France,Jarny,,3,100.0
49.255603,5.944516,FR,France,Val de Briey,,4,100.0
49.254035,5.948736,FR,France,Val de Briey,,4,200.0
49.197021,5.993416,FR,France,Sainte-Marie-aux-Chênes,,4,200.0
49.197876,5.996484,FR,France,Sainte-Marie-aux-Chênes,,4,200.0
49.21199,5.939171,FR,France,Valleroy,,3,200.0
47.105567,1.882792,FR,France,Graçay,,1,300.0
49.225091,6.016108,FR,France,Jœuf,,4,200.0
49.255756,6.129582,FR,France,Amnéville,,3,100.0
49.246558,6.135327,FR,France,Amnéville,,3,120.0
49.260568,6.176245,FR,France,Mondelange,,5,150.0
49.241906,6.172235,FR,France,Talange,,3,100.0
49.229985,6.180028,FR,France,Talange,,3,200.0
49.149823,6.176035,FR,France,Woippy,,4,200.0
49.106219,6.22774,FR,France,Metz,,4,100.0
49.087939,6.156336,FR,France,Montigny-lès-Metz,,4,120.0
49.083966,6.109519,FR,France,Moulins-lès-Metz,,4,200.0
49.076576,6.105824,FR,France,Augny,,3,200.0
49.075009,6.1073,FR,France,Augny,,3,200.0
48.920704,6.058053,FR,France,Pont-à-Mousson,,4,200.0
48.917969,6.064424,FR,France,Pont-à-Mousson,,3,100.0
48.910289,6.038862,FR,France,Pont-à-Mousson,,2,120.0
47.279346,-1.595334,FR,France,Treillières,,2,400.0
48.82556,1.967816,FR,France,Les Clayes-sous-Bois,,1,250.0
50.300004,2.90416,FR,France,Rœux,,2,150.0
48.736899,6.162856,FR,France,Champigneulles,,4,200.0
48.716309,6.17545,FR,France,Malzéville,,4,200.0
48.710545,6.173163,FR,France,Maxéville,,3,100.0
48.701761,6.212934,FR,France,Saint-Max,,4,200.0
48.67184,6.153049,FR,France,Villers-lès-Nancy,,4,200.0
48.653621,6.183972,FR,France,Vandœuvre-lès-Nancy,,3,100.0
48.643023,6.184772,FR,France,Houdemont,,2,200.0
48.638994,6.184326,FR,France,Heillecourt,,4,200.0
48.623374,6.348568,FR,France,Dombasle-sur-Meurthe,,3,100.0
48.610085,6.351454,FR,France,Dombasle-sur-Meurthe,,4,120.0
48.584796,6.512652,FR,France,Lunéville,,2,200.0
48.580389,6.519114,FR,France,Moncel-lès-Lunéville,,3,200.0
48.578376,6.519977,FR,France,Moncel-lès-Lunéville,,5,200.0
48.578296,6.517565,FR,France,Lunéville,,3,200.0
48.37019,6.289949,FR,France,Charmes,,3,100.0
45.503994,6.037057,FR,France,Porte-de-Savoie,,1,250.0
48.359574,6.304072,FR,France,Charmes,,3,200.0
48.261424,6.40907,FR,France,Thaon-les-Vosges,,3,100.0
48.246554,6.423716,FR,France,Thaon-les-Vosges,,4,200.0
48.201867,6.477142,FR,France,Jeuxey,,3,100.0
48.198502,6.475164,FR,France,Jeuxey,,1,22.0
48.192243,6.438783,FR,France,Épinal,,2,120.0
48.341022,6.636549,FR,France,Rambervillers,,4,200.0
48.338791,6.634867,FR,France,Rambervillers,,3,200.0
49.020173,6.380377,FR,France,Rémilly,,3,100.0
48.823932,6.507763,FR,France,Château-Salins,,2,150.0
48.811866,6.714776,FR,France,Dieuze,,3,100.0
48.818516,6.721904,FR,France,Dieuze,,3,50.0
48.924474,6.644998,FR,France,Morhange,,4,200.0
48.93321,6.653092,FR,France,Morhange,,2,100.0
49.048929,6.593871,FR,France,Faulquemont,,4,100.0
49.094534,6.717899,FR,France,Saint-Avold,,3,120.0
49.110287,6.695317,FR,France,Longeville-lès-Saint-Avold,,6,170.0
49.14114,6.807857,FR,France,Freyming-Merlebach,,2,120.0
49.194585,6.931344,FR,France,Forbach,,2,200.0
49.087413,7.038767,FR,France,Hambach,,4,100.0
49.117579,7.095284,FR,France,Sarreguemines,,4,160.0
48.984944,7.026526,FR,France,Sarralbe,,4,200.0
48.739624,7.070782,FR,France,Sarrebourg,,5,200.0
48.73747,7.077521,FR,France,Buhl-Lorraine,,4,100.0
48.735755,7.365174,FR,France,Saverne,,4,200.0
48.938453,7.190819,FR,France,Diemeringen,,3,160.0
49.047241,7.284363,FR,France,Rohrbach-lès-Bitche,,3,50.0
49.044567,7.42716,FR,France,Bitche,,3,50.0
49.029247,7.960669,FR,France,Wissembourg,,4,200.0
49.026519,7.946301,FR,France,Wissembourg,,4,200.0
48.935646,7.88354,FR,France,Soultz-sous-Forêts,,4,200.0
48.827806,7.756522,FR,France,Haguenau,,3,100.0
48.801871,7.835928,FR,France,Haguenau,,3,100.0
48.747365,7.686545,FR,France,Bernolsheim,,3,200.0
48.657703,7.728534,FR,France,Vendenheim,,4,150.0
48.651553,7.725848,FR,France,Mundolsheim,,4,100.0
48.650853,7.728806,FR,France,Mundolsheim,,4,150.0
48.612309,7.765794,FR,France,Bischheim,,4,150.0
48.582129,7.745721,FR,France,Strasbourg,,1,22.0
48.583185,7.631499,FR,France,Achenheim,,4,200.0
48.541165,7.652479,FR,France,Entzheim,,3,50.0
48.5103,7.697584,FR,France,Geispolsheim,,3,100.0
48.527519,7.496673,FR,France,Dorlisheim,,6,200.0
48.493332,7.251488,FR,France,Russ,,3,50.0
48.414909,7.476451,FR,France,Gertwiller,,2,200.0
48.374647,7.589602,FR,France,Benfeld,,3,120.0
48.275081,7.464401,FR,France,Sélestat,,4,120.0
48.255494,7.423668,FR,France,Sélestat,,3,200.0
48.249046,7.435287,FR,France,Sélestat,,4,200.0
48.338205,7.316378,FR,France,Neuve-Église,,2,100.0
48.377948,6.89306,FR,France,Moyenmoutier,,3,100.0
48.290629,6.938042,FR,France,Saint-Dié-des-Vosges,,4,200.0
48.273634,6.966796,FR,France,Saint-Dié-des-Vosges,,5,200.0
48.193048,6.949905,FR,France,Anould,,4,200.0
48.109616,6.572506,FR,France,Pouxeux,,4,100.0
47.922135,6.660338,FR,France,Rupt-sur-Moselle,,3,50.0
48.012001,6.714496,FR,France,Vagney,,2,120.0
48.07625,6.884857,FR,France,Gérardmer,,4,170.0
48.12778,7.369931,FR,France,Houssen,,4,100.0
48.087501,7.360501,FR,France,Colmar,,3,100.0
48.079472,7.379152,FR,France,Colmar,,3,50.0
48.080364,7.383664,FR,France,Colmar,,3,100.0
48.077419,7.403082,FR,France,Horbourg-Wihr,,3,50.0
48.063246,7.339908,FR,France,Colmar,,5,200.0
48.0631,7.341353,FR,France,Colmar,,2,50.0
48.011219,7.535364,FR,France,Volgelsheim,,3,200.0
47.967216,7.302739,FR,France,Rouffach,,3,200.0
47.902902,7.242136,FR,France,Issenheim,,2,50.0
47.86196,7.256888,FR,France,Bollwiller,,3,50.0
47.808051,7.105612,FR,France,Thann,,4,200.0
47.792887,7.172793,FR,France,Cernay,,3,200.0
47.798271,7.309348,FR,France,Wittenheim,,3,200.0
47.798277,7.311763,FR,France,Wittenheim,,2,120.0
47.801727,7.379625,FR,France,Baldersheim,,1,22.0
47.775191,7.390258,FR,France,Sausheim,,2,100.0
47.771194,7.389323,FR,France,Illzach,,4,200.0
47.747782,7.358994,FR,France,Riedisheim,,5,200.0
47.74049,7.293583,FR,France,Mulhouse,,4,100.0
47.72679,7.320771,FR,France,Brunstatt-Didenheim,,5,200.0
47.664246,7.445718,FR,France,Sierentz,,2,50.0
47.635947,7.492712,FR,France,Bartenheim,,3,100.0
47.593063,7.503579,FR,France,Blotzheim,,3,200.0
47.578108,7.533684,FR,France,Hésingue,,3,50.0
47.590598,7.575626,FR,France,Huningue,,4,200.0
47.810136,6.36246,FR,France,Luxeuil-les-Bains,,3,50.0
47.642423,6.920588,FR,France,Bessoncourt,,4,100.0
47.640427,6.911273,FR,France,Bessoncourt,,3,100.0
47.634792,6.828991,FR,France,Essert,,4,200.0
47.633502,6.854324,FR,France,Belfort,,1,22.0
47.628707,6.857295,FR,France,Belfort,,1,22.0
47.616802,6.861037,FR,France,Danjoutin,,3,200.0
47.598949,6.861843,FR,France,Andelnans,,5,200.0
47.581893,6.773073,FR,France,Héricourt,,4,200.0
47.495909,6.98217,FR,France,Delle,,3,100.0
47.528212,6.809422,FR,France,Montbéliard,,5,200.0
47.503466,6.79243,FR,France,Montbéliard,,3,50.0
47.499775,6.816956,FR,France,Montbéliard,,2,100.0
47.678843,6.501727,FR,France,Lure,,4,200.0
47.674457,6.513643,FR,France,Lure,,3,100.0
47.626508,6.171491,FR,France,Vesoul,,5,200.0
47.647275,6.141183,FR,France,Pusey,,3,100.0
47.454655,5.594989,FR,France,Arc-lès-Gray,,3,100.0
47.448758,5.586364,FR,France,Gray,,3,100.0
47.392811,5.309806,FR,France,Mirebeau-sur-Bèze,,3,120.0
47.287576,5.76301,FR,France,Marnay,,3,100.0
47.218044,5.95082,FR,France,Besançon,,3,200.0
47.183193,5.814762,FR,France,Saint-Vit,,3,50.0
46.907599,6.339021,FR,France,Pontarlier,,3,200.0
46.903696,6.330879,FR,France,Pontarlier,,3,160.0
46.571918,5.956431,FR,France,Saint-Laurent-en-Grandvaux,,2,100.0
45.612953,5.228258,FR,France,L'Isle-d'Abeau,,1,0.0
45.586627,4.785626,FR,France,Chasse-sur-Rhône,,3,240.0
46.250846,4.792849,FR,France,Crêches-sur-Saône,,2,200.0
43.703961,7.194232,FR,France,Nice,,3,50.0
43.586505,7.007847,FR,France,Mougins,,3,100.0
43.613044,6.970956,FR,France,Mougins,,2,160.0
43.612305,6.97198,FR,France,Mougins,,2,120.0
43.59159,6.929797,FR,France,Pégomas,,2,100.0
43.644603,6.888147,FR,France,Peymeinade,,3,100.0
43.219748,6.145105,FR,France,Pierrefeu-du-Var,,3,50.0
43.145005,6.03847,FR,France,La Garde,,3,100.0
43.137299,6.00423,FR,France,La Valette-du-Var,,2,160.0
43.135762,5.999117,FR,France,La Valette-du-Var,,3,50.0
43.147683,5.764013,FR,France,Bandol,,2,120.0
43.18994,5.60219,FR,France,La Ciotat,,3,200.0
43.389371,5.597346,FR,France,La Destrousse,,4,200.0
43.389552,5.597762,FR,France,La Destrousse,,2,100.0
43.388298,5.599082,FR,France,La Destrousse,,4,200.0
43.38374,5.602148,FR,France,La Destrousse,,4,200.0
43.337935,5.599808,FR,France,Roquevaire,,2,100.0
43.336621,5.599363,FR,France,Roquevaire,,4,200.0
43.289839,5.489357,FR,France,Marseille,,3,100.0
43.300126,5.474912,FR,France,Marseille,,4,200.0
43.327182,5.383577,FR,France,Marseille,,1,100.0
43.409872,5.023888,FR,France,Martigues,,3,100.0
43.44028,5.036623,FR,France,Saint-Mitre-les-Remparts,,4,200.0
43.459426,4.941345,FR,France,Fos-sur-Mer,,2,100.0
45.597068,5.268463,FR,France,Bourgoin-Jallieu,,3,150.0
45.595845,5.269135,FR,France,Bourgoin-Jallieu,,1,0.0
43.498452,4.9767,FR,France,Istres,,4,300.0
43.627902,5.114469,FR,France,Salon-de-Provence,,2,100.0
43.675821,5.496613,FR,France,Pertuis,,3,100.0
43.808624,5.81378,FR,France,Manosque,,3,100.0
44.536441,5.831638,FR,France,Veynes,,3,160.0
44.559335,6.084242,FR,France,Gap,,3,50.0
44.883662,6.626864,FR,France,Briançon,,3,100.0
45.594958,5.889678,FR,France,Chambéry,,4,200.0
45.604118,5.891115,FR,France,Chambéry,,4,150.0
45.661031,5.909651,FR,France,Drumettaz-Clarafond,,2,160.0
45.675242,5.908997,FR,France,Aix-les-Bains,,4,150.0
45.718215,5.925868,FR,France,Grésy-sur-Aix,,4,200.0
45.656532,6.370283,FR,France,Albertville,,2,200.0
45.899183,6.828826,FR,France,Chamonix-Mont-Blanc,,2,120.0
45.878878,6.094813,FR,France,Annecy,,2,200.0
45.894957,6.109123,FR,France,Annecy,,3,50.0
45.933254,6.081439,FR,France,Epagny Metz-Tessy,,4,100.0
45.936646,6.077628,FR,France,Epagny Metz-Tessy,,2,120.0
46.196546,6.262102,FR,France,Annemasse,,3,200.0
46.223162,6.312575,FR,France,Saint-Cergues,,3,160.0
46.352552,6.438636,FR,France,Anthy-sur-Léman,,3,160.0
45.150785,5.712415,FR,France,Échirolles,,3,240.0
45.150106,5.694387,FR,France,Échirolles,,3,200.0
45.151883,5.695574,FR,France,Échirolles,,1,200.0
45.16087,5.695289,FR,France,Seyssins,,3,240.0
45.238553,5.669413,FR,France,Saint-Égrève,,3,200.0
45.271868,5.889809,FR,France,Crolles,,2,120.0
45.353669,5.597589,FR,France,Coublevie,,3,100.0
45.529774,5.684412,FR,France,Le Pont-de-Beauvoisin,,4,100.0
45.529363,5.689308,FR,France,Le Pont-de-Beauvoisin,,4,200.0
45.568435,5.457166,FR,France,Saint-Clair-de-la-Tour,,4,200.0
45.568214,5.430938,FR,France,Saint-Jean-de-Soudain,,2,200.0
45.590257,5.247113,FR,France,Bourgoin-Jallieu,,3,240.0
45.825559,4.606076,FR,France,L'Arbresle,,2,100.0
45.818638,4.903249,FR,France,Rillieux-la-Pape,,3,24.0
45.819466,4.770895,FR,France,Limonest,,4,200.0
45.804537,4.78193,FR,France,Champagne-au-Mont-d'Or,,4,200.0
45.786488,4.782203,FR,France,Écully,,2,100.0
45.747728,4.738789,FR,France,Craponne,,2,200.0
45.715126,4.820294,FR,France,Oullins-Pierre-Bénite,,4,200.0
45.705291,4.912588,FR,France,Saint-Priest,,4,200.0
45.690008,4.860958,FR,France,Saint-Fons,,3,200.0
45.63761,4.823836,FR,France,Solaize,,3,100.0
45.524047,4.295241,FR,France,Andrézieux,,3,50.0
45.483347,4.344092,FR,France,La Fouillouse,,3,50.0
45.476328,4.348275,FR,France,Villars,,2,100.0
45.459372,4.396313,FR,France,Saint-Étienne,,4,200.0
45.455862,4.401858,FR,France,Saint-Étienne,,3,100.0
45.480824,4.444398,FR,France,Sorbiers,,3,100.0
45.483547,4.533531,FR,France,L'Horme,,5,200.0
45.500037,4.566936,FR,France,La Grand-Croix,,2,100.0
45.392879,4.268113,FR,France,Unieux,,2,120.0
45.390068,4.298262,FR,France,Firminy,,4,100.0
45.316714,4.809954,FR,France,Chanas,,4,200.0
45.274309,4.89698,FR,France,Anneyron,,3,50.0
45.256093,4.690977,FR,France,Davézieux,,3,200.0
45.210735,4.030011,FR,France,Retournac,,3,50.0
45.050355,3.913045,FR,France,Brives-Charensac,,3,240.0
44.918283,4.861431,FR,France,Soyons,,2,200.0
44.718269,4.606257,FR,France,Privas,,3,200.0
44.716079,4.609765,FR,France,Privas,,2,120.0
44.617875,4.407331,FR,France,Aubenas,,3,100.0
44.616122,4.403684,FR,France,Aubenas,,2,100.0
44.324997,4.741846,FR,France,Bollène,,3,200.0
44.239482,4.638373,FR,France,Pont-Saint-Esprit,,4,150.0
44.15509,4.615657,FR,France,Bagnols-sur-Cèze,,3,100.0
44.117596,4.839768,FR,France,Orange,,3,50.0
44.110944,4.852005,FR,France,Orange,,5,200.0
44.049899,5.036234,FR,France,Carpentras,,3,100.0
44.034505,4.993436,FR,France,Monteux,,4,200.0
44.000954,4.878648,FR,France,Sorgues,,2,100.0
43.978845,4.87645,FR,France,Le Pontet,,2,120.0
43.974788,4.858464,FR,France,Le Pontet,,2,120.0
43.957382,4.850916,FR,France,Le Pontet,,4,200.0
43.666534,4.631325,FR,France,Arles,,2,100.0
43.704418,4.643283,FR,France,Arle,,2,150.0
43.812158,4.371227,FR,France,Nîmes,,2,200.0
43.809438,4.359348,FR,France,Nîmes,,4,200.0
43.81879,4.349738,FR,France,Nîmes,,2,120.0
43.859736,4.432703,FR,France,Marguerittes,,2,120.0
43.999401,4.414852,FR,France,Uzès,,3,100.0
44.112851,4.095803,FR,France,Alès,,3,100.0
44.116207,4.096119,FR,France,Alès,,2,120.0
44.133828,4.10539,FR,France,Alès,,3,100.0
44.140906,4.090317,FR,France,Alès,,3,200.0
43.629177,4.192316,FR,France,Saint-Laurent-d'Aigouze,,3,50.0
43.692907,4.203384,FR,France,Aimargues,,5,150.0
43.677991,4.117143,FR,France,Lunel,,4,120.0
43.642861,3.943599,FR,France,Le Crès,,3,200.0
43.589398,3.892843,FR,France,Montpellier,,3,150.0
43.586558,3.89058,FR,France,Montpellier,,3,200.0
43.452552,3.418755,FR,France,Pézenas,,3,120.0
43.334349,3.27849,FR,France,Villeneuve-lès-Béziers,,4,200.0
43.345004,3.241016,FR,France,Béziers,,3,200.0
44.514596,3.475969,FR,France,Mende,,4,200.0
44.400545,2.605671,FR,France,Sébazac-Concourès,,3,100.0
44.396897,2.605306,FR,France,Sébazac-Concourès,,3,50.0
44.36174,2.032724,FR,France,Villefranche-de-Rouergue,,3,200.0
44.358776,2.027018,FR,France,Villefranche-de-Rouergue,,4,120.0
44.052442,2.159847,FR,France,Carmaux,,3,100.0
43.928926,2.19442,FR,France,Albi,,3,100.0
43.54779,2.273467,FR,France,Labruguière,,4,200.0
43.588893,2.270354,FR,France,Castres,,3,100.0
43.767176,1.99578,FR,France,Graulhet,,2,100.0
43.760597,1.970801,FR,France,Graulhet,,2,160.0
43.706724,1.803749,FR,France,Lavaur,,2,160.0
43.713992,1.418368,FR,France,Gratentour,,3,100.0
43.681012,1.449249,FR,France,Fonbeauzard,,4,200.0
43.655147,1.471006,FR,France,L'Union,,3,200.0
43.649475,1.507122,FR,France,Saint-Jean,,1,100.0
43.644802,1.53353,FR,France,Montrabé,,3,100.0
43.6362,1.49659,FR,France,L'Union,,3,50.0
43.613722,1.396895,FR,France,Toulouse,,3,200.0
43.602981,1.261215,FR,France,Léguevin,,2,150.0
43.569867,1.309467,FR,France,Plaisance-du-Touch,,5,200.0
43.565249,1.516418,FR,France,Saint-Orens-de-Gameville,,1,120.0
43.535115,1.397138,FR,France,Portet-sur-Garonne,,3,200.0
43.534884,1.400211,FR,France,Portet-sur-Garonne,,3,200.0
43.470146,0.923078,FR,France,Lombez,,3,100.0
43.511901,1.189575,FR,France,Saint-Lys,,3,100.0
42.625308,2.428857,FR,France,Prades,,3,200.0
42.480664,2.671637,FR,France,Amélie-les-Bains-Palalda,,1,22.0
42.501149,2.759401,FR,France,Céret,,3,50.0
42.530359,2.83834,FR,France,Le Boulou,,3,100.0
42.547727,2.943114,FR,France,Laroque-des-Albères,,2,100.0
42.625603,2.767429,FR,France,Llupia,,2,120.0
42.67556,2.634595,FR,France,Ille-sur-Têt,,2,100.0
42.605062,2.978557,FR,France,Elne,,4,120.0
42.641107,2.876287,FR,France,Pollestres,,3,200.0
42.65961,2.88469,FR,France,Perpignan,,4,200.0
42.675473,2.889461,FR,France,Perpignan,,3,100.0
42.680021,2.892658,FR,France,Perpignan,,3,200.0
42.681149,2.892686,FR,France,Perpignan,,4,100.0
42.687427,2.883613,FR,France,Perpignan,,4,100.0
42.685183,2.863781,FR,France,Perpignan,,4,200.0
42.680856,2.852753,FR,France,Perpignan,,4,200.0
42.701919,2.940087,FR,France,Perpignan,,5,200.0
42.706412,3.014162,FR,France,Canet-en-Roussillon,,3,200.0
42.738875,2.89229,FR,France,Perpignan,,5,200.0
42.773379,3.015738,FR,France,Saint-Laurent-de-la-Salanque,,3,100.0
42.775774,2.909014,FR,France,Rivesaltes,,4,200.0
42.782144,2.900833,FR,France,Rivesaltes,,3,100.0
42.894565,2.993406,FR,France,Fitou,,3,100.0
43.172742,2.992302,FR,France,Narbonne,,2,100.0
43.265605,2.717177,FR,France,Homps,,2,50.0
43.072358,2.221801,FR,France,Limoux,,4,120.0
43.09937,1.624335,FR,France,Pamiers,,4,200.0
43.104544,1.630353,FR,France,Pamiers,,2,160.0
43.114176,1.629936,FR,France,Pamiers,,3,200.0
43.195843,1.001388,FR,France,Martres-Tolosane,,3,100.0
43.115364,0.75985,FR,France,Estancarbon,,3,50.0
43.112107,0.354998,FR,France,Capvern,,5,200.0
43.115411,-0.031656,FR,France,Lourdes,,3,100.0
43.108551,-0.038963,FR,France,Lourdes,,3,120.0
43.219074,0.079424,FR,France,Tarbes,,3,150.0
43.3294,-0.385372,FR,France,Lons,,3,100.0
43.312911,-0.415926,FR,France,Lons,,2,100.0
43.219626,-0.3999,FR,France,Gan,,3,100.0
43.179024,-0.614251,FR,France,Oloron-Sainte-Marie,,3,200.0
43.466872,-0.751462,FR,France,Biron,,4,200.0
43.487748,-0.780229,FR,France,Orthez,,3,200.0
43.382003,-1.315522,FR,France,Hasparren,,3,100.0
43.355477,-1.413806,FR,France,Cambo-les-Bains,,3,200.0
43.527791,-1.463586,FR,France,Tarnos,,3,120.0
43.745949,-1.332823,FR,France,Soustons,,3,50.0
43.747008,-1.322024,FR,France,Soustons,,4,200.0
43.712712,-1.231774,FR,France,Saint-Geours-de-Maremne,,3,200.0
43.637338,-0.611924,FR,France,Hagetmau,,3,200.0
43.732594,-0.266675,FR,France,Aire-sur-l'Adour,,3,200.0
43.873045,-0.491572,FR,France,Saint-Pierre-du-Mont,,3,120.0
43.887127,-0.488567,FR,France,Mont-de-Marsan,,3,200.0
44.029899,-0.922433,FR,France,Morcenx-la-Nouvelle,,3,120.0
44.193252,-1.228536,FR,France,Mimizan,,2,120.0
44.587733,-0.033143,FR,France,La Réole,,3,200.0
44.544298,-0.242884,FR,France,Langon,,2,120.0
44.655629,-0.364685,FR,France,Podensac,,2,100.0
43.228786,0.096029,FR,France,Séméac,,1,250.0
44.641402,-0.953466,FR,France,Biganos,,3,150.0
44.61372,-1.117411,FR,France,La Teste-de-Buch,,2,200.0
45.186979,-1.054284,FR,France,Hourtin,,2,120.0
45.078835,-1.037061,FR,France,Carcans,,2,160.0
44.790246,-1.146307,FR,France,Lège-Cap-Ferret,,3,100.0
45.000013,-1.199426,FR,France,Lacanau,,2,160.0
45.076331,-0.499166,FR,France,Pugnac,,4,200.0
44.954181,-0.629516,FR,France,Le Pian-Médoc,,4,200.0
44.901662,-0.491755,FR,France,Sainte-Eulalie,,2,120.0
44.860293,-0.634161,FR,France,Bordeaux,,4,200.0
44.776886,-0.570841,FR,France,Villenave-d'Ornon,,3,150.0
44.789486,-0.53365,FR,France,Bègles,,5,200.0
44.784536,-0.638024,FR,France,Pessac,,3,200.0
44.778464,-0.64456,FR,France,Pessac,,2,120.0
44.774497,-0.641039,FR,France,Gradignan,,3,200.0
44.732928,-0.599524,FR,France,Léognan,,3,200.0
44.928712,-0.240276,FR,France,Libourne,,3,200.0
44.946992,-0.243679,FR,France,Libourne,,3,100.0
45.014613,-0.013042,FR,France,Saint-Seurin-sur-l'Isle,,4,120.0
45.04137,0.351142,FR,France,Saint-Médard-de-Mussidan,,3,200.0
45.184188,0.763998,FR,France,Boulazac Isle Manoire,,2,120.0
45.128311,1.316148,FR,France,Terrasson-Lavilledieu,,2,100.0
45.627194,5.1669,FR,France,Villefontaine,,4,200.0
46.288425,2.661674,FR,France,Néris-les-Bains,,3,100.0
45.889254,3.073611,FR,France,Mozac,,2,100.0
45.878324,3.118758,FR,France,Riom,,4,200.0
45.800136,3.242415,FR,France,Pont-du-Château,,4,200.0
45.785666,3.140588,FR,France,Clermont-Ferrand,,4,160.0
45.765065,3.127263,FR,France,Clermont-Ferrand,,4,150.0
45.756696,3.1277,FR,France,Aubière,,3,200.0
45.760512,3.142223,FR,France,Clermont-Ferrand,,4,150.0
45.758205,3.147578,FR,France,Clermont-Ferrand,,3,100.0
45.754735,3.149826,FR,France,Aubière,,3,50.0
45.868017,3.6326,FR,France,La Monnerie-le-Montel,,3,200.0
45.822113,3.764832,FR,France,Noirétable,,4,200.0
46.066292,4.056077,FR,France,Mably,,3,100.0
46.029202,4.095983,FR,France,Perreux,,3,160.0
45.976222,4.73858,FR,France,Villefranche sur Saône,,4,200.0
46.315839,4.823737,FR,France,Mâcon,,2,120.0
46.303362,4.827138,FR,France,Mâcon,,1,22.0
46.28621,4.808978,FR,France,Mâcon,,3,200.0
46.281424,4.80467,FR,France,Mâcon,,3,100.0
46.254558,4.790212,FR,France,Crêches-sur-Saône,,4,100.0
46.11604,4.963931,FR,France,Châtillon-sur-Chalaronne,,4,200.0
46.128413,5.162554,FR,France,Servas,,4,200.0
46.19564,5.229264,FR,France,Bourg-en-Bresse,,4,200.0
46.200023,5.247397,FR,France,Bourg-en-Bresse,,2,120.0
46.214917,5.213495,FR,France,Viriat,,2,120.0
46.267335,5.65573,FR,France,Oyonnax,,2,120.0
47.061991,5.45252,FR,France,Choisey,,3,240.0
46.984704,5.590912,FR,France,Bans,,3,200.0
46.694226,5.55728,FR,France,Lons-le-Saunier,,3,50.0
46.638369,5.212607,FR,France,Louhans,,3,100.0
46.754942,5.243113,FR,France,Saint-Germain-du-Bois,,3,160.0
46.467658,4.108464,FR,France,Paray-le-Monial,,4,200.0
46.467112,4.113848,FR,France,Paray-le-Monial,,4,200.0
46.790087,4.44777,FR,France,Le Creusot,,3,240.0
46.73872,4.474921,FR,France,Montchanin,,3,50.0
46.861654,4.950232,FR,France,Gergy,,4,200.0
47.677407,2.594218,FR,France,Poilly-Lez-Gien,,1,22.0
47.382977,2.919338,FR,France,Cosne-Cours-sur-Loire,,3,200.0
47.095544,2.454965,FR,France,Saint-Germain-du-Puy,,3,100.0
47.094431,2.42214,FR,France,Bourges,,3,100.0
47.065893,2.370328,FR,France,Bourges,,3,200.0
47.048029,2.346252,FR,France,Bourges,,4,200.0
46.950496,2.00669,FR,France,Issoudun,,3,200.0
46.977036,-0.197889,FR,France,Thouars,,3,200.0
47.009345,0.089763,FR,France,Loudun,,3,200.0
46.986635,1.167394,FR,France,Châtillon-sur-Indre,,3,100.0
47.238693,2.092567,FR,France,Vierzon,,3,50.0
47.267514,0.47395,FR,France,Azay-le-Rideau,,4,120.0
47.33548,0.699095,FR,France,Chambray-lès-Tours,,4,200.0
47.340333,0.703385,FR,France,Chambray-lès-Tours,,3,160.0
47.350811,0.831169,FR,France,Véretz,,3,160.0
47.327293,1.763095,FR,France,Romorantin-Lanthenay,,4,200.0
47.4295,1.434757,FR,France,Le Controis-en-Sologne,,4,200.0
47.583257,1.368039,FR,France,Vineuil,,3,100.0
47.608593,1.328177,FR,France,Blois,,2,120.0
47.59182,1.335603,FR,France,Blois,,1,22.0
47.624211,1.296506,FR,France,Villebarou,,4,100.0
47.768309,1.615456,FR,France,Tavers,,4,150.0
47.819833,1.680913,FR,France,Baule,,1,22.0
47.832746,1.671593,FR,France,Meung-sur-Loire,,3,200.0
47.874558,1.911502,FR,France,Orléans,,4,200.0
47.896215,1.853297,FR,France,La Chapelle-Saint-Mesmin,,3,160.0
47.898736,1.896182,FR,France,Orléans,,3,160.0
47.871405,2.128536,FR,France,Saint-Denis-de-l'Hôtel,,1,22.0
47.904747,2.036553,FR,France,Chécy,,3,120.0
47.922776,1.98866,FR,France,Saint-Jean-de-Braye,,4,200.0
47.945863,1.907763,FR,France,Saran,,3,100.0
47.944698,1.894129,FR,France,Saran,,4,200.0
47.944208,1.892875,FR,France,Saran,,3,120.0
47.965039,1.884676,FR,France,Saran,,3,120.0
48.16191,2.255001,FR,France,Dadonville,,3,100.0
48.520572,2.568199,FR,France,Pringy,,2,120.0
48.520206,2.62428,FR,France,Dammarie-les-Lys,,4,150.0
48.375285,2.811127,FR,France,Moret-Loing-et-Orvanne,,3,50.0
48.36752,2.838886,FR,France,Moret-Loing-et-Orvanne,,4,200.0
48.280321,2.682902,FR,France,Saint-Pierre-lès-Nemours,,3,200.0
47.97211,2.717919,FR,France,Villemandeur,,4,120.0
47.995909,2.672717,FR,France,Pannes,,4,100.0
48.008917,2.720463,FR,France,Chalette-sur-Loing,,3,120.0
48.003919,2.742505,FR,France,Montargis,,4,200.0
47.721432,3.312897,FR,France,Toucy,,3,120.0
47.845776,3.552215,FR,France,Monéteau,,3,200.0
47.843027,3.552378,FR,France,Monéteau,,3,100.0
47.972849,3.509636,FR,France,Migennes,,4,160.0
48.510114,3.712706,FR,France,Romilly-sur-Seine,,3,100.0
48.10909,3.920757,FR,France,Auxon,,2,120.0
48.262311,4.034907,FR,France,Saint-Germain,,4,100.0
48.26369,4.038432,FR,France,Rosières-près-Troyes,,4,200.0
48.266678,4.087149,FR,France,Saint-Julien-les-Villas,,3,160.0
48.273601,4.081108,FR,France,Troyes,,4,200.0
48.280812,4.096791,FR,France,Saint-Julien-les-Villas,,3,160.0
48.30121,4.087715,FR,France,Troyes,,3,160.0
48.304619,4.09812,FR,France,Saint-Parres-aux-Tertres,,3,200.0
48.308223,4.025075,FR,France,La Chapelle-Saint-Luc,,3,100.0
48.323858,4.029362,FR,France,La Chapelle-Saint-Luc,,4,200.0
48.446826,5.156964,FR,France,Joinville,,3,100.0
48.787129,5.135652,FR,France,Fains-Véel,,3,200.0
48.623317,4.965216,FR,France,Saint-Dizier,,4,200.0
48.623322,4.963917,FR,France,Saint-Dizier,,3,160.0
48.626399,4.966119,FR,France,Saint-Dizier,,2,120.0
48.648875,4.962607,FR,France,Saint-Dizier,,5,150.0
48.649815,4.959118,FR,France,Bettancourt-la-Ferrée,,3,120.0
48.713957,4.587486,FR,France,Frignicourt,,3,200.0
48.729693,4.588179,FR,France,Vitry-le-François,,3,50.0
49.090179,4.902952,FR,France,Sainte-Menehould,,3,50.0
48.942169,4.396602,FR,France,Châlons-en-Champagne,,3,100.0
48.944352,4.394227,FR,France,Saint-Memmie,,4,200.0
48.963674,4.365384,FR,France,Châlons-en-Champagne,,4,200.0
48.97844,4.356592,FR,France,Châlons-en-Champagne,,3,50.0
49.214964,4.048106,FR,France,Cormontreuil,,3,200.0
49.213565,4.057091,FR,France,Cormontreuil,,2,200.0
49.216058,4.055669,FR,France,Cormontreuil,,3,200.0
49.21597,4.058402,FR,France,Cormontreuil,,3,200.0
49.239879,4.085717,FR,France,Reims,,4,100.0
49.286551,4.024383,FR,France,Reims,,4,120.0
49.30721,3.667298,FR,France,Fismes,,4,200.0
49.036619,3.38251,FR,France,Château-Thierry,,2,160.0
49.035719,3.381094,FR,France,Essômes-sur-Marne,,4,100.0
48.927122,1.986188,FR,France,Orgeval,,3,200.0
48.960353,2.057126,FR,France,Achères,,5,200.0
48.948045,2.205918,FR,France,Sartrouville,,2,100.0
48.923154,2.33205,FR,France,L'Île-Saint-Denis,,2,200.0
48.984921,2.359304,FR,France,Groslay,,3,200.0
48.984062,2.365016,FR,France,Groslay,,2,150.0
48.97477,2.418143,FR,France,Garges-lès-Gonesse,,5,200.0
48.981146,2.440907,FR,France,Gonesse,,3,200.0
48.928806,2.553802,FR,France,Livry-Gargan,,4,200.0
48.925459,2.551988,FR,France,Livry-Gargan,,2,160.0
48.82708,2.291966,FR,France,Vanves,,3,24.0
48.863128,2.415978,FR,France,Bagnolet,,3,24.0
48.879908,2.499563,FR,France,Villemomble,,4,200.0
48.85412,2.520799,FR,France,Neuilly-sur-Marne,,3,160.0
48.86557,2.562389,FR,France,Neuilly-sur-Marne,,3,50.0
48.703095,2.458698,FR,France,Montgeron,,4,200.0
48.709188,2.527817,FR,France,Villecresnes,,3,50.0
48.703085,2.600843,FR,France,Brie-Comte-Robert,,4,100.0
48.69424,2.512896,FR,France,Épinay-sous-Sénart,,4,200.0
48.567004,2.629086,FR,France,Vert-Saint-Denis,,3,50.0
48.584755,2.592761,FR,France,Savigny-le-Temple,,3,120.0
48.630116,2.49361,FR,France,Saint-Germain-lès-Corbeil,,3,160.0
48.586294,2.446885,FR,France,Villabé,,4,100.0
48.587307,2.449123,FR,France,Villabé,,2,50.0
48.615622,2.424508,FR,France,Évry-Courcouronnes,,4,200.0
48.620599,2.420468,FR,France,Évry-Courcouronnes,,3,160.0
48.623863,2.345318,FR,France,Sainte-Geneviève-des-Bois,,3,100.0
48.587536,2.300637,FR,France,Brétigny-sur-Orge,,3,50.0
48.625761,2.29788,FR,France,Brétigny-sur-Orge,,4,200.0
48.650937,2.270833,FR,France,La Ville-du-Bois,,3,200.0
48.679342,2.198501,FR,France,Les Ulis,,4,200.0
48.694773,2.28403,FR,France,Saulx-les-Chartreux,,3,200.0
48.715856,2.299906,FR,France,Chilly-Mazarin,,3,160.0
48.731533,2.236808,FR,France,Igny,,2,120.0
48.765389,2.162038,FR,France,Jouy-en-Josas,,3,120.0
48.767179,2.118171,FR,France,Buc,,4,200.0
48.766943,2.066585,FR,France,Guyancourt,,3,240.0
48.759043,1.921079,FR,France,Maurepas,,3,50.0
48.442717,2.143038,FR,France,Étampes,,3,50.0
48.456336,2.055508,FR,France,Boutervilliers,,3,100.0
48.57202,1.936877,FR,France,Saint-Arnoult-en-Yvelines,,2,50.0
48.630101,1.82812,FR,France,Rambouillet,,3,200.0
48.427113,1.513995,FR,France,Le Coudray,,4,200.0
48.718555,1.370516,FR,France,Vernouillet,,3,50.0
48.731389,1.368372,FR,France,Dreux,,3,50.0
48.747171,1.36316,FR,France,Dreux,,3,100.0
48.747721,1.361142,FR,France,Dreux,,2,100.0
48.749179,1.346163,FR,France,Dreux,,3,100.0
48.737554,0.937275,FR,France,Verneuil d'Avre et d'Iton,,4,200.0
48.761224,0.649426,FR,France,Saint-Sulpice-sur-Risle,,3,100.0
48.759921,0.64531,FR,France,Saint-Sulpice-sur-Risle,,3,200.0
48.76446,0.618383,FR,France,L'Aigle,,4,200.0
46.320504,1.912877,FR,France,Bonnat,,3,50.0
46.128853,1.053273,FR,France,Bellac,,3,120.0
45.806256,1.275778,FR,France,Limoges,,4,200.0
45.840645,1.193059,FR,France,Limoges,,2,160.0
45.88313,1.285604,FR,France,Limoges,,2,100.0
45.888164,1.290961,FR,France,Limoges,,2,100.0
45.920282,1.169194,FR,France,Nieul,,3,100.0
45.895393,0.919655,FR,France,Saint-Junien,,3,200.0
45.707626,0.846234,FR,France,Cussac,,1,100.0
45.638099,0.129563,FR,France,Angoulême,,2,120.0
45.661087,0.180734,FR,France,L'Isle-d'Espagnac,,3,100.0
45.68842,0.178703,FR,France,Champniers,,5,200.0
45.689863,0.18348,FR,France,Champniers,,3,200.0
45.692751,0.184826,FR,France,Champniers,,3,200.0
45.751933,0.384148,FR,France,Rivières,,2,160.0
45.750796,0.386575,FR,France,Rivières,,3,100.0
45.679888,-0.915925,FR,France,Saujon,,3,50.0
45.82987,-0.877035,FR,France,Pont-l'Abbé-d'Arnoult,,3,100.0
45.954472,-0.936865,FR,France,Tonnay-Charente,,3,100.0
45.952082,-0.980641,FR,France,Rochefort,,3,200.0
45.986174,-1.094526,FR,France,Fouras,,2,100.0
46.108012,-1.100165,FR,France,Angoulins,,2,120.0
46.152928,-1.110414,FR,France,Périgny,,4,200.0
46.226805,-0.872071,FR,France,Ferrières,,2,120.0
46.133428,0.120503,FR,France,Sauzé-Vaussais,,3,200.0
46.648759,0.35742,FR,France,Chasseneuil-du-Poitou,,5,200.0
46.559048,0.495406,FR,France,Saint-Julien-l'Ars,,3,100.0
46.566792,0.36646,FR,France,Poitiers,,4,200.0
46.550711,0.303577,FR,France,Poitiers,,4,200.0
46.450651,-0.804655,FR,France,Fontenay-le-Comte,,3,120.0
46.463667,-1.174123,FR,France,Luçon,,3,120.0
46.646365,-0.747782,FR,France,La Chataigneraie,,3,200.0
46.832908,-0.481338,FR,France,Bressuire,,3,200.0
47.074993,-0.845058,FR,France,Cholet,,3,200.0
47.07222,-0.842886,FR,France,Cholet,,4,200.0
47.069128,-0.852348,FR,France,Cholet,,3,120.0
47.054655,-0.874702,FR,France,Cholet,,2,120.0
47.051331,-0.851415,FR,France,Cholet,,3,200.0
47.060134,-0.930084,FR,France,Cholet,,3,100.0
46.925596,-0.738745,FR,France,Mauléon,,3,200.0
46.990467,-0.950154,FR,France,Mortagne-sur-Sèvre,,3,100.0
46.700686,-1.050775,FR,France,Chantonnay,,4,100.0
46.694276,-1.054782,FR,France,Chantonnay,,3,120.0
46.681513,-1.04957,FR,France,Chantonnay,,3,200.0
46.487742,-1.746841,FR,France,Les Sables-d'Olonne,,2,120.0
46.602743,-1.652559,FR,France,Les Achards,,3,100.0
46.642984,-1.435184,FR,France,La Roche-sur-Yon,,3,120.0
46.697983,-1.425915,FR,France,La Roche-sur-Yon,,3,120.0
46.710521,-1.429908,FR,France,Mouilleron-le-Captif,,4,200.0
46.838555,-1.886162,FR,France,Challans,,3,200.0
46.857973,-1.173225,FR,France,Saint-Fulgent,,3,200.0
46.970476,-1.435039,FR,France,Vieillevigne,,2,100.0
47.372172,-1.933134,FR,France,Savenay,,3,200.0
47.230228,-1.640172,FR,France,Saint-Herblain,,2,120.0
47.243329,-1.671943,FR,France,Couëron,,4,200.0
47.247843,-1.619932,FR,France,Saint-Herblain,,3,100.0
47.244009,-1.359716,FR,France,Le Loroux-Bottereau,,4,200.0
47.204,-0.976153,FR,France,Beaupréau-en-Mauges,,2,100.0
47.344476,-0.761582,FR,France,Chalonnes-sur-Loire,,1,22.0
47.402014,-0.757542,FR,France,Saint-Georges-sur-Loire,,3,100.0
47.448488,-0.539212,FR,France,Angers,,4,200.0
47.455443,-0.535223,FR,France,Angers,,2,120.0
47.466544,-0.593894,FR,France,Angers,,3,200.0
47.63953,0.152022,FR,France,Le Lude,,4,200.0
47.701771,-0.054851,FR,France,La Flèche,,4,200.0
47.520224,-0.880766,FR,France,Val d'Erdre-Auxence,,3,100.0
47.68873,-0.89298,FR,France,Segré-en-Anjou Bleu,,3,200.0
47.680214,-0.500501,FR,France,Les Hauts-d’Anjou,,2,120.0
47.850208,-0.35079,FR,France,Sablé-sur-Sarthe,,2,120.0
47.944162,0.240609,FR,France,Ruaudin,,3,100.0
48.051532,0.164878,FR,France,Saint-Saturnin,,3,100.0
47.844211,-1.686332,FR,France,Bain-de-Bretagne,,3,200.0
47.821841,-1.832561,FR,France,Guipry-Messac,,4,100.0
47.674056,-2.0643,FR,France,Redon,,4,120.0
47.517446,-2.294664,FR,France,Nivillac,,3,200.0
47.527699,-2.757001,FR,France,Sarzeau,,3,120.0
47.546244,-2.896416,FR,France,Arzon,,3,200.0
47.670418,-2.768838,FR,France,Vannes,,5,200.0
47.474558,-3.103807,FR,France,Quiberon,,2,50.0
47.485427,-3.120263,FR,France,Quiberon,,2,120.0
47.588525,-3.057935,FR,France,Carnac,,2,100.0
47.666546,-3.007581,FR,France,Auray,,4,200.0
47.662698,-3.0133,FR,France,Auray,,2,120.0
47.772933,-3.004304,FR,France,Pluvigner,,3,200.0
47.760036,-3.119811,FR,France,Landévant,,3,100.0
47.923956,-2.401958,FR,France,Ploërmel,,3,200.0
48.042391,-2.960518,FR,France,Pontivy,,2,120.0
48.063875,-3.206998,FR,France,Guémené-sur-Scorff,,3,200.0
48.277531,-3.554195,FR,France,Carhaix-Plouguer,,3,200.0
48.270663,-3.570308,FR,France,Carhaix-Plouguer,,3,100.0
48.043276,-4.490114,FR,France,Pont-Croix,,3,100.0
48.181282,-4.229223,FR,France,Plomodiern,,3,120.0
48.68782,-3.986667,FR,France,Saint-Pol-de-Léon,,3,100.0
48.641788,-3.720377,FR,France,Lanmeur,,4,120.0
48.621587,-3.296008,FR,France,Bégard,,4,120.0
48.533777,-2.754532,FR,France,Plérin,,4,120.0
48.489347,-2.761944,FR,France,Trégueux,,4,200.0
48.422713,-2.655952,FR,France,Quessoy,,2,100.0
48.324736,-2.251664,FR,France,Broons,,3,120.0
48.614703,-2.055344,FR,France,La Richardais,,3,200.0
48.602611,-1.972234,FR,France,Saint-Jouan-des-Guérets,,3,100.0
48.605345,-1.978348,FR,France,Saint-Jouan-des-Guérets,,5,200.0
48.648802,-1.997094,FR,France,Saint-Malo,,6,200.0
48.638899,-1.911245,FR,France,Saint-Méloir-des-Ondes,,3,200.0
48.654951,-1.350636,FR,France,Avranches,,3,160.0
48.657737,-1.355339,FR,France,Le Val-Saint-Père,,4,200.0
48.678906,-1.342262,FR,France,Avranches,,3,50.0
48.689848,-1.368678,FR,France,Avranches,,4,120.0
49.634654,-1.60147,FR,France,Cherbourg-en-Cotentin,,3,120.0
49.098948,-1.082437,FR,France,Saint-Lô,,3,200.0
49.070048,-1.428542,FR,France,Coutances,,3,120.0
48.837626,-1.558355,FR,France,Yquelon,,3,120.0
48.857311,-0.87712,FR,France,Vire Normandie,,3,160.0
48.733872,-0.577048,FR,France,Flers,,3,200.0
49.139773,-0.373418,FR,France,Fleury-sur-Orne,,3,200.0
49.163429,-0.300757,FR,France,Mondeville,,1,120.0
49.188185,-0.298786,FR,France,Colombelles,,2,200.0
49.024685,-0.02828,FR,France,Saint-Pierre-en-Auge,,2,120.0
48.881963,1.458981,FR,France,Ivry-la-Bataille,,3,50.0
49.007604,1.162736,FR,France,Évreux,,3,50.0
49.011106,1.171463,FR,France,Évreux,,3,200.0
49.014836,1.193227,FR,France,Le Vieil-Évreux,,3,100.0
49.023005,1.134698,FR,France,Évreux,,5,150.0
49.027279,1.180363,FR,France,Évreux,,4,100.0
49.056711,1.16769,FR,France,Gravigny,,2,160.0
49.009911,1.397172,FR,France,Pacy-sur-Eure,,2,200.0
49.736153,1.435408,FR,France,Neufchâtel-en-Bray,,3,100.0
49.752281,0.393935,FR,France,Fécamp,,3,200.0
49.349846,0.093653,FR,France,Touques,,3,50.0
49.497557,0.148764,FR,France,Le Havre,,2,100.0
49.497252,0.147392,FR,France,Le Havre,,3,100.0
49.356549,0.816643,FR,France,Bourg-Achard,,3,100.0
49.476901,0.811242,FR,France,Le Trait,,4,120.0
49.531522,0.969031,FR,France,Barentin,,3,100.0
49.474832,1.042508,FR,France,Maromme,,4,200.0
49.438663,1.109482,FR,France,Rouen,,2,100.0
49.400108,1.064785,FR,France,Saint-Étienne-du-Rouvray,,4,200.0
49.210263,1.173045,FR,France,Louviers,,3,160.0
49.096498,1.609095,FR,France,Gasny,,3,50.0
49.287071,1.800183,FR,France,Trie-Château,,3,200.0
49.268368,1.785172,FR,France,Gisors,,3,200.0
49.145469,1.787141,FR,France,Magny-en-Vexin,,3,120.0
49.221582,2.139238,FR,France,Méru,,3,200.0
49.13139,2.521232,FR,France,Orry-la-Ville,,3,50.0
49.206119,2.495193,FR,France,Vineuil-Saint-Firmin,,1,22.0
49.208524,2.606056,FR,France,Senlis,,1,22.0
49.288999,2.500206,FR,France,Villers-Saint-Paul,,4,120.0
49.238728,3.103106,FR,France,Villers-Cotterêts,,3,200.0
49.369778,3.312848,FR,France,Soissons,,5,200.0
49.410094,2.777347,FR,France,Venette,,3,200.0
49.570431,2.975325,FR,France,Noyon,,2,200.0
49.65122,3.283128,FR,France,Tergnier,,3,100.0
48.120509,-1.176682,FR,France,Vitré,,2,320.0
48.928524,2.55529,FR,France,Livry-Gargan,,2,150.0
46.852225,1.703482,FR,France,Déols,,2,150.0
47.894497,1.852223,FR,France,La Chapelle-Saint-Mesmin,,2,200.0
49.801179,3.46592,FR,France,Ribemont,,4,100.0
49.818935,3.295865,FR,France,Gauchy,,4,120.0
49.823742,3.279351,FR,France,Gauchy,,5,200.0
49.833874,3.288501,FR,France,Gauchy,,3,120.0
49.859096,3.255096,FR,France,Fayet,,4,200.0
49.865914,3.291139,FR,France,Saint-Quentin,,4,100.0
49.941313,2.931095,FR,France,Péronne,,3,100.0
49.856905,2.525606,FR,France,Villers-Bretonneux,,2,100.0
49.865665,2.37088,FR,France,Boves,,2,50.0
49.865846,2.372176,FR,France,Glisy,,3,160.0
49.867691,2.371615,FR,France,Longueau,,4,200.0
49.898967,2.269526,FR,France,Amiens,,3,50.0
49.995628,2.660403,FR,France,Albert,,3,200.0
50.099408,1.866639,FR,France,Abbeville,,3,200.0
50.265348,1.667068,FR,France,Rue,,3,100.0
50.16017,2.347709,FR,France,Doullens,,4,200.0
50.299379,2.739007,FR,France,Arras,,3,50.0
50.285271,2.741829,FR,France,Arras,,4,200.0
50.277376,2.788889,FR,France,Arras,,3,160.0
50.099329,2.85328,FR,France,Bapaume,,4,120.0
50.147605,3.221277,FR,France,Cambrai,,3,50.0
50.189812,3.388002,FR,France,Avesnes-les-Aubert,,4,200.0
50.190456,3.488357,FR,France,Solesmes,,2,100.0
50.117079,3.937202,FR,France,Avesnelles,,3,200.0
50.275325,3.967199,FR,France,Maubeuge,,3,200.0
50.281735,3.95786,FR,France,Maubeuge,,3,120.0
50.249639,3.635739,FR,France,Le Quesnoy,,4,200.0
50.350063,3.521501,FR,France,Valenciennes,,3,50.0
50.348157,3.487013,FR,France,La Sentinelle,,4,200.0
50.373443,3.066483,FR,France,Douai,,3,200.0
50.404074,2.973338,FR,France,Hénin-Beaumont,,4,200.0
50.405905,2.973994,FR,France,Hénin-Beaumont,,3,120.0
50.469959,2.997686,FR,France,Oignies,,4,200.0
50.444605,2.94484,FR,France,Courrières,,5,150.0
50.445594,2.859807,FR,France,Loison-sous-Lens,,2,120.0
50.461196,2.826164,FR,France,Vendin-le-Vieil,,4,150.0
50.409486,2.817571,FR,France,Avion,,2,120.0
50.427547,2.789321,FR,France,Liévin,,3,200.0
50.42306,2.773697,FR,France,Liévin,,3,200.0
50.446224,2.741089,FR,France,Grenay,,4,200.0
50.460967,2.677561,FR,France,Sains-en-Gohelle,,4,200.0
50.452362,2.63784,FR,France,Hersin-Coupigny,,3,50.0
50.484028,2.475838,FR,France,Calonne-Ricouart,,4,200.0
50.512583,2.475612,FR,France,Auchel,,2,50.0
50.49335,2.576938,FR,France,Bruay-la-Buissière,,3,200.0
50.493791,2.569732,FR,France,Bruay-la-Buissière,,4,100.0
50.495648,2.573497,FR,France,Bruay-la-Buissière,,2,100.0
50.501807,2.651489,FR,France,Verquin,,3,50.0
50.461016,3.567625,FR,France,Vieux-Condé,,3,160.0
50.45375,3.429603,FR,France,Saint-Amand-les-Eaux,,4,200.0
50.47532,3.234971,FR,France,Orchies,,4,200.0
50.528496,2.943235,FR,France,Annœullin,,2,100.0
50.583746,2.89991,FR,France,Fournes-en-Weppes,,3,50.0
50.566542,3.222687,FR,France,Cysoing,,4,200.0
50.583699,3.088689,FR,France,Lesquin,,1,22.0
50.584292,3.08576,FR,France,Faches-Thumesnil,,4,100.0
46.438799,4.301324,FR,France,Charolles,,1,250.0
50.604066,3.076075,FR,France,Ronchin,,3,100.0
50.646507,3.009703,FR,France,Lille,,3,120.0
50.637244,3.025053,FR,France,Lambersart,,2,200.0
50.635869,3.120542,FR,France,Villeneuve-d'Ascq,,4,200.0
50.642349,3.143146,FR,France,Villeneuve-d'Ascq,,4,100.0
50.64332,3.143111,FR,France,Villeneuve-d'Ascq,,4,200.0
50.658146,3.074011,FR,France,La Madeleine,,4,200.0
50.692508,3.05225,FR,France,Wambrechies,,4,200.0
50.666966,3.21301,FR,France,Lannoy,,3,100.0
50.703317,3.219031,FR,France,Wattrelos,,3,100.0
50.73553,3.173557,FR,France,Tourcoing,,4,200.0
50.767004,3.120972,FR,France,Roncq,,1,120.0
50.767508,3.122904,FR,France,Roncq,,2,120.0
47.694925,-0.102769,FR,France,La Flèche,,2,150.0
50.770437,3.041524,FR,France,Wervicq-Sud,,3,200.0
50.737001,2.956548,FR,France,Deûlémont,,4,200.0
50.681984,2.871267,FR,France,Armentières,,2,100.0
50.682829,2.872949,FR,France,Armentières,,4,200.0
50.363374,2.035283,FR,France,Marconne,,4,200.0
50.366242,2.031647,FR,France,Marconne,,5,200.0
50.6407,2.653299,FR,France,Merville,,3,200.0
50.506658,1.624336,FR,France,Cucq,,4,200.0
50.699671,1.608279,FR,France,Outreau,,3,100.0
50.940914,1.83653,FR,France,Calais,,2,100.0
50.943658,1.865527,FR,France,Calais,,2,300.0
50.943899,1.837945,FR,France,Calais,,3,160.0
50.947,1.879425,FR,France,Calais,,4,200.0
51.038675,2.405467,FR,France,Dunkerque,,3,300.0
51.007072,2.310759,FR,France,Grande-Synthe,,3,120.0
51.015182,2.379084,FR,France,Coudekerque-Branche,,4,150.0
43.290818,5.476243,FR,France,Marseille,,1,300.0
47.42659,0.705018,FR,France,Tours,,3,100.0
47.416889,1.015279,FR,France,Amboise,,3,200.0
43.203346,2.308321,FR,France,Carcassonne,,4,200.0
43.207935,2.383797,FR,France,Carcassonne,,4,200.0
47.066224,5.455145,FR,France,Choisey,,4,100.0
47.275247,0.167015,FR,France,Bourgueil,,3,200.0
47.277165,-0.062206,FR,France,Saumur,,4,200.0
47.247964,4.567479,FR,France,Créancey,,3,100.0
45.274699,1.774031,FR,France,Tulle,,4,100.0
47.347694,5.181032,FR,France,Arc-sur-Tille,,3,100.0
47.351322,5.069603,FR,France,Dijon,,4,100.0
47.355323,5.030043,FR,France,Fontaine-lès-Dijon,,3,100.0
47.29093,5.100094,FR,France,Sennecey-lès-Dijon,,4,200.0
47.271477,5.043067,FR,France,Longvic,,3,100.0
47.282499,5.01907,FR,France,Chenôve,,3,200.0
47.270122,5.002325,FR,France,Perrigny-lès-Dijon,,4,200.0
44.407174,0.743149,FR,France,Villeneuve-sur-Lot,,4,150.0
44.388049,0.713788,FR,France,Pujols,,3,50.0
44.402868,0.667115,FR,France,Bias,,2,160.0
47.190462,-1.488876,FR,France,Saint-Sébastien-sur-Loire,,2,150.0
47.185908,-1.463853,FR,France,Vertou,,3,120.0
48.745174,-3.461795,FR,France,Lannion,,3,120.0
48.740152,-3.44623,FR,France,Lannion,,3,200.0
48.734349,-3.437949,FR,France,Lannion,,3,200.0
43.760669,1.300303,FR,France,Grenade,,3,160.0
43.781336,1.353188,FR,France,Castelnau-d’Estrétefonds,,3,50.0
43.706897,-1.024277,FR,France,Yzosse,,3,120.0
43.72616,-1.072427,FR,France,Saint-Paul-lès-Dax,,4,200.0
47.325302,-2.416638,FR,France,Guérande,,3,200.0
47.303642,-2.407844,FR,France,Guérande,,4,100.0
47.273142,-2.442207,FR,France,Batz-sur-Mer,,3,200.0
47.323414,-2.083807,FR,France,Donges,,3,120.0
47.299655,-2.211285,FR,France,Trignac,,3,200.0
47.296887,-2.205898,FR,France,Trignac,,3,200.0
47.291914,-2.210114,FR,France,Trignac,,4,200.0
48.216525,3.275128,FR,France,Saint-Denis-lès-Sens,,1,200.0
48.344431,-1.179215,FR,France,Fougères,,1,200.0
47.84623,5.332468,FR,France,Saints-Geosmes,,1,200.0
47.86922,-3.894014,FR,France,Concarneau,,4,120.0
47.898794,-3.90947,FR,France,Concarneau,,3,120.0
47.979309,-4.033183,FR,France,Quimper,,4,120.0
47.86901,-3.588752,FR,France,Quimperlé,,3,200.0
45.16825,1.555113,FR,France,Malemort,,3,50.0
45.16688,1.545292,FR,France,Brive-la-Gaillarde,,3,200.0
45.191737,1.455414,FR,France,Varetz,,3,100.0
45.14981,1.495653,FR,France,Brive-la-Gaillarde,,3,50.0
45.149133,1.481047,FR,France,Brive-la-Gaillarde,,3,100.0
45.146711,1.471982,FR,France,Brive-la-Gaillarde,,3,50.0
47.668771,-2.790603,FR,France,Vannes,,2,120.0
47.667565,-2.789301,FR,France,Vannes,,3,120.0
44.039534,1.384638,FR,France,Montauban,,3,200.0
44.038212,1.373324,FR,France,Montauban,,3,100.0
44.031937,1.37334,FR,France,Montauban,,3,120.0
43.988218,1.333266,FR,France,Montauban,,3,200.0
43.987961,1.332591,FR,France,Montauban,,2,160.0
44.004766,1.356012,FR,France,Montauban,,4,300.0
44.959558,4.888222,FR,France,Bourg-lès-Valence,,3,100.0
44.951932,4.929026,FR,France,Valence,,3,50.0
44.90569,4.882781,FR,France,Valence,,3,50.0
44.526828,4.745195,FR,France,Montélimar,,5,300.0
43.414952,5.348755,FR,France,Les Pennes-Mirabeau,,3,200.0
43.416838,5.356501,FR,France,Les Pennes-Mirabeau,,3,100.0
46.18233,1.885473,FR,France,Guéret,,3,200.0
47.789975,-3.422255,FR,France,Quéven,,4,200.0
47.778728,-3.341726,FR,France,Lanester,,3,100.0
49.523642,0.190356,FR,France,Montivilliers,,3,200.0
43.66889,1.366504,FR,France,Beauzelle,,3,100.0
43.660529,1.306375,FR,France,Cornebarrieu,,3,120.0
43.650639,1.334257,FR,France,Cornebarrieu,,3,120.0
45.649385,4.920492,FR,France,Chaponnay,,4,150.0
45.651202,4.927668,FR,France,Chaponnay,,3,100.0
43.951182,0.369399,FR,France,Condom,,3,200.0
44.181652,0.672634,FR,France,Castelculier,,2,160.0
44.184856,0.631923,FR,France,Boé,,2,160.0
53.19441,5.999373,NL,Netherlands,Burgum,,1,17.0
52.382993,5.206365,NL,Netherlands,Flevoland,,1,11.0
52.362798,4.617184,NL,Netherlands,Haarlem,,1,11.0
52.645085,4.765295,NL,Netherlands,Noord-Holland,,1,17.0
51.326092,3.484875,NL,Netherlands,Oostburg,,1,150.0
52.532513,6.087225,NL,Netherlands,Zwolle,,2,30.0
52.778324,6.898056,NL,Netherlands,Emmen,,2,50.0
51.647205,3.998008,NL,Netherlands,Nieuwerkerk,,4,180.0
51.477347,3.9547,NL,Netherlands,Zeeland,,1,17.0
52.121985,4.671819,NL,Netherlands,Alphen Aan Den Rijn,,1,11.0
52.122273,4.672519,NL,Netherlands,Alphen Aan Den Rijn,,1,17.0
52.524553,5.495131,NL,Netherlands,Lelystad,,1,22.0
52.306332,4.659844,NL,Netherlands,Hoofddorp,,1,13.0
52.857288,6.211011,NL,Netherlands,Vledder,,2,50.0
52.853554,6.84749,NL,Netherlands,Odoorn,,2,50.0
51.870602,4.60611,NL,Netherlands,Ridderkerk,,3,30.0
51.82478,4.4203,NL,Netherlands,Oud-Beijerland,,4,150.0
51.625652,4.868551,NL,Netherlands,Oosterhout,,3,30.0
51.590049,4.524537,NL,Netherlands,Oudenbosch,,1,0.0
51.694287,5.271765,NL,Netherlands,Noord-Brabant,,1,11.0
52.30192,6.922463,NL,Netherlands,Oldenzaal,,2,240.0
51.85911,4.418708,NL,Netherlands,Rhoon,,1,11.0
51.844082,4.896807,NL,Netherlands,Giessenburg,,1,13.0
52.805813,6.213647,NL,Netherlands,Wapserveen,,1,11.0
51.590289,5.08515,NL,Netherlands,Tilburg,,1,17.0
52.165651,5.606632,NL,Netherlands,Barneveld,,1,400.0
51.765646,5.83519,NL,Netherlands,Heumen,,1,150.0
51.513461,3.725281,NL,Netherlands,Arnemuiden,,2,22.0
53.300327,6.594838,NL,Netherlands,Bedum,,2,320.0
53.265797,6.838139,NL,Netherlands,Steendam,,3,30.0
52.96674,6.962072,NL,Netherlands,Nieuw-Buinen,,6,12.7
52.923309,5.046607,NL,Netherlands,Wieringerwerf,,6,12.7
52.875229,7.059174,NL,Netherlands,Ter Apel,,2,90.0
52.791866,6.897942,NL,Netherlands,Emmen,,2,50.0
52.574451,6.621574,NL,Netherlands,Hardenberg,,2,320.0
52.28952,4.667195,NL,Netherlands,Hoofddorp,,5,30.0
52.201675,4.430007,NL,Netherlands,Katwijk aan Zee,,3,12.7
52.201178,4.424953,NL,Netherlands,Katwijk aan Zee,,2,12.7
52.08778,5.669321,NL,Netherlands,Lunteren,,7,60.0
52.07478,5.667741,NL,Netherlands,Ede,,6,12.7
52.06673,5.669722,NL,Netherlands,Ede,,6,12.7
52.053173,5.083372,NL,Netherlands,Nieuwegein,,2,90.0
51.958584,4.64147,NL,Netherlands,Nieuwerkerk aan den IJssel,,6,12.7
51.757423,5.513257,NL,Netherlands,Oss,,2,30.0
51.585437,5.01027,NL,Netherlands,Tilburg,,2,12.7
51.584068,4.989736,NL,Netherlands,Tilburg,,2,12.7
51.577575,5.029405,NL,Netherlands,Tilburg,,2,12.7
51.542133,5.066168,NL,Netherlands,Tilburg,,18,90.0
50.849873,5.88203,NL,Netherlands,Schin op Geul,,6,12.7
51.998621,4.471304,NL,Netherlands,South Holland,,0,0.0
52.168167,5.358717,NL,Netherlands,Amersfoort,,1,120.0
51.854312,5.94405,NL,Netherlands,Ooij,,1,11.0
51.234904,5.950115,NL,Netherlands,Haelen,,1,11.0
51.382739,3.441265,NL,Netherlands,,,1,11.0
51.39043,3.453893,NL,Netherlands,Nieuwvliet,,2,17.0
51.420261,5.142799,NL,Netherlands,Lage Mierde,,4,12.7
52.173495,6.742379,NL,Netherlands,,,2,50.0
52.463166,4.614959,NL,Netherlands,IJmuiden,,1,150.0
53.457031,6.832215,NL,Netherlands,Eemshaven,,1,120.0
53.40778,6.199526,NL,Netherlands,Lauwersoog,,4,12.7
53.235825,6.521451,NL,Netherlands,Groningen,,2,320.0
53.207275,6.627153,NL,Netherlands,Groningen,,2,12.7
53.203201,6.604796,NL,Netherlands,Groningen,,2,12.7
53.20303,6.605748,NL,Netherlands,Groningen,,2,12.7
53.107117,6.874726,NL,Netherlands,Veendam,,2,12.7
53.106689,6.849324,NL,Netherlands,Veendam,,3,30.0
53.010933,6.589879,NL,Netherlands,Assen,,2,30.0
53.001801,6.76409,NL,Netherlands,Gieten,,2,90.0
52.925011,5.019556,NL,Netherlands,Den Oever,,2,240.0
52.844433,6.663373,NL,Netherlands,Orvelte,,3,30.0
52.842739,6.653862,NL,Netherlands,Orvelte,,3,30.0
52.823036,6.970946,NL,Netherlands,Nieuw-Weerdinge,,1,60.0
52.789539,4.77031,NL,Netherlands,Schagen,,4,12.7
52.760048,4.66341,NL,Netherlands,Petten,,4,12.7
52.751263,5.191853,NL,Netherlands,Andijk,,4,12.7
52.662628,6.879961,NL,Netherlands,Schoonebeek,,2,320.0
52.503197,4.776752,NL,Netherlands,Wormerveer,,2,12.7
52.488689,6.134964,NL,Netherlands,Zwolle,,2,12.7
52.488152,6.135124,NL,Netherlands,Zwolle,,2,12.7
52.486858,4.762908,NL,Netherlands,Assendelft,,3,30.0
52.438164,4.750866,NL,Netherlands,Assendelft,,2,50.0
52.375648,4.749892,NL,Netherlands,Zwanenburg,,2,12.7
52.33543,4.91411,NL,Netherlands,Amsterdam,,6,12.7
52.334549,4.771781,NL,Netherlands,Badhoevedorp,,3,30.0
52.334316,4.888354,NL,Netherlands,Amsterdam,,8,150.0
52.312801,6.495947,NL,Netherlands,Rijssen,,2,150.0
52.299091,4.692262,NL,Netherlands,Hoofddorp,,6,12.7
52.295704,4.68057,NL,Netherlands,Hoofddorp,,4,12.7
52.295383,4.682734,NL,Netherlands,Hoofddorp,,6,12.7
52.29417,4.708647,NL,Netherlands,Hoofddorp,,14,12.7
52.293179,4.707999,NL,Netherlands,Hoofddorp,,12,12.7
52.292675,4.709311,NL,Netherlands,Hoofddorp,,8,12.7
52.23632,5.688793,NL,Netherlands,Garderen,,7,60.0
52.236656,5.685846,NL,Netherlands,Garderen,,4,12.7
52.210728,5.995797,NL,Netherlands,Apeldoorn,,4,12.7
52.210098,5.02138,NL,Netherlands,Loenen aan de Vecht,,2,90.0
52.201263,4.430567,NL,Netherlands,Katwijk,,2,12.7
52.186016,5.399288,NL,Netherlands,Amersfoort,,2,150.0
52.176167,5.215175,NL,Netherlands,Bilthoven,,7,60.0
52.165401,6.441592,NL,Netherlands,Lochem,,4,120.0
52.143661,5.963442,NL,Netherlands,Beekbergen,,4,12.7
52.142467,4.461083,NL,Netherlands,Voorschoten,,2,90.0
52.133213,6.611561,NL,Netherlands,Neede,,4,150.0
52.09605,6.640758,NL,Netherlands,Eibergen,,2,12.7
52.09309,5.150975,NL,Netherlands,Utrecht,,26,12.7
52.036304,5.071856,NL,Netherlands,Nieuwegein,,2,90.0
51.921936,4.611451,NL,Netherlands,Krimpen aan den IJssel,,2,90.0
51.914875,4.617678,NL,Netherlands,Krimpen aan den IJssel,,2,150.0
51.784653,5.113357,NL,Netherlands,Aalst,,6,12.7
51.741486,5.858556,NL,Netherlands,Cuijk,,2,90.0
51.695686,5.286333,NL,Netherlands,'s-Hertogenbosch,,2,30.0
51.654934,5.234941,NL,Netherlands,Cromvoirt,,6,12.7
51.634567,5.277694,NL,Netherlands,Vught,,2,30.0
51.5873,5.15914,NL,Netherlands,Berkel-Enschot,,2,12.7
51.582909,4.662201,NL,Netherlands,Etten-Leur,,2,30.0
51.581413,4.974706,NL,Netherlands,Tilburg,,3,30.0
51.578651,5.452557,NL,Netherlands,Sint-Oedenrode,,3,30.0
51.576981,5.034025,NL,Netherlands,Tilburg,,2,12.7
51.576132,4.990999,NL,Netherlands,Tilburg,,2,12.7
51.573723,5.052106,NL,Netherlands,Tilburg,,2,30.0
51.573296,5.182104,NL,Netherlands,Oisterwijk,,2,30.0
51.571183,4.971478,NL,Netherlands,Tilburg,,2,12.7
51.561478,5.685651,NL,Netherlands,Gemert,,2,90.0
51.556774,5.680948,NL,Netherlands,Gemert,,3,30.0
51.552476,5.091439,NL,Netherlands,Tilburg,,2,12.7
51.54933,5.060128,NL,Netherlands,Tilburg,,4,12.7
51.54808,5.090556,NL,Netherlands,Tilburg,,2,12.7
51.545586,4.590181,NL,Netherlands,Sint Willebrord,,2,90.0
51.54517,5.043091,NL,Netherlands,Tilburg,,2,12.7
51.536259,5.044888,NL,Netherlands,Tilburg,,6,12.7
51.531639,5.045964,NL,Netherlands,Tilburg,,2,90.0
51.509624,5.107387,NL,Netherlands,Tilburg,,2,30.0
51.506561,3.878474,NL,Netherlands,Goes,,2,30.0
51.505428,4.305624,NL,Netherlands,Bergen op Zoom,,2,30.0
51.504566,5.314081,NL,Netherlands,Oirschot,,2,90.0
51.499107,3.896637,NL,Netherlands,Goes,,2,30.0
51.471939,3.819935,NL,Netherlands,Heinkenszand,,2,90.0
51.456043,5.80384,NL,Netherlands,Deurne,,2,150.0
51.454521,5.79273,NL,Netherlands,Deurne,,3,30.0
51.432308,5.452301,NL,Netherlands,Eindhoven,,3,30.0
51.425293,4.323617,NL,Netherlands,Hoogerheide,,2,50.0
51.275013,3.444419,NL,Netherlands,Aardenburg,,2,90.0
51.007103,5.846179,NL,Netherlands,Sittard,,2,30.0
50.958332,5.973237,NL,Netherlands,Brunssum,,3,30.0
51.947866,4.456203,NL,Netherlands,Rotterdam ,,1,11.0
51.833737,4.135614,NL,Netherlands,Hellevoetsluis,,1,11.0
51.988119,5.667172,NL,Netherlands,Wageningen,,1,0.0
51.987183,5.666935,NL,Netherlands,Wageningen,,1,0.0
52.880495,6.021328,NL,Netherlands,,,1,250.0
52.213255,4.503421,NL,Netherlands,,,1,250.0
52.369266,4.648278,NL,Netherlands,,,1,250.0
51.867901,4.557753,NL,Netherlands,,,1,250.0
51.841363,5.009041,NL,Netherlands,,,1,250.0
51.978417,4.618879,NL,Netherlands,,,1,250.0
51.28172,5.65095,NL,Netherlands,,,1,250.0
51.547096,5.996985,NL,Netherlands,,,1,250.0
51.543184,5.111927,NL,Netherlands,,,1,250.0
51.924806,4.372265,NL,Netherlands,,,1,250.0
51.566522,4.469804,NL,Netherlands,,,1,250.0
52.052541,4.402053,NL,Netherlands,,,1,250.0
52.287203,6.773114,NL,Netherlands,,,1,250.0
50.892974,5.955635,NL,Netherlands,,,1,250.0
52.335931,5.643634,NL,Netherlands,,,1,250.0
53.196252,6.516312,NL,Netherlands,,,1,250.0
52.202901,6.888668,NL,Netherlands,,,1,250.0
52.724169,6.883522,NL,Netherlands,,,1,250.0
51.490943,5.42467,NL,Netherlands,,,1,250.0
52.235476,5.230129,NL,Netherlands,,,1,250.0
52.233401,6.210263,NL,Netherlands,,,1,250.0
52.358206,5.251964,NL,Netherlands,,,1,250.0
50.859872,5.772741,NL,Netherlands,Berg en Terblijt,,1,11.0
52.019422,4.708112,NL,Netherlands,Gouda,,2,60.0
52.281489,4.515688,NL,Netherlands,Noordwijkerhout,,1,480.0
51.650165,5.04158,NL,Netherlands,Kaatsheuvel,,3,11.0
51.433971,5.42743,NL,Netherlands,Eindhoven,,1,120.0
52.295779,5.990005,NL,Netherlands,Vaassen,,1,150.0
52.514283,5.476252,NL,Netherlands,Lelystad,,2,11.0
50.874436,5.705049,NL,Netherlands,Maastricht,,1,240.0
53.208371,6.540476,NL,Netherlands,Groningen,,1,150.0
51.376136,6.153649,NL,Netherlands,Venlo,,1,240.0
51.823476,5.757827,NL,Netherlands,Wijchen,,1,120.0
51.867877,5.402471,NL,Netherlands,Tiel,,1,11.0
52.415093,4.687189,NL,Netherlands,Spaarndam,,2,17.0
52.519949,6.25554,NL,Netherlands,Dalfsen,,1,11.0
52.709959,6.195149,NL,Netherlands,Meppel,,2,22.0
50.99606,5.847185,NL,Netherlands,Sittard,,1,240.0
53.246202,6.57465,NL,Netherlands,Groningen,,1,160.0
52.979052,6.977498,NL,Netherlands,Stadskanaal,,1,160.0
53.144298,7.047083,NL,Netherlands,Winschoten,,1,240.0
53.167594,6.864697,NL,Netherlands,Zuidbroek,,1,240.0
50.828584,5.992626,NL,Netherlands,Simpelveld,,1,0.0
52.3729,4.617311,NL,Netherlands,Haarlem,,2,11.0
52.374121,4.618561,NL,Netherlands,Haarlem,,2,11.0
52.185479,5.677543,NL,Netherlands,Gelderland,,1,350.0
52.799384,6.119607,NL,Netherlands,Steenwijk,,2,350.0
52.555811,5.884281,NL,Netherlands,Kampen,,1,350.0
51.831966,4.950333,NL,Netherlands,Gorinchem,,1,350.0
52.756459,5.040347,NL,Netherlands,Noord-Holland,,1,350.0
52.252239,5.253448,NL,Netherlands,Utrecht,,1,11.0
52.049828,4.505963,NL,Netherlands,Zoetermeer ,,1,7.0
51.741244,5.350121,NL,Netherlands,Rosmalen,,1,11.0
51.949423,4.26346,NL,Netherlands,Maasland,,1,90.0
52.216392,6.942284,NL,Netherlands,Enschede,,2,11.0
52.427101,4.879149,NL,Netherlands,Oostzaan,,1,120.0
51.522861,4.462946,NL,Netherlands,Roosendaal,,2,22.0
52.217512,6.869029,NL,Netherlands,Enschede,,1,160.0
52.279035,4.619977,NL,Netherlands,Nieuw-Vennep,,1,11.0
52.277314,4.616095,NL,Netherlands,Nieuw-Vennep,,1,11.0
52.277773,4.617982,NL,Netherlands,Nieuw-Vennep ,,2,11.0
51.518572,4.449184,NL,Netherlands,Roosendaal,,2,11.0
51.636346,4.859623,NL,Netherlands,Oosterhout,,2,11.0
51.636607,4.860927,NL,Netherlands,Oosterhout,,2,11.0
51.514545,4.458063,NL,Netherlands,Roosendaal,,2,11.0
51.518008,4.457132,NL,Netherlands,Roosendaal,,2,11.0
51.521569,4.455175,NL,Netherlands,Roosendaal,,2,11.0
52.402301,5.330969,NL,Netherlands,Almere,,1,3.0
52.18644,5.950602,NL,Netherlands,Ugchelen,,1,11.0
52.194375,5.934587,NL,Netherlands,Apeldoorn,,1,11.0
52.188399,5.948755,NL,Netherlands,Apeldoorn,,1,11.0
52.194951,5.934384,NL,Netherlands,Apeldoorn,,2,300.0
52.503025,5.482734,NL,Netherlands,Lelystad,,1,11.0
51.455029,3.592871,NL,Netherlands,Vlissingen,,1,160.0
52.796547,4.777353,NL,Netherlands,Schagen,,1,160.0
51.609179,5.551019,NL,Netherlands,Veghel,,1,60.0
52.361309,6.507062,NL,Netherlands,Nijverdal,,1,120.0
51.832223,5.859548,NL,Netherlands,Nijmegen,,1,22.0
52.400201,4.660123,NL,Netherlands,Haarlem,,1,160.0
53.19474,5.7746,NL,Netherlands,Leeuwarden,,1,160.0
51.957579,5.640955,NL,Netherlands,Wageningen,,1,150.0
52.352922,4.665216,NL,Netherlands,Haarlem,,1,60.0
52.327975,4.784033,NL,Netherlands,Badhoevedorp,,1,300.0
52.264915,6.144711,NL,Netherlands,Deventer,,1,60.0
51.173289,6.025068,NL,Netherlands,Roermond,,1,240.0
52.333801,6.656853,NL,Netherlands,Almelo,,1,160.0
53.206279,5.843414,NL,Netherlands,Leeuwarden,,1,60.0
53.021003,4.71158,NL,Netherlands,Noord-Holland,,1,11.0
53.158617,4.844968,NL,Netherlands,Noord-Holland,,1,11.0
52.383838,4.864756,NL,Netherlands,Amsterdam,,2,125.0
51.956377,5.22696,NL,Netherlands,Culemborg,,1,11.0
52.991101,6.289916,NL,Netherlands,Oosterwolde,,1,22.0
52.816951,6.918983,NL,Netherlands,Emmen,,1,11.0
51.91594,5.276771,NL,Netherlands,Buurmalsen,,2,501.0
52.482662,5.504658,NL,Netherlands,City,,1,150.0
52.482756,5.505837,NL,Netherlands,City,,1,88.0
52.025873,4.363658,NL,Netherlands,Delft,,1,120.0
52.484676,6.131614,NL,Netherlands,Zwolle,,1,160.0
52.804779,6.133885,NL,Netherlands,Steenwijk,,1,160.0
51.916899,4.562017,NL,Netherlands,Capelle aan den IJssel,,1,11.0
51.917597,4.565155,NL,Netherlands,Capelle aan den IJssel,,1,11.0
51.916876,4.565176,NL,Netherlands,Capelle aan den Ijssel,,1,11.0
51.858566,4.293632,NL,Netherlands,Spijkenisse,,3,50.0
52.521086,5.731164,NL,Netherlands,Flevoland,,0,0.0
52.014896,5.062458,NL,Netherlands,IJsselstein,,2,50.0
52.011182,5.122047,NL,Netherlands,Nieuwegein,,2,175.0
52.049201,5.117389,NL,Netherlands,Nieuwegein,,2,50.0
52.075588,4.901184,NL,Netherlands,Woerden,,1,175.0
52.08094,4.983936,NL,Netherlands,Woerden,,2,175.0
52.081911,5.003279,NL,Netherlands,Harmelen,,2,175.0
52.008438,4.438623,NL,Netherlands,Pijnacker,,1,11.0
51.989284,5.926503,NL,Netherlands,Arnhem,,1,11.0
52.929068,5.028645,NL,Netherlands,Den Oever,,2,138.0
52.710549,6.517222,NL,Netherlands,Hoogeveen,,1,120.0
52.440785,4.82108,NL,Netherlands,Zaandam,,1,60.0
51.832154,5.859914,NL,Netherlands,Gelderland,,1,160.0
52.041845,5.666623,NL,Netherlands,Ede,,1,22.0
52.504309,5.482156,NL,Netherlands,Lelystad,,1,11.0
52.680885,5.084496,NL,Netherlands,Zwaag,,2,180.0
52.375076,4.613204,NL,Netherlands,Haarlem,,2,6.0
52.783795,4.797451,NL,Netherlands,Schagen,,2,17.0
52.122761,5.400445,NL,Netherlands,Leusden,,1,30.0
51.836007,4.939791,NL,Netherlands,Gorinchem,,1,11.0
51.878321,5.522909,NL,Netherlands,West Maas en Waal,,1,11.0
52.36774,4.612165,NL,Netherlands,Haarlem,,2,17.0
52.561055,4.63692,NL,Netherlands,North Holland,,12,22.0
52.088954,5.090075,NL,Netherlands,Utrecht,,2,22.0
52.48019,4.666021,NL,Netherlands,North Holland,,3,50.0
52.377491,4.629442,NL,Netherlands,Haarlem,,2,6.0
52.369182,4.613652,NL,Netherlands,Haarlem,,2,6.0
52.156183,4.463913,NL,Netherlands,Leiden,,1,26.6
52.154605,4.460549,NL,Netherlands,Leiden,,1,22.0
52.369947,4.614159,NL,Netherlands,Haarlem,,1,7.4
52.370876,4.614199,NL,Netherlands,Haarlem,,1,0.0
53.161647,6.292686,NL,Netherlands,Niebert,,1,350.0
52.372004,4.611521,NL,Netherlands,Haarlem,,2,11.0
52.500278,4.702635,NL,Netherlands,Heemskerk,,2,125.0
52.373998,4.61119,NL,Netherlands,Haarlem,,1,11.0
52.077458,4.904246,NL,Netherlands,Woerden,,3,50.0
51.836003,4.620008,NL,Netherlands,Hendrik-Ido-Ambacht,,1,350.0
51.475251,3.541424,NL,Netherlands,Koudekerke,,2,22.0
50.981219,5.826535,NL,Netherlands,Sittard-Geleen,,1,120.0
52.373857,4.611195,NL,Netherlands,Haarlem,,2,11.0
50.816122,5.725458,NL,Netherlands,Maastricht,,1,250.0
51.347821,5.465045,NL,Netherlands,North Brabant,,0,0.0
51.881481,4.542689,NL,Netherlands,Rotterdam,,1,120.0
52.198212,6.199734,NL,Netherlands,Gorssel,,2,50.0
51.93703,6.1059,NL,Netherlands,Didam,,1,150.0
52.007904,6.555561,NL,Netherlands,Oost Gelre,,1,11.0
52.412614,4.689493,NL,Netherlands,Spaarndam,,1,11.0
52.413824,4.692107,NL,Netherlands,Spaarndam,,1,17.0
52.266122,5.183866,NL,Netherlands,Bussum,,1,11.0
51.433207,5.399157,NL,Netherlands,North Brabant,,0,0.0
51.472555,3.969292,NL,Netherlands,Kapelle,,1,22.0
51.882187,5.519846,NL,Netherlands,West Maas en Waal,,1,7.0
52.624033,6.208361,NL,Netherlands,Staphorst,,2,300.0
52.751535,6.189469,NL,Netherlands,Darp,,2,300.0
52.346071,5.178145,NL,Netherlands,Almere,,1,120.0
52.753472,6.186789,NL,Netherlands,Darp,,2,300.0
51.931419,4.238358,NL,Netherlands,Maassluis,,1,11.0
52.00918,4.312017,NL,Netherlands,Den Hoorn,,1,300.0
52.011954,4.315467,NL,Netherlands,Den Hoorn,,2,300.0
52.245502,4.829777,NL,Netherlands,Uithoorn,,1,11.0
52.250096,5.046899,NL,Netherlands,Nederhorst den Berg,,1,11.0
51.594756,4.797436,NL,Netherlands,Breda,,1,11.0
52.081534,4.876347,NL,Netherlands,Woerden,,3,50.0
52.139127,6.198663,NL,Netherlands,Zutphen,,1,11.0
52.381628,4.629299,NL,Netherlands,Haarlem,,1,22.0
52.142833,4.396562,NL,Netherlands,Wassenaar,,1,11.0
52.376129,4.623254,NL,Netherlands,Haarlem,,1,11.0
52.380027,4.617948,NL,Netherlands,Haarlem,,2,22.0
52.379363,4.624897,NL,Netherlands,Haarlem,,1,11.0
52.379181,4.625516,NL,Netherlands,Haarlem,,1,11.0
52.376154,4.620922,NL,Netherlands,Haarlem,,1,11.0
52.378429,4.621669,NL,Netherlands,Haarlem,,1,11.0
51.783515,5.853118,NL,Netherlands,Heumen,,2,22.0
53.166172,6.365452,NL,Netherlands,Tolbert,,1,11.0
52.094399,5.136826,NL,Netherlands,Utrecht,,1,11.0
52.094602,5.137384,NL,Netherlands,Utrecht,,1,11.0
52.087471,5.129454,NL,Netherlands,Utrecht,,1,11.0
52.086814,5.129652,NL,Netherlands,Utrecht,,1,11.0
52.087532,5.144908,NL,Netherlands,Utrecht,,1,11.0
52.089333,5.144998,NL,Netherlands,Utrecht,,1,11.0
52.089338,5.144052,NL,Netherlands,Utrecht,,1,11.0
52.09134,5.144411,NL,Netherlands,Utrecht,,1,11.0
52.091211,5.143622,NL,Netherlands,Utrecht,,1,11.0
52.090918,5.142646,NL,Netherlands,Utrecht,,1,11.0
52.091569,5.142013,NL,Netherlands,Utrecht,,1,0.0
52.093348,5.139985,NL,Netherlands,Utrecht,,1,11.0
52.094066,5.138217,NL,Netherlands,Utrecht,,1,11.0
52.093663,5.138264,NL,Netherlands,Utrecht,,1,11.0
52.092993,5.137815,NL,Netherlands,Utrecht,,1,11.0
52.085573,5.134593,NL,Netherlands,Utrecht,,1,11.0
52.085394,5.136649,NL,Netherlands,Utrecht,,1,11.0
52.085497,5.139713,NL,Netherlands,Utrecht,,1,11.0
52.090055,5.133735,NL,Netherlands,Utrecht,,1,11.0
52.088186,5.133346,NL,Netherlands,Utrecht,,1,11.0
52.08633,5.135381,NL,Netherlands,Utrecht,,1,11.0
52.086928,5.135705,NL,Netherlands,Utrecht,,1,11.0
52.087223,5.142534,NL,Netherlands,Utrecht,,1,0.0
52.089165,5.142193,NL,Netherlands,Utrecht,,1,0.0
52.091718,5.138036,NL,Netherlands,Utrecht,,1,0.0
52.091366,5.135934,NL,Netherlands,Utrecht,,0,0.0
52.090673,5.139546,NL,Netherlands,Utrecht,,0,0.0
52.088115,5.137617,NL,Netherlands,Utrecht,,1,0.0
52.088493,5.138208,NL,Netherlands,Utrecht,,1,0.0
52.089569,5.137198,NL,Netherlands,Utrecht,,1,0.0
52.090166,5.138294,NL,Netherlands,Utrecht,,1,0.0
51.921616,5.603749,NL,Netherlands,Opheusden,,1,350.0
52.014598,5.122174,NL,Netherlands,Nieuwegein,,1,350.0
52.1791,5.984281,NL,Netherlands,Apeldoorn,,1,350.0
52.614668,4.739743,NL,Netherlands,Alkmaar,,2,175.0
52.066097,4.740942,NL,Netherlands,Bodegraven,,2,150.0
51.713319,5.324402,NL,Netherlands,'s-Hertogenbosch,,1,11.0
51.716871,5.326482,NL,Netherlands,'s-Hertogenbosch,,1,11.0
52.356967,4.904728,NL,Netherlands,Amsterdam,,1,11.0
51.62212,5.014122,NL,Netherlands,De Moer,,1,11.0
52.154843,6.201008,NL,Netherlands,Zutphen,,2,0.0
52.220917,4.53135,NL,Netherlands,Teylingen,,1,11.0
51.4117,6.1678,NL,Netherlands,Velden,,1,0.0
52.042242,5.665901,NL,Netherlands,Ede,,1,11.0
52.399358,6.783781,NL,Netherlands,Tubbergen,,1,11.0
51.744551,4.918048,NL,Netherlands,Hank,,2,175.0
51.834832,4.618082,NL,Netherlands,Hendrik-Ido-Ambacht,,1,350.0
51.626778,4.870164,NL,Netherlands,Oosterhout,,1,350.0
52.066539,4.738413,NL,Netherlands,Bodegraven,,1,350.0
52.014276,5.119229,NL,Netherlands,Nieuwegein,,1,350.0
52.184387,5.670553,NL,Netherlands,Stroe,,1,350.0
51.503064,5.414372,NL,Netherlands,,,1,350.0
53.092834,6.686966,NL,Netherlands,Zuidlaren,,1,11.0
53.07779,6.699141,NL,Netherlands,Zuidlaren ,,1,11.0
52.305214,4.693212,NL,Netherlands,Haarlemmermeer,,1,11.0
52.141411,5.567445,NL,Netherlands,Barneveld,,3,50.0
51.493691,3.881461,NL,Netherlands,Goes,,1,11.0
52.494507,6.122473,NL,Netherlands,Zwolle,,3,50.0
52.065036,4.32958,NL,Netherlands,The Hague,,1,22.0
51.899517,4.982968,NL,Netherlands,Utrecht,,1,120.0
52.120491,5.038699,NL,Netherlands,Utrecht,,1,11.0
51.4398,5.401949,NL,Netherlands,Eindhoven,,1,22.0
51.43555,5.395051,NL,Netherlands,Eindhoven,,1,11.0
52.525242,6.070279,NL,Netherlands,Zwolle,,1,11.0
52.595656,4.709053,NL,Netherlands,Heiloo,,1,11.0
52.271121,4.695338,NL,Netherlands,Hoofddorp,,4,150.0
52.039306,5.550275,NL,Netherlands,Veenendaal,,1,3.6
52.039255,5.550582,NL,Netherlands,Veenendaal,,1,11.0
53.169567,6.852949,NL,Netherlands,Zuidbroek,,1,120.0
51.590606,3.662901,NL,Netherlands,Noord-Beveland,,1,22.0
52.077646,4.820436,NL,Netherlands,Zuid-Holland,,1,11.0
52.144022,5.416976,NL,Netherlands,Utrecht,,1,120.0
51.671308,5.60267,NL,Netherlands,Uden,,1,120.0
52.335702,5.643057,NL,Netherlands,Harderwijk,,1,80.0
53.335303,6.587969,NL,Netherlands,Onderdendam,,1,11.0
51.733642,5.328723,NL,Netherlands,'s-Hertogenbosch,,1,22.0
53.034882,5.622068,NL,Netherlands,Súdwest-Fryslân,,3,50.0
51.910372,4.474996,NL,Netherlands,Rotterdam,,1,11.0
51.910461,4.477087,NL,Netherlands,Rotterdam,,1,11.0
52.357691,4.885758,NL,Netherlands,Amsterdam,,1,11.0
51.480275,3.636485,NL,Netherlands,Middelburg,,1,120.0
51.894642,4.530836,NL,Netherlands,Rotterdam,,3,50.0
52.547541,4.722741,NL,Netherlands,Akersloot,,1,120.0
52.630213,4.757845,NL,Netherlands,Alkmaar,,1,22.0
52.204703,6.016104,NL,Netherlands,Apeldoorn,,1,120.0
52.255633,4.759902,NL,Netherlands,Aalsmeer,,2,17.0
52.048276,4.349078,NL,Netherlands,Rijswijk,,1,120.0
51.531419,5.48763,NL,Netherlands,Son en Breugel,,1,11.0
51.524392,5.491091,NL,Netherlands,Son en Breugel,,1,11.0
52.415082,6.62151,NL,Netherlands,Twenterand,,1,11.0
52.059906,4.515954,NL,Netherlands,Zoetermeer,,1,11.0
52.059519,4.512891,NL,Netherlands,Zoetermeer,,1,22.0
51.583929,5.20835,NL,Netherlands,Oisterwijk,,1,11.0
51.912026,5.331637,NL,Netherlands,Buren,,1,22.0
51.981313,4.33803,NL,Netherlands,Delft,,1,11.0
51.999048,5.968129,NL,Netherlands,Velp,,1,11.0
52.061878,4.539799,NL,Netherlands,Zoetermeer,,1,22.0
51.483225,3.894599,NL,Netherlands,Goes,,3,50.0
52.34361,4.86098,NL,Netherlands,Amsterdam,,1,11.0
52.628375,4.760676,NL,Netherlands,Alkmaar,,1,22.0
53.198934,6.526537,NL,Netherlands,Groningen,,1,11.0
52.340962,4.875402,NL,Netherlands,Amsterdam,,3,50.0
52.101432,4.296741,NL,Netherlands,Den Haag,,1,11.0
51.720357,5.333276,NL,Netherlands,Rosmalen,,1,120.0
52.457917,4.610818,NL,Netherlands,IJmuiden,,1,22.0
52.9929,6.52447,NL,Netherlands,Assen,,1,120.0
52.009975,6.360814,NL,Netherlands,Zelhem,,1,7.4
52.065459,4.255978,NL,Netherlands,Den haag,,1,22.0
51.324719,5.978757,NL,Netherlands,Peel en Maas,,1,22.0
51.584086,4.925484,NL,Netherlands,Gilze en Rijen,,1,11.0
51.578042,4.926539,NL,Netherlands,Rijen,,1,22.0
52.049925,5.122194,NL,Netherlands,Nieuwegein,,4,350.0
52.017654,5.068245,NL,Netherlands,Nieuwegein,,4,350.0
51.959482,6.021093,NL,Netherlands,Duiven,,1,120.0
52.308658,5.140926,NL,Netherlands,Naarden,,1,120.0
51.588295,4.919853,NL,Netherlands,Gilze en Rijen,,1,11.0
51.889319,5.219076,NL,Netherlands,Beesd,,1,11.0
52.322069,5.084432,NL,Netherlands,Muiden,,4,175.0
52.2104,6.863536,NL,Netherlands,Enschede,,1,22.0
52.146429,5.083715,NL,Netherlands,Tienhoven,,1,22.0
51.380006,5.98545,NL,Netherlands,Sevenum,,1,350.0
52.014266,5.122378,NL,Netherlands,Nieuwegein,,4,175.0
51.923952,5.605243,NL,Netherlands,Opheusden,,3,50.0
51.562327,5.07525,NL,Netherlands,Tilburg,,2,50.0
52.0499,5.46156,NL,Netherlands,Woudenberg,,4,175.0
53.032416,6.021035,NL,Netherlands,Terwispel,,3,50.0
52.258264,4.685958,NL,Netherlands,Rijsenhout,,4,175.0
52.436054,5.425005,NL,Netherlands,Lelystad,,4,175.0
52.432869,5.422989,NL,Netherlands,Lelystad,,4,175.0
52.319882,5.077604,NL,Netherlands,Muiden,,4,175.0
51.862623,4.459831,NL,Netherlands,Rhoon,,4,175.0
52.784365,5.759275,NL,Netherlands,Bant,,4,175.0
52.818465,5.742337,NL,Netherlands,Rutten,,4,175.0
51.96467,5.892364,NL,Netherlands,Arnhem,,4,175.0
51.547632,4.530547,NL,Netherlands,Rucphen,,4,175.0
51.548783,4.529013,NL,Netherlands,Rucphen,,4,175.0
52.055205,4.391112,NL,Netherlands,Den Haag,,4,175.0
51.83475,4.620993,NL,Netherlands,Hendrik-Ido-Ambacht,,4,175.0
51.983412,4.392855,NL,Netherlands,Delft,,4,175.0
51.497864,4.74325,NL,Netherlands,Breda,,4,175.0
51.500062,4.741014,NL,Netherlands,Breda,,4,175.0
51.847476,5.190785,NL,Netherlands,Gellicum,,4,175.0
51.849069,5.191415,NL,Netherlands,Gellicum,,4,175.0
51.921597,5.603319,NL,Netherlands,Opheusden,,3,50.0
51.690689,4.65757,NL,Netherlands,Zevenbergschen Hoek,,3,50.0
51.870171,4.182257,NL,Netherlands,Vierpolders,,3,50.0
51.870605,4.180432,NL,Netherlands,Vierpolders,,3,50.0
53.180906,6.933632,NL,Netherlands,Scheemda,,3,50.0
53.182019,6.931018,NL,Netherlands,Scheemda,,3,50.0
53.029302,6.02006,NL,Netherlands,Terwispel,,3,50.0
52.079045,4.33399,NL,Netherlands,Den Haag,,3,50.0
52.545986,4.957308,NL,Netherlands,Middenbeemster,,3,50.0
51.495087,4.295201,NL,Netherlands,Bergen op Zoom,,1,11.0
52.511081,6.354054,NL,Netherlands,Vilsteren,,1,22.0
52.386701,4.535351,NL,Netherlands,Zandvoort,,1,22.0
51.396404,3.89869,NL,Netherlands,Baarland,,1,6.0
51.74884,4.100714,NL,Netherlands,Goeree-Overflakkee,,1,0.0
51.83126,5.802066,NL,Netherlands,Nijmegen,,1,11.0
51.825253,5.803723,NL,Netherlands,Nijmegen,,3,50.0
52.524327,5.71568,NL,Netherlands,Flevoland,,1,11.0
52.081447,5.035282,NL,Netherlands,Utrecht,,1,11.0
51.400332,3.496469,NL,Netherlands,Groede,,1,0.0
52.076714,4.495909,NL,Netherlands,Zoetermeer,,2,0.0
53.448264,5.630548,NL,Netherlands,Hollum,,2,22.0
53.166318,6.385935,NL,Netherlands,Westerkwartier,,1,11.0
51.555688,3.550775,NL,Netherlands,Veere,,1,11.0
52.205259,5.301948,NL,Netherlands,Baarn,,1,22.0
52.011573,5.037304,NL,Netherlands,IJsselstein,,1,0.0
52.108203,5.102804,NL,Netherlands,Utrecht,,1,11.0
52.85731,5.021455,NL,Netherlands,Hollands Kroon,,4,175.0
51.82027,5.852083,NL,Netherlands,Nijmegen,,2,50.0
52.21132,6.742062,NL,Netherlands,Hengelo,,1,9.0
52.35333,5.001366,NL,Netherlands,Amsterdam,,1,11.0
52.352441,5.005575,NL,Netherlands,Amsterdam,,1,11.0
52.351413,5.001781,NL,Netherlands,Amsterdam,,1,11.0
53.240601,6.514874,NL,Netherlands,Groningen,,1,11.0
52.160832,4.54932,NL,Netherlands,Leiderdorp,,1,120.0
52.010383,5.865473,NL,Netherlands,Arnhem,,1,11.0
51.6626,4.678,NL,Netherlands,Moerdijk,,4,175.0
51.577526,5.002262,NL,Netherlands,Tilburg,,3,43.0
52.460983,4.817797,NL,Netherlands,Zaanstad,,3,50.0
52.268231,4.5438,NL,Netherlands,Lisse,,1,3.6
53.172172,5.794169,NL,Netherlands,Goutum,,3,50.0
52.340596,5.62065,NL,Netherlands,Gelderland,,1,11.0
50.85542,5.688257,NL,Netherlands,Maastricht,,1,0.0
52.11206,5.095029,NL,Netherlands,Utrecht,,1,11.0
52.022778,4.684873,NL,Netherlands,Gouda,,1,120.0
52.061035,5.205139,NL,Netherlands,Bunnik,,1,120.0
53.396467,5.337902,NL,Netherlands,Hoorn-Terschelling,,1,6.0
52.292459,4.709111,NL,Netherlands,Hoofddorp,,1,22.0
51.975543,4.560385,NL,Netherlands,Zevenhuizen,,1,22.0
52.315049,4.667417,NL,Netherlands,Hoofddorp,,1,22.0
51.987262,5.932831,NL,Netherlands,Arnhem,,1,22.0
52.369677,4.902912,NL,Netherlands,Amsterdam,,1,11.0
52.368409,4.906055,NL,Netherlands,Amsterdam,,1,11.0
52.041151,4.399493,NL,Netherlands,Nootdorp ,,1,3.7
52.212619,4.504546,NL,Netherlands,Sassenheim,,1,11.0
51.571127,5.946131,NL,Netherlands,Overloon,,1,22.0
52.329339,4.784994,NL,Netherlands,Badhoevedorp,,1,120.0
52.682196,5.874442,NL,Netherlands,Kraggenburg,,1,11.0
51.322007,3.616753,NL,Netherlands,Ijzendijke,,1,22.0
51.331009,3.824886,NL,Netherlands,Terneuzen,,2,50.0
52.591222,4.708903,NL,Netherlands,Heiloo,,1,11.0
52.596582,4.71197,NL,Netherlands,Heiloo,,1,11.0
52.479353,6.089476,NL,Netherlands,Zwolle,,1,4.0
52.095896,5.137108,NL,Netherlands,Utrecht,,1,11.0
51.951697,5.970656,NL,Netherlands,Westervoort,,1,11.0
51.826405,4.044232,NL,Netherlands,Stellendam,,1,11.0
52.904648,5.598225,NL,Netherlands,Balk,,1,14.0
53.170113,6.852452,NL,Netherlands,Zuidbroek,,1,22.0
51.576516,4.729773,NL,Netherlands,Breda,,1,120.0
52.216248,5.16167,NL,Netherlands,Noord-Holland,,1,11.0
51.778581,5.933518,NL,Netherlands,Groesbeek,,1,22.0
51.854617,4.303093,NL,Netherlands,Spijkenisse,,2,50.0
51.832413,4.147374,NL,Netherlands,Hellevoetsluis,,3,50.0
51.989684,4.485534,NL,Netherlands,Bergschenhoek,,2,0.0
52.491416,5.483038,NL,Netherlands,Lelystad,,1,3.5
52.886433,5.994321,NL,Netherlands,Wolvega,,1,22.0
52.247115,4.432682,NL,Netherlands,Noordwijk aan Zee,,1,11.0
51.854285,5.837113,NL,Netherlands,Nijmegen,,1,11.0
52.167178,4.989068,NL,Netherlands,Breukelen,,1,120.0
51.842314,5.862685,NL,Netherlands,Nijmegen,,1,7.0
52.338392,4.920993,NL,Netherlands,Amsterdam,,1,11.0
51.839649,5.009054,NL,Netherlands,Gorinchem,,1,22.0
51.955958,5.58951,NL,Netherlands,Rhenen,,1,7.0
53.182109,5.434368,NL,Netherlands,Midlum,,1,11.0
52.558383,6.626275,NL,Netherlands,Hardenberg,,1,22.0
50.849842,5.700734,NL,Netherlands,Maastricht,,1,22.0
52.52305,5.43792,NL,Netherlands,Lelystad,,1,22.0
53.199743,6.788897,NL,Netherlands,Slochteren,,1,22.0
51.796249,5.254964,NL,Netherlands,Zaltbommel,,1,120.0
51.839079,5.09062,NL,Netherlands,Vuren,,1,120.0
52.39625,4.789619,NL,Netherlands,Amsterdam,,1,0.0
51.74507,5.716071,NL,Netherlands,Velp,,1,11.0
52.059399,4.362439,NL,Netherlands,Den Haag,,1,17.0
52.442271,4.855034,NL,Netherlands,zaandam,,4,175.0
52.03338,4.49719,NL,Netherlands,Zoetermeer,,1,22.0
52.271875,4.564281,NL,Netherlands,Lisse,,1,11.0
52.175972,6.614891,NL,Netherlands,Diepenheim,,1,22.0
52.35883,4.878628,NL,Netherlands,Amsterdam,,1,14.0
53.105435,6.100547,NL,Netherlands,Drachten,,1,22.0
51.331131,6.136385,NL,Netherlands,Tegelen,,1,22.0
50.961264,5.908891,NL,Netherlands,Doenrade,,1,11.0
51.568291,3.539339,NL,Netherlands,Oostkapelle,,1,17.0
52.341746,4.824712,NL,Netherlands,Amsterdam,,1,22.0
51.470106,6.05724,NL,Netherlands,Horst,,1,120.0
53.163936,6.755294,NL,Netherlands,Hoogezand,,1,17.0
52.727405,5.764609,NL,Netherlands,Emmeloord,,1,120.0
52.726387,4.644627,NL,Netherlands,Schoorl,,1,11.0
52.703435,5.755553,NL,Netherlands,Emmeloord,,1,22.0
52.167459,5.379401,NL,Netherlands,Amersfoort,,1,11.0
52.168505,5.384779,NL,Netherlands,Amersfoort,,1,11.0
51.798564,5.688385,NL,Netherlands,Niftrik/Wijchen,,1,7.0
52.031574,5.518599,NL,Netherlands,Overberg,,1,11.0
52.309942,6.959972,NL,Netherlands,De Lutte,,1,14.0
53.175467,5.413871,NL,Netherlands,Harlingen,,1,11.0
51.735582,5.847405,NL,Netherlands,Cuijk,,1,22.0
53.099577,6.074421,NL,Netherlands,Drachten ,,1,11.0
52.293446,4.712075,NL,Netherlands,Hoofddorp,,1,7.4
52.003186,5.255735,NL,Netherlands,Werkhoven,,1,7.0
51.516031,4.007817,NL,Netherlands,Wemeldinge,,1,11.0
51.516529,4.011203,NL,Netherlands,Wemeldinge,,1,11.0
52.259617,6.682393,NL,Netherlands,Delden,,1,11.0
52.241952,4.431662,NL,Netherlands,Noordwijk,,1,22.0
51.590083,3.664783,NL,Netherlands,Kamperland,,1,14.0
52.989056,5.543616,NL,Netherlands,Oudega,,1,11.0
51.377324,3.602903,NL,Netherlands,Hoofdplaat,,1,3.0
51.85615,4.297218,NL,Netherlands,Spijkenisse,,3,50.0
52.074059,4.639055,NL,Netherlands,Boskoop,,1,11.0
52.076065,4.646811,NL,Netherlands,Boskoop,,1,11.0
52.075192,4.656805,NL,Netherlands,Boskoop,,1,11.0
51.542956,5.129958,NL,Netherlands,,,1,11.0
52.189745,4.503932,NL,Netherlands,,,1,17.0
52.113888,4.285957,NL,Netherlands,Den Haag,,1,22.0
51.586036,3.621077,NL,Netherlands,Vrouwenpolder,,1,11.0
51.446344,3.564244,NL,Netherlands,Vlissingen,,1,14.0
52.359025,5.284488,NL,Netherlands,Almere,,1,11.0
51.199222,5.988171,NL,Netherlands,Roermond,,1,22.0
52.116711,5.084457,NL,Netherlands,Utrecht ,,1,11.0
52.550412,5.460843,NL,Netherlands,Lelystad ,,1,0.0
52.212728,5.278319,NL,Netherlands,Baarn,,1,22.0
52.335616,4.848441,NL,Netherlands,Amsterdam,,1,22.0
52.157467,5.019031,NL,Netherlands,Breukelen,,1,22.0
51.646323,3.926466,NL,Netherlands,Zierikzee,,1,0.0
51.541908,5.050957,NL,Netherlands,Tilburg,,1,22.0
51.594902,5.280143,NL,Netherlands,Boxtel,,1,22.0
52.357282,4.855383,NL,Netherlands,Amsterdam,,1,22.0
51.899286,5.436147,NL,Netherlands,Katwoude,,1,22.0
52.385147,4.661716,NL,Netherlands,Haarlem,,2,300.0
51.476602,4.298477,NL,Netherlands,Bergen op Zoom,,2,3.7
52.177652,5.912803,NL,Netherlands,Ugchelen,,1,120.0
52.017694,4.708714,NL,Netherlands,Gouda,,2,11.0
52.160114,4.553922,NL,Netherlands, Leiderdorp,,3,50.0
52.361722,4.853093,NL,Netherlands,Amsterdam,,1,2.3
51.984022,4.395835,NL,Netherlands,Delfgauw,,1,11.0
51.993348,4.386129,NL,Netherlands,Delft,,0,0.0
51.676516,4.827232,NL,Netherlands, Made,,3,50.0
52.261441,4.686263,NL,Netherlands,Hoofddorp,,4,175.0
51.552915,4.944677,NL,Netherlands,Gilze,,1,22.0
52.219382,6.146307,NL,Netherlands,Wilp,,1,22.0
51.867531,4.55762,NL,Netherlands,Ridderkerk,,1,22.0
51.512558,3.985678,NL,Netherlands,Wemeldinge,,2,11.0
51.69363,5.013464,NL,Netherlands,Noord-Brabant,,3,50.0
52.650769,5.038917,NL,Netherlands,Hoorn,,1,120.0
51.484173,3.878157,NL,Netherlands,Goes,,1,3.0
51.48444,3.877737,NL,Netherlands,Goes,,1,3.7
51.486799,3.87828,NL,Netherlands,Goes,,1,3.0
51.67012,5.293447,NL,Netherlands,Vught,,1,22.0
52.34972,4.885842,NL,Netherlands,Amsterdam,,3,50.0
52.346107,4.839045,NL,Netherlands,Amsterdam,,3,50.0
51.368976,5.23011,NL,Netherlands,Bladel,,1,17.0
51.299438,3.851036,NL,Netherlands,Terneuzen,,1,11.0
50.794876,5.921583,NL,Netherlands,Mechelen,,1,22.0
51.377801,3.386208,NL,Netherlands,Cadzand-Bad,,1,11.0
52.431124,6.961855,NL,Netherlands,Lattrop-Breklenkamp,,1,22.0
52.233414,5.878242,NL,Netherlands,Hoog Soeren,,1,22.0
50.868763,5.835283,NL,Netherlands,Valkenburg aan de Geul,,1,11.0
50.85975,5.823513,NL,Netherlands,Valkenburg aan de Geul,,1,22.0
50.815947,5.902148,NL,Netherlands,Gulpen,,1,22.0
52.488272,5.033532,NL,Netherlands,Katwoude,,1,22.0
52.368898,4.647904,NL,Netherlands,Haarlem,,1,22.0
51.557015,5.090869,NL,Netherlands,Tilburg,,1,22.0
51.555617,5.06969,NL,Netherlands,Tilburg,,1,22.0
51.774411,4.653324,NL,Netherlands,Dordrecht,,1,120.0
51.923506,4.47707,NL,Netherlands,Rotterdam,,1,22.0
51.645589,3.937454,NL,Netherlands,Zierikzee,,1,0.0
51.51585,4.279002,NL,Netherlands,Halsteren,,1,22.0
51.528861,4.278745,NL,Netherlands,Halsteren,,4,50.0
51.577503,5.002514,NL,Netherlands,Tilburg,,1,50.0
52.048317,4.350055,NL,Netherlands,Rijswijk,,1,17.0
52.361587,4.883425,NL,Netherlands,Amsterdam,,1,22.0
53.058133,6.091141,NL,Netherlands,Beesterzwaag,,1,22.0
52.12404,5.246345,NL,Netherlands,Bosch en Duin,,1,22.0
52.241193,4.429914,NL,Netherlands,Noordwijk,,1,22.0
52.102594,4.364455,NL,Netherlands,Wassenaar,,1,11.0
51.676896,5.332564,NL,Netherlands,s-Hertogenbosch,,1,22.0
53.099198,4.767078,NL,Netherlands,De Koog,,1,17.0
51.947716,4.436052,NL,Netherlands,Rotterdam,,1,22.0
53.105883,6.129539,NL,Netherlands,Drachten,,1,120.0
51.438898,5.482512,NL,Netherlands,Eindhoven,,1,22.0
52.880449,6.021003,NL,Netherlands,Wolvega,,1,22.0
51.967876,4.589078,NL,Netherlands,Nieuwerkerk aan den IJssel,,3,50.0
51.966068,4.588841,NL,Netherlands,Nieuwerkerk aan den IJssel,,4,175.0
52.098768,4.346509,NL,Netherlands,Den Haag,,3,50.0
52.061396,4.228057,NL,Netherlands,Den Haag,,3,50.0
52.369691,4.912485,NL,Netherlands,Amsterdam,,1,11.0
52.368713,4.914604,NL,Netherlands,Amsterdam,,1,11.0
50.848764,5.683589,NL,Netherlands,Maastricht,,1,11.0
52.357784,4.856549,NL,Netherlands,Amsterdam,,1,11.0
51.497919,3.885645,NL,Netherlands,Goes,,1,22.0
51.509493,4.005842,NL,Netherlands,Wemeldinge,,1,22.0
52.373767,4.884608,NL,Netherlands,Amsterdam,,1,0.0
51.689352,5.289787,NL,Netherlands,'s Hertogenbosch,,1,11.0
51.68554,5.314269,NL,Netherlands,'s Hertogenbosch,,1,3.0
51.449267,3.572589,NL,Netherlands,Vlissingen,,1,3.7
53.174564,6.970116,NL,Netherlands,Scheemda,,1,0.0
51.840078,5.862214,NL,Netherlands,Nimega,,1,11.0
51.606131,5.53359,NL,Netherlands,Veghel,,2,11.0
52.349419,4.917033,NL,Netherlands,Amsterdam,,2,50.0
52.01918,5.093928,NL,Netherlands,Nieuwegein,,1,11.0
51.662906,5.940031,NL,Netherlands,Beugen,,0,0.0
51.48511,3.905985,NL,Netherlands,Goes,,1,0.0
51.814881,4.661738,NL,Netherlands,Dordrecht,,2,11.0
51.503555,3.88698,NL,Netherlands,Goes,,1,22.0
53.21204,6.593862,NL,Netherlands,Groningen,,3,50.0
51.498116,3.897317,NL,Netherlands,Goes,,1,0.0
51.727534,3.913345,NL,Netherlands,Brouwershaven,,1,0.0
52.129479,6.630313,NL,Netherlands,Neede,,1,11.0
52.020613,5.070834,NL,Netherlands,Nieuwegein,,2,11.0
52.027572,5.08302,NL,Netherlands,Nieuwegein,,1,11.0
51.010947,5.800352,NL,Netherlands,Geleen,,3,50.0
51.962627,5.900656,NL,Netherlands,Arnhem,,3,0.0
51.48669,4.278137,NL,Netherlands,Bergen op Zoom,,1,0.3
53.34729,6.647793,NL,Netherlands,Loppersum,,1,11.0
53.327126,6.91782,NL,Netherlands,Delfzijl,,1,11.0
53.303149,6.856694,NL,Netherlands,Appingedam,,1,11.0
53.297663,5.073372,NL,Netherlands,Vlieland,,1,22.0
53.233128,6.55982,NL,Netherlands,Groningen,,2,11.0
53.222653,6.588839,NL,Netherlands,Groningen,,2,11.0
53.20211,5.78479,NL,Netherlands,Leeuwarden,,2,11.0
53.201889,6.581554,NL,Netherlands,Groningen,,2,11.0
53.200086,6.578715,NL,Netherlands,Groningen,,2,11.0
53.191693,6.557024,NL,Netherlands,Groningen,,2,11.0
53.187371,6.577264,NL,Netherlands,Groningen,,2,11.0
53.18512,5.82704,NL,Netherlands,Leeuwarden,,1,5.0
53.178004,5.821879,NL,Netherlands,Leeuwarden,,2,11.0
53.129901,6.405469,NL,Netherlands,Noordenveld,,1,3.7
53.114904,4.89708,NL,Netherlands,Texel,,1,11.0
53.105105,6.13943,NL,Netherlands,Opsterland,,1,22.0
53.10353,6.12546,NL,Netherlands,Smallingerland,,2,11.0
53.089821,5.836666,NL,Netherlands,Leeuwarden,,2,11.0
53.073661,6.61934,NL,Netherlands,Tynaarlo,,1,11.0
53.00056,6.07146,NL,Netherlands,Opsterland,,2,5.0
52.99305,5.75287,NL,Netherlands,De Fryske Marren,,2,11.0
52.98438,6.541,NL,Netherlands,Assen,,3,11.0
52.98055,6.96532,NL,Netherlands,Stadskanaal,,1,5.0
52.96386,5.92772,NL,Netherlands,Heerenveen,,2,5.0
52.798716,6.089696,NL,Netherlands,Steenwijkerland,,1,11.0
52.78446,6.89151,NL,Netherlands,Emmen,,2,11.0
52.7801,4.71061,NL,Netherlands,Schagen,,1,5.0
52.771565,5.105631,NL,Netherlands,Medemblik,,2,11.0
52.7707,6.89964,NL,Netherlands,Amersfoort,,1,5.0
52.76749,4.88552,NL,Netherlands,Hollands Kroon,,1,11.0
52.72654,5.64235,NL,Netherlands,Noordoostpolder,,1,5.0
52.722056,4.663813,NL,Netherlands,Bergen (NH),,2,11.0
52.71104,5.21789,NL,Netherlands,Stede Broec,,1,5.0
52.706318,4.94458,NL,Netherlands,Opmeer,,2,11.0
52.704105,4.693015,NL,Netherlands,Bergen (NH),,2,11.0
52.69096,6.17831,NL,Netherlands,Meppel,,2,11.0
52.68307,6.18068,NL,Netherlands,Meppel,,1,5.0
52.668726,4.719739,NL,Netherlands,Bergen (NH),,2,11.0
52.665569,4.703146,NL,Netherlands,Bergen (NH),,1,11.0
52.66267,5.08291,NL,Netherlands,Hoorn,,1,11.0
52.660409,4.630658,NL,Netherlands,Bergen (NH),,2,11.0
52.64354,6.220173,NL,Netherlands,Staphorst,,1,22.0
52.627415,6.208203,NL,Netherlands,Staphorst,,1,22.0
52.624336,4.657131,NL,Netherlands,Bergen (NH),,2,11.0
52.6202,4.65629,NL,Netherlands,Bergen (NH),,2,11.0
52.60693,4.83998,NL,Netherlands,Alkmaar,,1,5.0
52.594534,4.654664,NL,Netherlands,Bergen (NH),,2,11.0
52.587921,6.283228,NL,Netherlands,Dalfsen,,2,11.0
52.53309,5.72442,NL,Netherlands,Dronten,,2,11.0
52.51833,4.97342,NL,Netherlands,Purmerend,,1,5.0
52.510125,5.075247,NL,Netherlands,Edam-Volendam,,2,11.0
52.50552,5.048025,NL,Netherlands,Edam-Volendam,,1,11.0
52.48446,4.67931,NL,Netherlands,Beverwijk,,1,5.0
52.4607,4.79448,NL,Netherlands,Zaanstad,,2,11.0
52.449483,4.826615,NL,Netherlands,Zaanstad,,2,11.0
52.446443,5.895212,NL,Netherlands,Oldebroek,,1,11.0
52.44476,4.83113,NL,Netherlands,Zaanstad,,2,11.0
52.444598,4.800292,NL,Netherlands,Zaanstad,,2,11.0
52.434486,4.810719,NL,Netherlands,Zaanstad,,2,11.0
52.43025,4.64143,NL,Netherlands,Velsen,,1,11.0
52.42285,4.84843,NL,Netherlands,Zaanstad,,4,11.0
52.416255,4.897347,NL,Netherlands,Amsterdam,,2,11.0
52.414955,4.907609,NL,Netherlands,Amsterdam,,2,11.0
52.40491,4.83475,NL,Netherlands,Amsterdam,,1,11.0
52.403979,4.641546,NL,Netherlands,Haarlem,,1,11.0
52.403583,4.938367,NL,Netherlands,Amsterdam,,2,11.0
52.39684,4.79959,NL,Netherlands,Amsterdam,,4,11.0
52.39602,4.85336,NL,Netherlands,Amsterdam,,4,11.0
52.394112,4.846907,NL,Netherlands,Amsterdam,,2,11.0
52.39294,4.90185,NL,Netherlands,Amsterdam,,1,5.0
52.391262,4.830831,NL,Netherlands,Amsterdam,,2,11.0
52.390449,4.935603,NL,Netherlands,Amsterdam,,2,11.0
52.390378,4.954974,NL,Netherlands,Amsterdam,,2,11.0
52.390196,4.826021,NL,Netherlands,Amsterdam,,2,11.0
52.385723,5.25358,NL,Netherlands,Almere,,2,11.0
52.38526,5.2751,NL,Netherlands,Almere,,1,5.0
52.384362,4.888415,NL,Netherlands,Amsterdam,,2,11.0
52.383792,5.256641,NL,Netherlands,Almere,,2,11.0
52.383271,4.877731,NL,Netherlands,Amsterdam,,2,11.0
52.38314,6.44927,NL,Netherlands,Hellendoorn,,1,5.0
52.379596,4.791596,NL,Netherlands,Amsterdam,,2,11.0
52.379488,4.751577,NL,Netherlands,Haarlemmermeer,,2,11.0
52.377643,4.731651,NL,Netherlands,Haarlemmermeer,,2,11.0
52.377095,4.855724,NL,Netherlands,Amsterdam,,2,11.0
52.376322,6.698229,NL,Netherlands,Almelo,,1,11.0
52.374609,4.866976,NL,Netherlands,Amsterdam,,2,11.0
52.373535,4.86464,NL,Netherlands,Amsterdam,,2,11.0
52.3734,4.813206,NL,Netherlands,Amsterdam,,2,11.0
52.373046,4.858978,NL,Netherlands,Amsterdam,,2,11.0
52.372803,4.853719,NL,Netherlands,Amsterdam,,2,11.0
52.372503,4.969192,NL,Netherlands,Amsterdam,,2,11.0
52.371549,5.186232,NL,Netherlands,Almere,,2,11.0
52.370884,6.60246,NL,Netherlands,Wierden,,1,11.0
52.370361,5.1797,NL,Netherlands,Almere,,2,11.0
52.368713,4.85088,NL,Netherlands,Amsterdam,,2,11.0
52.367121,6.458927,NL,Netherlands,Hellendoorn,,1,3.7
52.361399,4.822978,NL,Netherlands,Amsterdam,,2,11.0
52.359908,4.98025,NL,Netherlands,Amsterdam,,2,11.0
52.359053,4.935425,NL,Netherlands,Amsterdam,,2,11.0
52.35889,4.993291,NL,Netherlands,Amsterdam,,2,11.0
52.357198,4.821633,NL,Netherlands,Amsterdam,,2,11.0
52.356689,4.989679,NL,Netherlands,Amsterdam,,2,11.0
52.355798,4.824988,NL,Netherlands,Amsterdam,,2,11.0
52.35578,4.61319,NL,Netherlands,Heemstede,,3,11.0
52.355501,4.789584,NL,Netherlands,Amsterdam,,2,11.0
52.354973,5.161141,NL,Netherlands,Almere,,2,11.0
52.354814,5.002253,NL,Netherlands,Amsterdam,,2,11.0
52.354247,4.917177,NL,Netherlands,Amsterdam,,2,11.0
52.354151,4.779016,NL,Netherlands,Amsterdam,,2,11.0
52.351999,4.998771,NL,Netherlands,Amsterdam,,2,11.0
52.351926,4.805209,NL,Netherlands,Amsterdam,,2,11.0
52.35166,4.784584,NL,Netherlands,Amsterdam,,2,11.0
52.35068,4.923835,NL,Netherlands,Amsterdam,,2,11.0
52.34837,4.832403,NL,Netherlands,Amsterdam,,2,11.0
52.347996,5.011488,NL,Netherlands,Amsterdam,,2,11.0
52.34751,4.84037,NL,Netherlands,Amsterdam,,2,11.0
52.34538,4.800753,NL,Netherlands,Amsterdam,,2,11.0
52.345324,4.908478,NL,Netherlands,Amsterdam,,2,11.0
52.340974,4.898141,NL,Netherlands,Amsterdam,,2,11.0
52.340611,4.903745,NL,Netherlands,Amsterdam,,2,11.0
52.339178,4.78849,NL,Netherlands,Haarlemmermeer,,2,11.0
52.332832,4.882153,NL,Netherlands,Amsterdam,,2,11.0
52.332382,4.874845,NL,Netherlands,Amsterdam,,2,11.0
52.332205,4.938159,NL,Netherlands,Duivendrecht,,2,11.0
52.331893,4.78126,NL,Netherlands,Haarlemmermeer,,2,11.0
52.33049,4.985737,NL,Netherlands,Diemen,,4,11.0
52.32924,6.64915,NL,Netherlands,Almelo,,2,11.0
52.327739,4.877177,NL,Netherlands,Amsterdam,,2,11.0
52.324284,4.945047,NL,Netherlands,Amsterdam,,2,11.0
52.32409,4.78924,NL,Netherlands,Haarlemmermeer,,1,11.0
52.323178,4.650442,NL,Netherlands,Haarlemmermeer,,2,11.0
52.32135,4.96083,NL,Netherlands,Amsterdam,,1,5.0
52.3195,6.51206,NL,Netherlands,Rijssen-Holten,,1,11.0
52.31948,6.50111,NL,Netherlands,Rijssen-Holten,,2,5.0
52.31846,4.77419,NL,Netherlands,Haarlemmermeer,,1,11.0
52.31652,6.93952,NL,Netherlands,Oldenzaal,,1,5.0
52.31399,4.666153,NL,Netherlands,Haarlemmermeer,,2,11.0
52.312498,4.97909,NL,Netherlands,Amsterdam,,2,11.0
52.312248,4.649853,NL,Netherlands,Haarlemmermeer,,2,11.0
52.312229,4.854671,NL,Netherlands,Amstelveen,,2,11.0
52.309305,6.522094,NL,Netherlands,Rijssen-Holten,,2,11.0
52.308722,4.881888,NL,Netherlands,Amstelveen,,2,11.0
52.30781,4.94633,NL,Netherlands,Amsterdam,,1,11.0
52.307592,4.632512,NL,Netherlands,Haarlemmermeer,,2,11.0
52.305543,4.639028,NL,Netherlands,Haarlemmermeer,,2,11.0
52.30502,4.680945,NL,Netherlands,Haarlemmermeer,,2,11.0
52.304541,4.645874,NL,Netherlands,Haarlemmermeer,,2,11.0
52.302751,4.634193,NL,Netherlands,Haarlemmermeer,,2,11.0
52.301109,4.986798,NL,Netherlands,Amsterdam,,2,11.0
52.300344,4.638397,NL,Netherlands,Haarlemmermeer,,2,11.0
52.30021,5.618086,NL,Netherlands,Ermelo,,2,11.0
52.299889,4.658184,NL,Netherlands,Haarlemmermeer,,2,11.0
52.299849,4.877205,NL,Netherlands,Amstelveen,,2,11.0
52.29955,4.997398,NL,Netherlands,Amsterdam,,2,11.0
52.299258,4.914441,NL,Netherlands,Ouder-Amstel,,2,11.0
52.298084,4.662193,NL,Netherlands,Haarlemmermeer,,2,11.0
52.297479,4.912034,NL,Netherlands,Ouder-Amstel,,2,11.0
52.296719,5.160079,NL,Netherlands,Gooise Meren,,2,11.0
52.29552,6.73515,NL,Netherlands,Borne,,3,11.0
52.29543,4.56624,NL,Netherlands,Hillegom,,1,11.0
52.294933,5.164375,NL,Netherlands,Gooise Meren,,2,11.0
52.293526,4.993384,NL,Netherlands,Hollands Kroon,,2,11.0
52.293086,4.863173,NL,Netherlands,Amstelveen,,2,11.0
52.292901,4.90486,NL,Netherlands,Ouder-Amstel,,2,11.0
52.292759,4.691445,NL,Netherlands,Haarlemmermeer,,2,11.0
52.292598,4.990334,NL,Netherlands,Amsterdam,,2,11.0
52.291346,4.985423,NL,Netherlands,Amsterdam,,2,11.0
52.290793,4.83358,NL,Netherlands,Amstelveen,,2,11.0
52.286863,4.826893,NL,Netherlands,Amstelveen,,2,11.0
52.28265,6.77986,NL,Netherlands,Hengelo,,1,5.0
52.282128,4.838218,NL,Netherlands,Amstelveen,,1,11.0
52.280885,4.866983,NL,Netherlands,Amstelveen,,2,11.0
52.28037,4.75436,NL,Netherlands,Schiphol-Rijk,,4,11.0
52.279,5.14948,NL,Netherlands,Gooise Meren,,1,5.0
52.27703,4.855932,NL,Netherlands,Amstelveen,,2,11.0
52.27667,4.866314,NL,Netherlands,Amstelveen,,2,11.0
52.264935,4.609637,NL,Netherlands,Haarlemmermeer,,2,11.0
52.257138,4.489682,NL,Netherlands,Noordwijkerhout,,2,11.0
52.25554,4.78842,NL,Netherlands,Uithoorn,,2,11.0
52.251776,6.156034,NL,Netherlands,Deventer,,3,11.0
52.24271,6.76719,NL,Netherlands,Hengelo,,4,11.0
52.24127,4.42792,NL,Netherlands,Noordwijk,,2,11.0
52.23807,5.97914,NL,Netherlands,Apeldoorn,,6,11.0
52.236274,4.761244,NL,Netherlands,Aalsmeer,,2,11.0
52.23427,5.96962,NL,Netherlands,Apeldoorn,,2,11.0
52.219919,4.932852,NL,Netherlands,De Ronde Venen,,2,11.0
52.21593,6.00916,NL,Netherlands,Apeldoorn,,2,11.0
52.215437,4.921966,NL,Netherlands,De Ronde Venen,,2,11.0
52.21326,5.29158,NL,Netherlands,Baarn,,1,5.0
52.20853,5.96131,NL,Netherlands,Apeldoorn,,1,5.0
52.207177,4.851865,NL,Netherlands,De Ronde Venen,,2,11.0
52.20672,4.85636,NL,Netherlands,De Ronde Venen,,2,11.0
52.20583,5.95696,NL,Netherlands,Apeldoorn,,4,11.0
52.20492,4.87573,NL,Netherlands,De Ronde Venen,,1,11.0
52.2046,4.87193,NL,Netherlands,De Ronde Venen,,1,11.0
52.20456,6.52234,NL,Netherlands,Hof van Twente,,1,11.0
52.202829,4.417107,NL,Netherlands,Katwijk,,2,11.0
52.20004,6.55928,NL,Netherlands,Hof van Twente,,1,5.0
52.195399,4.752143,NL,Netherlands,Nieuwkoop,,2,11.0
52.18874,5.42367,NL,Netherlands,Amersfoort,,1,5.0
52.186092,4.423283,NL,Netherlands,Katwijk,,2,11.0
52.18449,5.40415,NL,Netherlands,Amersfoort,,1,5.0
52.181759,4.508338,NL,Netherlands,Leiden,,2,11.0
52.178276,4.499262,NL,Netherlands,Leiden,,2,11.0
52.17792,4.43672,NL,Netherlands,Katwijk,,1,5.0
52.17611,5.28062,NL,Netherlands,Soest,,1,11.0
52.173115,4.510815,NL,Netherlands,Leiden,,2,11.0
52.16414,4.462807,NL,Netherlands,Leiden,,2,11.0
52.16289,5.58762,NL,Netherlands,Barneveld,,2,11.0
52.15914,6.20272,NL,Netherlands,Zutphen,,2,11.0
52.156664,4.476388,NL,Netherlands,Leiden,,2,11.0
52.156227,4.652988,NL,Netherlands,Alphen aan den Rijn,,2,11.0
52.154939,4.510563,NL,Netherlands,Leiden,,2,11.0
52.154859,4.489444,NL,Netherlands,Leiden,,2,11.0
52.15229,4.767686,NL,Netherlands,Nieuwkoop,,2,11.0
52.151571,4.465274,NL,Netherlands,Leiden,,2,11.0
52.151528,4.444849,NL,Netherlands,Leiden,,2,11.0
52.150181,4.479888,NL,Netherlands,Leiden,,2,11.0
52.149948,5.373997,NL,Netherlands,Amersfoort,,1,11.0
52.14988,5.66843,NL,Netherlands,Barneveld,,2,11.0
52.14665,5.45547,NL,Netherlands,Leusden,,1,11.0
52.146021,4.77105,NL,Netherlands,Nieuwkoop,,2,11.0
52.14061,5.60566,NL,Netherlands,Barneveld,,2,11.0
52.140016,4.675278,NL,Netherlands,Alphen aan den Rijn,,2,11.0
52.13926,4.40167,NL,Netherlands,Wassenaar,,1,5.0
52.13756,6.220982,NL,Netherlands,Zutphen,,2,11.0
52.129868,4.592096,NL,Netherlands,Alphen aan den Rijn,,2,11.0
52.12864,4.672289,NL,Netherlands,Alphen aan den Rijn,,2,11.0
52.12646,5.0555,NL,Netherlands,Stichtse Vecht,,2,11.0
52.121582,5.09226,NL,Netherlands,Utrecht,,2,11.0
52.121498,4.649891,NL,Netherlands,Alphen aan den Rijn,,2,11.0
52.11536,4.44188,NL,Netherlands,Voorschoten,,1,5.0
52.114573,5.131981,NL,Netherlands,Utrecht,,2,11.0
52.111369,5.015394,NL,Netherlands,Utrecht,,2,11.0
52.109341,5.102455,NL,Netherlands,Utrecht,,2,11.0
52.10775,5.06958,NL,Netherlands,Utrecht,,2,11.0
52.105315,5.121636,NL,Netherlands,Utrecht,,2,11.0
52.104795,5.170843,NL,Netherlands,De Bilt,,2,11.0
52.104101,5.115798,NL,Netherlands,Utrecht,,2,11.0
52.10273,6.64483,NL,Netherlands,Berkelland,,2,11.0
52.101844,5.034863,NL,Netherlands,Utrecht,,2,11.0
52.098898,5.081631,NL,Netherlands,Utrecht,,2,11.0
52.09813,5.10029,NL,Netherlands,Utrecht,,1,5.0
52.096312,5.121199,NL,Netherlands,Utrecht,,2,11.0
52.095566,4.580658,NL,Netherlands,Alphen aan den Rijn,,2,11.0
52.094337,5.119756,NL,Netherlands,Utrecht,,2,11.0
52.091188,4.996366,NL,Netherlands,Utrecht,,2,11.0
52.091003,5.06184,NL,Netherlands,Utrecht,,2,11.0
52.089883,4.360722,NL,Netherlands,Den Haag,,1,11.0
52.087008,4.253981,NL,Netherlands,Den Haag,,2,11.0
52.084583,4.290817,NL,Netherlands,Den Haag,,2,11.0
52.079863,4.2684,NL,Netherlands,Den Haag,,1,11.0
52.078603,5.018398,NL,Netherlands,Utrecht,,2,11.0
52.07695,5.150506,NL,Netherlands,Utrecht,,2,11.0
52.075791,4.669203,NL,Netherlands,Alphen aan den Rijn,,2,11.0
52.07518,4.893814,NL,Netherlands,Woerden,,2,11.0
52.073613,5.132978,NL,Netherlands,Utrecht,,2,11.0
52.071005,5.261494,NL,Netherlands,Zeist,,4,22.0
52.066401,5.104642,NL,Netherlands,Utrecht,,2,11.0
52.066269,4.246603,NL,Netherlands,Den Haag,,2,11.0
52.06599,5.57503,NL,Netherlands,Ede,,1,5.0
52.065681,5.098051,NL,Netherlands,Utrecht,,2,11.0
52.065581,4.407169,NL,Netherlands,Den Haag,,2,11.0
52.06551,5.1425,NL,Netherlands,Utrecht,,2,11.0
52.063037,4.491391,NL,Netherlands,Zoetermeer,,3,11.0
52.060677,4.408037,NL,Netherlands,Den Haag,,1,11.0
52.060214,4.246205,NL,Netherlands,Den Haag,,1,11.0
52.060083,4.820532,NL,Netherlands,Bodegraven-Reeuwijk,,1,22.0
52.059949,4.263696,NL,Netherlands,Den Haag,,1,11.0
52.058926,4.301278,NL,Netherlands,Den Haag,,1,11.0
52.054303,4.269275,NL,Netherlands,Den Haag,,1,11.0
52.052436,4.31284,NL,Netherlands,Den Haag,,2,11.0
52.051538,4.250868,NL,Netherlands,Den Haag,,1,11.0
52.04004,6.62022,NL,Netherlands,Oost Gelre,,2,11.0
52.03661,4.49242,NL,Netherlands,Zoetermeer,,1,5.0
52.033207,5.415499,NL,Netherlands,Utrechtse Heuvelrug,,1,11.0
52.030312,4.530741,NL,Netherlands,Lansingerland,,2,22.0
52.0299,5.08332,NL,Netherlands,Nieuwegein,,2,11.0
52.02302,4.27835,NL,Netherlands,Westland,,1,5.0
52.02217,5.58532,NL,Netherlands,Veenendaal,,2,11.0
52.02137,5.14909,NL,Netherlands,Houten,,2,11.0
52.01715,5.66112,NL,Netherlands,Ede,,2,11.0
52.016516,5.107629,NL,Netherlands,Nieuwegein,,1,22.0
52.012144,5.009872,NL,Netherlands,Lopik,,1,5.0
52.00872,5.04354,NL,Netherlands,IJsselstein,,1,5.0
51.99926,5.67965,NL,Netherlands,Ede,,2,11.0
51.995318,5.093375,NL,Netherlands,Vianen,,2,11.0
51.991831,5.888988,NL,Netherlands,Arnhem,,2,11.0
51.990557,4.452767,NL,Netherlands,Lansingerland,,2,22.0
51.986453,4.345366,NL,Netherlands,Delft,,1,11.0
51.985256,4.216653,NL,Netherlands,Westland,,1,3.7
51.98519,5.64466,NL,Netherlands,Wageningen,,3,11.0
51.984398,5.666611,NL,Netherlands,Wageningen,,3,11.0
51.983968,5.942541,NL,Netherlands,Arnhem,,2,11.0
51.98077,4.58967,NL,Netherlands,Rotterdam,,2,11.0
51.97841,5.73922,NL,Netherlands,Renkum,,1,5.0
51.97458,4.22268,NL,Netherlands,Westland,,2,11.0
51.97381,4.22726,NL,Netherlands,Westland,,1,11.0
51.96912,4.5816,NL,Netherlands,Rotterdam,,4,11.0
51.96569,5.03111,NL,Netherlands,Zederik,,1,5.0
59.918068,10.733192,NO,Norway,Oslo,,8,12.7
59.94768,10.77392,NO,Norway,Oslo,,2,60.0
59.910985,10.723152,NO,Norway,Oslo,,1,22.0
68.152364,14.209887,NO,Norway,Henningsvær,,1,7.4
59.924014,10.726207,NO,Norway,,,1,250.0
59.950387,10.737762,NO,Norway,,,1,250.0
59.018794,8.52385,NO,Norway,,,1,250.0
59.480735,8.635637,NO,Norway,,,1,250.0
60.04029,9.154958,NO,Norway,,,1,250.0
60.425368,7.247336,NO,Norway,Eidfjord,,1,250.0
60.828263,7.507164,NO,Norway,Aurland,,1,250.0
60.910277,10.812076,NO,Norway,Innlandet,,1,250.0
61.130107,11.375506,NO,Norway,"Rena, Åmot",,1,250.0
61.309643,7.806889,NO,Norway,Årdal,,1,250.0
61.453994,10.189207,NO,Norway,Fåvang,,1,250.0
61.912414,5.9805,NO,Norway,Nordfjordeid,,1,250.0
62.622466,7.089419,NO,Norway,Vestnes,,1,250.0
62.656931,9.88167,NO,Norway,Oppdal,,1,250.0
70.041115,22.953311,NO,Norway,TALVIK,,7,350.0
69.968452,23.272382,NO,Norway,ALTA,,3,7.4
69.680489,18.990959,NO,Norway,TROMSØ,,1,7.4
69.21788,19.55996,NO,Norway,NORDKJOSBOTN,,4,0.0
68.86175,18.34888,NO,Norway,BARDU,,4,0.0
68.272286,13.936212,NO,Norway,BØSTAD,,8,350.0
67.93493,13.08915,NO,Norway,REINE,,9,50.0
67.286957,14.398859,NO,Norway,BODØ,,2,43.0
67.25832,15.39623,NO,Norway,FAUSKE,,6,150.0
67.133848,16.070449,NO,Norway,SULITJELMA,,7,150.0
67.116589,15.003769,NO,Norway,MISVÆR,,5,50.0
65.466968,12.210664,NO,Norway,BRØNNØYSUND,,2,50.0
65.46051,12.2081,NO,Norway,BRØNNØYSUND,,8,22.0
65.089093,12.375074,NO,Norway,TERRÅK,,7,150.0
64.00964,11.49307,NO,Norway,STEINKJER,,6,350.0
64.009585,11.494234,NO,Norway,STEINKJER,,4,0.0
63.848233,11.401814,NO,Norway,INDERØY,,9,350.0
63.588768,10.739415,NO,Norway,FROSTA,,7,150.0
63.44774,10.91273,NO,Norway,STJØRDAL,,1,250.0
63.367783,10.380193,NO,Norway,TILLER,,2,11.0
63.29704,9.84589,NO,Norway,ORKANGER,,11,150.0
63.295153,10.291972,NO,Norway,MELHUS,,1,22.0
62.82903,10.01144,NO,Norway,RENNEBU,,8,150.0
62.59281,9.68683,NO,Norway,OPPDAL,,6,0.0
62.270597,10.775762,NO,Norway,TYNSET,,8,43.0
61.8825,8.26814,NO,Norway,SKJÅK,,12,0.0
61.8265,8.98084,NO,Norway,TESSANDEN,,1,7.4
61.637023,8.309198,NO,Norway,LOM,,5,150.0
61.53012,10.1456,NO,Norway,RINGEBU,,4,0.0
61.52395,9.40598,NO,Norway,SKÅBU,,4,7.4
61.4683,9.45977,NO,Norway,ESPEDALEN,,4,7.4
61.453106,5.848085,NO,Norway,FØRDE,,8,7.4
61.31436,12.25588,NO,Norway,TRYSIL,,6,135.0
61.304248,12.235485,NO,Norway,TRYSIL,,1,3.7
61.24865,8.90289,NO,Norway,BEITOSTØLEN,,8,0.0
61.24453,10.456683,NO,Norway,ØYER,,4,7.4
61.217209,6.074519,NO,Norway,HØYANGER,,11,7.4
61.045835,7.622087,NO,Norway,LÆRDAL,,7,50.0
60.97116,9.28798,NO,Norway,LEIRA I VALDRES,,8,50.0
60.957029,10.621983,NO,Norway,BIRI,,9,50.0
60.921931,8.43681,NO,Norway,HEMSEDAL,,2,7.4
60.786934,11.133027,NO,Norway,OTTESTAD,,6,0.0
60.658701,6.437333,NO,Norway,SKULESTADMO,,4,0.0
60.61355,12.018973,NO,Norway,FLISA,,1,22.0
60.58334,5.79685,NO,Norway,DALEKVAM,,20,350.0
60.556252,6.92713,NO,Norway,ULVIK,,1,3.7
60.474639,5.334233,NO,Norway,NYBORG,,2,7.4
60.437931,5.322563,NO,Norway,ØVRE ERVIK,,4,0.0
60.38845,5.328056,NO,Norway,BERGEN,,29,22.0
60.367724,5.358127,NO,Norway,BERGEN,,13,22.0
60.361446,5.234405,NO,Norway,LODDEFJORD,,6,150.0
60.281977,5.317746,NO,Norway,RÅDAL,,2,350.0
60.247022,5.743701,NO,Norway,EIKELANDSOSEN,,2,7.4
60.24607,9.35525,NO,Norway,EGGEDAL,,1,250.0
60.220858,11.019722,NO,Norway,NANNESTAD,,4,43.0
60.20128,11.97752,NO,Norway,KONGSVINGER,,12,50.0
60.192025,11.995373,NO,Norway,KONGSVINGER,,20,350.0
60.187302,11.066119,NO,Norway,GARDERMOEN,,6,22.0
60.00007,11.04253,NO,Norway,SKEDSMOKORSET,,6,0.0
59.967165,11.054961,NO,Norway,KJELLER,,2,7.4
59.963865,10.998725,NO,Norway,SKJETTEN,,4,7.4
59.962371,10.642075,NO,Norway,OSLO,,9,50.0
59.959486,11.058555,NO,Norway,LILLESTRØM,,6,43.0
59.947298,10.878391,NO,Norway,OSLO,,6,0.0
59.942956,10.509906,NO,Norway,BÆRUMS VERK,,10,43.0
59.937536,10.93627,NO,Norway,LØRENSKOG,,2,7.4
59.92756,10.95837,NO,Norway,LØRENSKOG,,12,50.0
59.92512,10.80236,NO,Norway,OSLO,,6,100.0
59.91857,10.68673,NO,Norway,OSLO,,6,0.0
59.895484,9.931781,NO,Norway,ÅMOT,,4,7.4
59.86138,5.75695,NO,Norway,HUSNES,,2,7.4
59.838128,10.643075,NO,Norway,BJØRNEMYR,,3,43.0
59.791989,10.695732,NO,Norway,NESODDEN,,2,7.4
59.786313,10.244201,NO,Norway,LIER,,4,7.4
59.773075,9.903449,NO,Norway,HOKKSUND,,4,7.4
59.757344,10.121334,NO,Norway,DRAMMEN,,4,43.0
59.739619,10.768229,NO,Norway,VINTERBRO,,16,350.0
59.73362,10.77497,NO,Norway,VINTERBRO,,6,0.0
59.566486,10.576932,NO,Norway,FILTVET,,1,22.0
59.436775,10.675246,NO,Norway,MOSS,,3,11.0
59.425306,11.009851,NO,Norway,SVINNDAL,,7,150.0
59.4171,10.67328,NO,Norway,MOSS,,6,0.0
59.396678,5.324987,NO,Norway,HAUGESUND,,6,0.0
59.34724,5.27325,NO,Norway,AVALDSNES,,2,0.0
59.324954,10.954292,NO,Norway,GREÅKER,,8,150.0
59.31217,4.88692,NO,Norway,UTSIRA,,1,11.0
59.247696,5.472352,NO,Norway,BOKN,,7,150.0
59.15062,5.258,NO,Norway,SKUDENESHAVN,,4,7.4
59.13602,10.21325,NO,Norway,SANDEFJORD,,4,0.0
59.129842,11.364552,NO,Norway,HALDEN,,4,22.0
59.110288,10.910816,NO,Norway,VESTERØY,,6,150.0
58.94507,5.72594,NO,Norway,STAVANGER,,4,0.0
58.896644,5.693047,NO,Norway,STAVANGER,,30,43.0
58.888143,5.649158,NO,Norway,SØGNE,,1,0.0
58.88291,5.64932,NO,Norway,SOLA,,1,22.0
58.765094,8.482991,NO,Norway,ÅMLI,,5,50.0
58.74772,8.862147,NO,Norway,VEGÅRSHEI,,7,150.0
58.74708,8.50945,NO,Norway,ÅMLI,,4,7.4
58.485039,5.999508,NO,Norway,EGERSUND,,2,22.0
58.27205,7.9711,NO,Norway,VENNESLA,,5,150.0
58.1799,8.14478,NO,Norway,KRISTIANSAND S,,13,11.0
58.17661,8.13696,NO,Norway,KRISTIANSAND S,,12,0.0
58.12468,7.04819,NO,Norway,LYNGDAL,,1,22.0
58.12464,7.959961,NO,Norway,KRISTIANSAND S,,7,43.0
58.12394,7.05128,NO,Norway,LYNGDAL,,4,22.0
69.322529,16.123742,NO,Norway,Andenes,,2,7.4
70.98253,25.96753,NO,Norway,HONNINGSVÅG,,4,0.0
70.67962,23.67549,NO,Norway,HAMMERFEST,,2,22.0
70.06614,24.98319,NO,Norway,LAKSELV,,6,22.0
70.0638,29.83622,NO,Norway,VADSØ,,6,7.4
70.03606,20.981841,NO,Norway,SKJERVØY,,7,150.0
69.97673,23.3488,NO,Norway,ALTA,,6,22.0
69.96418,23.27318,NO,Norway,ALTA,,4,0.0
69.68158,18.99439,NO,Norway,TROMSØ,,6,0.0
69.67994,18.90591,NO,Norway,TROMSØ,,17,22.0
69.50806,17.90629,NO,Norway,BOTNHAMN,,1,7.4
69.363311,17.052841,NO,Norway,GRYLLEFJORD,,6,350.0
69.142705,18.59822,NO,Norway,MOEN,,7,50.0
69.093298,17.703148,NO,Norway,BRØSTADBOTN,,7,150.0
69.083843,17.170537,NO,Norway,STONGLANDSEIDET,,6,100.0
69.0651,18.51226,NO,Norway,BARDUFOSS,,9,150.0
69.06044,18.53654,NO,Norway,BARDUFOSS,,6,7.4
68.877339,18.356173,NO,Norway,BARDU,,10,50.0
68.78211,16.596666,NO,Norway,HARSTAD,,2,22.0
68.772636,16.16825,NO,Norway,BORKENES,,2,50.0
68.69826,15.41849,NO,Norway,SORTLAND,,8,22.0
68.625114,16.590478,NO,Norway,EVENSKJER,,4,100.0
68.57422,16.50791,NO,Norway,SANDTORG,,2,350.0
68.5673,14.9144,NO,Norway,STOKMARKNES,,10,22.0
68.49147,16.68987,NO,Norway,EVENES,,52,7.4
68.490297,17.97914,NO,Norway,NARVIK,,6,50.0
68.43795,17.42155,NO,Norway,NARVIK,,10,150.0
68.15331,13.61437,NO,Norway,LEKNES,,4,7.4
68.117501,15.872362,NO,Norway,ULVSVÅG,,1,350.0
67.934833,13.094056,NO,Norway,REINE,,1,250.0
67.898196,15.197798,NO,Norway,BOGØY,,3,50.0
67.77662,15.018676,NO,Norway,LEINESFJORD,,7,50.0
67.29174,14.40516,NO,Norway,BODØ,,3,0.0
67.22058,14.61802,NO,Norway,SALTSTRAUMEN,,3,7.4
67.087526,15.373214,NO,Norway,ROGNAN,,2,50.0
66.986689,14.04286,NO,Norway,INNDYR,,7,150.0
66.86818,13.703568,NO,Norway,ØRNES,,1,250.0
66.814202,13.96731,NO,Norway,GLOMFJORD,,2,50.0
66.36487,14.30369,NO,Norway,SKONSENG,,2,7.4
66.319588,14.139372,NO,Norway,MO I RANA,,2,22.0
66.105429,12.476108,NO,Norway,DØNNA,,4,7.4
66.065386,12.933751,NO,Norway,LEIRFJORD,,8,150.0
66.022504,12.638045,NO,Norway,SANDNESSJØEN,,8,22.0
65.95967,12.47663,NO,Norway,SANDNESSJØEN,,2,22.0
65.825319,12.424185,NO,Norway,TJØTTA,,1,43.0
65.67624,11.96025,NO,Norway,VEGA,,2,22.0
64.847401,13.014617,NO,Norway,BREKKVASSELV,,8,0.0
64.625968,12.298666,NO,Norway,HØYLANDET,,7,150.0
63.96157,10.22481,NO,Norway,ÅFJORD,,10,22.0
63.86767,11.29367,NO,Norway,INDERØY,,1,3.7
63.79182,11.48635,NO,Norway,VERDAL,,8,43.0
63.735039,11.281991,NO,Norway,LEVANGER,,9,50.0
63.67841,10.62052,NO,Norway,LEKSVIK,,1,11.0
63.58438,9.9595,NO,Norway,RISSA,,1,22.0
63.47313,10.90508,NO,Norway,STJØRDAL,,26,22.0
63.468949,10.926166,NO,Norway,STJØRDAL,,8,22.0
63.45318,10.9183,NO,Norway,STJØRDAL,,58,22.0
63.450527,10.312613,NO,Norway,TRONDHEIM,,1,22.0
63.440777,10.462943,NO,Norway,TRONDHEIM,,6,11.0
63.424355,10.534581,NO,Norway,RANHEIM,,8,50.0
63.409291,10.390251,NO,Norway,TRONDHEIM,,24,22.0
63.406117,10.358416,NO,Norway,TRONDHEIM,,8,150.0
63.40542,9.53543,NO,Norway,SNILLFJORD,,5,50.0
63.399897,10.408708,NO,Norway,TRONDHEIM,,8,22.0
63.399122,10.406433,NO,Norway,TRONDHEIM,,6,22.0
63.39741,10.35877,NO,Norway,TRONDHEIM,,2,0.0
63.39633,10.363131,NO,Norway,TRONDHEIM,,1,22.0
63.330207,10.37475,NO,Norway,TILLER,,8,22.0
63.308221,10.173305,NO,Norway,BUVIKA,,4,0.0
63.307931,10.426902,NO,Norway,TANEM,,4,22.0
63.305695,10.466633,NO,Norway,KLÆBU,,6,22.0
63.30167,9.84707,NO,Norway,ORKANGER,,5,22.0
63.301199,10.483088,NO,Norway,KLÆBU,,6,50.0
63.2659,9.80374,NO,Norway,FANNREM,,4,350.0
63.11435,7.82437,NO,Norway,KRISTIANSUND N,,10,22.0
63.01007,7.43342,NO,Norway,AVERØY,,6,350.0
62.674027,8.56511,NO,Norway,SUNNDALSØRA,,7,50.0
62.55842,6.11749,NO,Norway,VIGRA,,24,22.0
62.55777,7.68731,NO,Norway,ÅNDALSNES,,6,350.0
62.493559,6.608751,NO,Norway,SKODJE,,13,22.0
62.493117,6.611842,NO,Norway,SKODJE,,10,22.0
62.409982,10.990917,NO,Norway,TOLGA,,7,150.0
62.40349,5.65208,NO,Norway,RUNDE,,4,22.0
62.2844,6.6771,NO,Norway,STRAUMGJERDE,,2,22.0
62.18011,6.08068,NO,Norway,HOVDEBYGDA,,4,22.0
62.16296,11.94386,NO,Norway,ELGÅ,,4,7.4
62.146855,6.088733,NO,Norway,VOLDA,,8,50.0
61.97008,11.95991,NO,Norway,DREVSJØ,,2,7.4
61.88371,12.02813,NO,Norway,DREVSJØ,,4,7.4
61.86529,8.765858,NO,Norway,GARMO,,2,7.4
61.631328,7.266349,NO,Norway,JOSTEDAL,,4,11.0
61.59489,9.73301,NO,Norway,VINSTRA,,6,0.0
61.515102,5.727344,NO,Norway,NAUSTDAL,,4,7.4
61.45473,5.860055,NO,Norway,FØRDE,,1,3.7
61.45446,5.86468,NO,Norway,FØRDE,,16,7.4
61.453833,5.867772,NO,Norway,FØRDE,,1,11.0
61.452515,5.860721,NO,Norway,FØRDE,,6,7.4
61.39045,5.76347,NO,Norway,BYGSTAD,,6,7.4
61.36606,5.40411,NO,Norway,DALE I SUNNFJORD,,4,7.4
61.362574,5.389335,NO,Norway,DALE I SUNNFJORD,,4,7.4
61.362479,5.393776,NO,Norway,DALE I SUNNFJORD,,1,3.7
61.354563,5.401645,NO,Norway,DALE I SUNNFJORD,,4,22.0
61.32765,8.79898,NO,Norway,BEITOSTØLEN,,10,7.4
61.30164,7.24697,NO,Norway,SOLVORN,,6,7.4
61.301223,11.764672,NO,Norway,OSEN,,7,150.0
61.249545,8.906529,NO,Norway,BEITOSTØLEN,,20,22.0
61.248594,8.908722,NO,Norway,BEITOSTØLEN,,10,150.0
61.20647,7.16649,NO,Norway,SOGNDAL,,3,11.0
61.1774,10.6112,NO,Norway,LILLEHAMMER,,12,7.4
61.153172,10.693676,NO,Norway,SJUSJØEN,,1,22.0
61.131329,11.369983,NO,Norway,RENA,,7,50.0
61.114455,10.447287,NO,Norway,LILLEHAMMER,,18,150.0
60.99191,8.97094,NO,Norway,RØN,,4,22.0
60.94605,10.63613,NO,Norway,BIRI,,4,7.4
60.93358,9.63345,NO,Norway,ETNEDAL,,7,150.0
60.923475,10.701245,NO,Norway,MOELV,,5,50.0
60.902946,7.200481,NO,Norway,AURLAND,,8,7.4
60.88625,10.67669,NO,Norway,GJØVIK,,2,7.4
60.88503,10.945444,NO,Norway,BRUMUNDDAL,,6,150.0
60.88015,11.563249,NO,Norway,ELVERUM,,6,50.0
60.879427,6.845237,NO,Norway,GUDVANGEN,,1,250.0
60.862436,8.566639,NO,Norway,HEMSEDAL,,3,7.4
60.86136,8.56343,NO,Norway,HEMSEDAL,,46,43.0
60.861046,8.566058,NO,Norway,HEMSEDAL,,1,7.4
60.788702,4.93689,NO,Norway,AUSTRHEIM,,4,3.7
60.786428,11.125841,NO,Norway,OTTESTAD,,6,0.0
60.740215,5.161574,NO,Norway,LINDÅS,,4,22.0
60.733762,5.168797,NO,Norway,LINDÅS,,4,22.0
60.73289,10.61595,NO,Norway,RAUFOSS,,4,0.0
60.71894,10.29362,NO,Norway,FLUBERG,,5,11.0
60.71608,6.88953,NO,Norway,VOSS,,2,7.4
60.700131,8.948422,NO,Norway,GOL,,10,11.0
60.700067,8.949668,NO,Norway,GOL,,15,43.0
60.650539,6.436735,NO,Norway,SKULESTADMO,,4,7.4
60.640776,5.038856,NO,Norway,MANGER,,4,7.4
60.63268,11.30242,NO,Norway,TANGEN,,6,135.0
60.627181,6.425865,NO,Norway,VOSS,,4,7.4
60.619335,12.009866,NO,Norway,FLISA,,3,22.0
60.611196,12.005215,NO,Norway,FLISA,,5,22.0
60.58431,9.98456,NO,Norway,NES I ÅDAL,,12,350.0
60.56737,5.23481,NO,Norway,ALVERSUND,,6,22.0
60.51411,5.3323,NO,Norway,HORDVIK,,8,50.0
60.475515,5.742218,NO,Norway,VAKSDAL,,1,11.0
60.4727,5.33511,NO,Norway,NYBORG,,8,50.0
60.46377,12.06158,NO,Norway,KIRKENÆR,,12,350.0
60.455175,10.645038,NO,Norway,JAREN,,7,150.0
60.45235,5.40372,NO,Norway,YTRE ARNA,,2,0.0
60.43768,5.31775,NO,Norway,EIDSVÅG I ÅSANE,,6,7.4
60.417845,12.401803,NO,Norway,GRUE FINNSKOG,,7,150.0
60.41773,5.30373,NO,Norway,BERGEN,,2,11.0
60.392789,11.541711,NO,Norway,SAGSTUA,,7,150.0
60.384797,5.310568,NO,Norway,LAKSEVÅG,,4,22.0
60.384108,5.311363,NO,Norway,LAKSEVÅG,,16,22.0
60.382033,5.317394,NO,Norway,BERGEN,,6,22.0
60.381051,5.202602,NO,Norway,GODVIK,,6,7.4
60.378943,5.334308,NO,Norway,BERGEN,,26,22.0
60.378858,5.340555,NO,Norway,BERGEN,,4,7.4
60.376148,5.208499,NO,Norway,GODVIK,,5,7.4
60.354421,5.125236,NO,Norway,STRAUME,,6,22.0
60.354076,10.574173,NO,Norway,GRAN,,6,150.0
60.350223,5.277627,NO,Norway,FYLLINGSDALEN,,30,22.0
60.3386,5.321166,NO,Norway,BØNES,,4,7.4
60.324632,5.362759,NO,Norway,NESTTUN,,13,11.0
60.319473,5.367568,NO,Norway,NESTTUN,,3,3.7
60.319347,5.353933,NO,Norway,NESTTUN,,10,7.4
60.295989,5.242453,NO,Norway,KOKSTAD,,12,7.4
60.29117,5.22523,NO,Norway,BLOMSTERDALEN,,2,11.0
60.28897,5.22636,NO,Norway,BLOMSTERDALEN,,8,22.0
60.287675,10.627375,NO,Norway,ROA,,9,150.0
60.28488,5.23367,NO,Norway,BLOMSTERDALEN,,44,22.0
60.277132,5.228703,NO,Norway,BLOMSTERDALEN,,1,22.0
60.275854,5.23329,NO,Norway,BLOMSTERDALEN,,6,22.0
60.27468,5.336433,NO,Norway,FANA,,1,7.4
60.269491,8.751201,NO,Norway,UVDAL,,4,50.0
60.2618,5.091534,NO,Norway,SKOGSVÅG,,2,3.7
60.256684,11.674953,NO,Norway,SKARNES,,8,50.0
60.239561,5.749193,NO,Norway,EIKELANDSOSEN,,5,7.4
60.222217,9.563948,NO,Norway,NORESUND,,5,43.0
60.204634,10.232874,NO,Norway,HØNEFOSS,,4,43.0
60.199229,5.487457,NO,Norway,OS,,10,22.0
60.196391,5.443375,NO,Norway,OS,,12,43.0
60.195077,5.459083,NO,Norway,OS,,2,7.4
60.190129,10.318873,NO,Norway,HØNEFOSS,,1,22.0
60.188036,5.469637,NO,Norway,OS,,13,22.0
60.186823,5.467805,NO,Norway,OS,,8,7.4
60.186606,5.479277,NO,Norway,OS,,4,22.0
60.182546,10.266004,NO,Norway,HØNEFOSS,,6,43.0
60.178786,5.417624,NO,Norway,HAGAVIK,,4,22.0
60.161596,5.44256,NO,Norway,OS,,4,11.0
60.15304,10.24896,NO,Norway,HØNEFOSS,,6,0.0
60.124249,11.479492,NO,Norway,ÅRNES,,4,7.4
60.056673,6.546703,NO,Norway,ODDA,,4,7.4
60.0351,11.18802,NO,Norway,SØRUM,,2,0.0
60.000951,11.034876,NO,Norway,SKEDSMOKORSET,,2,7.4
59.98498,12.13574,NO,Norway,SKOTTERUD,,2,7.4
59.98479,11.242636,NO,Norway,SØRUMSAND,,5,7.4
59.980352,11.01025,NO,Norway,KJELLER,,8,50.0
59.97855,9.99179,NO,Norway,VIKERSUND,,8,135.0
59.963255,10.661846,NO,Norway,OSLO,,49,11.0
59.960418,11.049469,NO,Norway,LILLESTRØM,,1,7.4
59.960239,11.058227,NO,Norway,LILLESTRØM,,4,43.0
59.958184,11.054404,NO,Norway,LILLESTRØM,,2,7.4
59.94951,10.73187,NO,Norway,OSLO,,9,50.0
59.949216,10.76582,NO,Norway,OSLO,,36,22.0
59.94349,10.83722,NO,Norway,OSLO,,4,0.0
59.93404,12.22735,NO,Norway,MAGNOR,,1,350.0
59.933847,10.986295,NO,Norway,LØRENSKOG,,4,50.0
59.932896,11.060086,NO,Norway,FJERDINGBY,,1,22.0
59.930366,9.971074,NO,Norway,GEITHUS,,2,7.4
59.926856,10.79555,NO,Norway,OSLO,,5,22.0
59.921947,11.167029,NO,Norway,FETSUND,,6,22.0
59.920038,5.321953,NO,Norway,FITJAR,,2,7.4
59.918098,10.634532,NO,Norway,OSLO,,16,350.0
59.91616,9.96717,NO,Norway,GEITHUS,,2,22.0
59.90913,10.75475,NO,Norway,OSLO,,4,11.0
59.9029,10.82226,NO,Norway,OSLO,,28,350.0
59.89294,10.81879,NO,Norway,OSLO,,1,3.7
59.884202,11.55585,NO,Norway,BJØRKELANGEN,,4,22.0
59.8842,11.56214,NO,Norway,BJØRKELANGEN,,12,22.0
59.875597,11.219332,NO,Norway,GAN,,6,22.0
59.850381,5.744609,NO,Norway,HUSNES,,8,7.4
59.840525,10.676758,NO,Norway,NESODDEN,,4,7.4
59.833146,10.64042,NO,Norway,BJØRNEMYR,,1,3.7
59.831989,10.438624,NO,Norway,ASKER,,4,7.4
59.826921,10.445575,NO,Norway,ASKER,,2,3.7
59.820653,10.813859,NO,Norway,TÅRNÅSEN,,4,7.4
59.80788,10.688431,NO,Norway,NESODDEN,,1,3.7
59.793281,5.189609,NO,Norway,BREMNES,,2,43.0
59.792341,10.262443,NO,Norway,LIER,,4,22.0
59.790007,10.240792,NO,Norway,LIER,,4,7.4
59.783142,10.444955,NO,Norway,HEGGEDAL,,1,11.0
59.781156,9.923264,NO,Norway,HOKKSUND,,1,43.0
59.77663,5.49251,NO,Norway,STORD,,2,11.0
59.77552,5.48737,NO,Norway,STORD,,12,0.0
59.770835,10.852095,NO,Norway,LANGHUS,,8,22.0
59.76231,9.89828,NO,Norway,HOKKSUND,,4,0.0
59.758404,10.840738,NO,Norway,LANGHUS,,22,22.0
59.7583,9.99558,NO,Norway,KROKSTADELVA,,12,0.0
59.755856,9.983405,NO,Norway,STEINBERG,,5,50.0
59.75454,10.2558,NO,Norway,LIERSTRANDA,,6,150.0
59.75117,10.232661,NO,Norway,LIER,,4,22.0
59.74705,10.39498,NO,Norway,RØYKEN,,4,150.0
59.745977,11.806555,NO,Norway,RØMSKOG,,1,22.0
59.737135,10.197909,NO,Norway,DRAMMEN,,4,7.4
59.736838,10.208012,NO,Norway,DRAMMEN,,6,7.4
59.731101,10.220818,NO,Norway,DRAMMEN,,8,22.0
59.717924,11.451381,NO,Norway,HEMNES,,8,22.0
59.684304,10.521489,NO,Norway,SÆTRE,,1,22.0
59.668151,10.800751,NO,Norway,ÅS,,4,3.7
59.663059,10.79815,NO,Norway,ÅS,,5,22.0
59.652834,10.584633,NO,Norway,SÆTRE,,1,22.0
59.6518,9.650734,NO,Norway,KONGSBERG,,14,43.0
59.6305,8.40368,NO,Norway,ÅMOTSDAL,,5,100.0
59.625048,9.629871,NO,Norway,KONGSBERG,,2,0.0
59.585273,10.740064,NO,Norway,VESTBY,,2,22.0
59.5843,11.16157,NO,Norway,ASKIM,,10,22.0
59.567316,9.215535,NO,Norway,NOTODDEN,,9,50.0
59.566566,9.215144,NO,Norway,NOTODDEN,,4,0.0
59.449503,10.741093,NO,Norway,MOSS,,10,22.0
59.437847,10.699491,NO,Norway,MOSS,,6,22.0
59.43725,10.645236,NO,Norway,MOSS,,30,11.0
59.42714,10.66072,NO,Norway,MOSS,,2,0.0
59.423457,10.365451,NO,Norway,NYKIRKE,,21,50.0
59.393276,5.327705,NO,Norway,HAUGESUND,,3,22.0
59.368567,10.682424,NO,Norway,DILLING,,16,7.4
59.352058,10.870189,NO,Norway,RÅDE,,10,7.4
59.284658,11.109581,NO,Norway,SARPSBORG,,2,7.4
59.283415,10.331788,NO,Norway,SEM,,6,50.0
59.274699,10.435731,NO,Norway,TØNSBERG,,6,43.0
59.273006,10.425445,NO,Norway,TØNSBERG,,9,50.0
59.273004,11.13782,NO,Norway,BORGENHAUGEN,,20,22.0
59.250116,10.286605,NO,Norway,STOKKE,,8,0.0
59.245322,10.262634,NO,Norway,STOKKE,,4,22.0
59.185083,8.090541,NO,Norway,FYRESDAL,,6,50.0
59.16443,9.63484,NO,Norway,SKIEN,,4,0.0
59.139311,11.286051,NO,Norway,HALDEN,,32,22.0
59.138039,11.393277,NO,Norway,HALDEN,,1,22.0
59.134955,10.178498,NO,Norway,SANDEFJORD,,2,7.4
59.125966,11.387191,NO,Norway,HALDEN,,12,50.0
59.09443,7.45017,NO,Norway,RYSSTAD,,20,7.4
59.0877,9.82187,NO,Norway,LANGANGEN,,24,150.0
59.079339,10.063873,NO,Norway,LARVIK,,6,22.0
59.057765,5.417054,NO,Norway,KVITSØY,,2,11.0
59.01229,6.937658,NO,Norway,TJØRHOM,,6,50.0
58.929449,5.849329,NO,Norway,HOMMERSÅK,,6,50.0
58.89567,9.28589,NO,Norway,SANNIDAL,,4,0.0
58.88465,5.62489,NO,Norway,SOLA,,90,22.0
58.85647,5.71425,NO,Norway,SANDNES,,4,0.0
58.85457,5.77036,NO,Norway,SANDNES,,4,0.0
58.82432,9.07318,NO,Norway,SUNDEBRU,,2,3.7
58.821907,9.074651,NO,Norway,SUNDEBRU,,12,50.0
58.79712,8.79986,NO,Norway,VEGÅRSHEI,,2,7.4
58.720603,9.227829,NO,Norway,RISØR,,7,150.0
58.72057,9.23669,NO,Norway,RISØR,,3,7.4
58.72039,9.23771,NO,Norway,RISØR,,3,7.4
58.69178,9.16477,NO,Norway,RISØR,,6,7.4
58.62982,7.80339,NO,Norway,EVJE,,2,22.0
58.467224,8.755588,NO,Norway,ARENDAL,,8,11.0
58.46677,8.76084,NO,Norway,ARENDAL,,6,22.0
58.461006,7.230348,NO,Norway,EIKEN,,4,43.0
58.29582,6.66364,NO,Norway,FLEKKEFJORD,,4,7.4
58.270863,7.968585,NO,Norway,VENNESLA,,6,150.0
58.26762,8.395691,NO,Norway,LILLESAND,,8,0.0
58.267091,8.396652,NO,Norway,LILLESAND,,12,0.0
58.26497,8.49106,NO,Norway,GRIMSTAD,,5,11.0
58.20332,8.073,NO,Norway,KJEVIK,,32,22.0
58.20267,8.07274,NO,Norway,KJEVIK,,10,22.0
58.15336,8.02899,NO,Norway,KRISTIANSAND S,,8,3.7
58.13577,7.9514,NO,Norway,KRISTIANSAND S,,4,7.4
58.07378,7.82275,NO,Norway,SØGNE,,4,7.4
58.00857,7.57802,NO,Norway,MANDAL,,6,22.0
57.985248,7.048656,NO,Norway,LINDESNES,,10,7.4
63.421224,10.469633,NO,Norway,Trondheim,,7,7.0
63.405863,10.398118,NO,Norway,Trondheim,,6,7.0
62.745534,7.162066,NO,Norway,Molde,,1,0.0
69.317484,16.130702,NO,Norway,ANDENES,,2,50.0
69.215435,19.553754,NO,Norway,NORDKJOSBOTN,,10,150.0
68.915134,15.10071,NO,Norway,MYRE,,7,150.0
68.781378,16.568173,NO,Norway,HARSTAD,,9,150.0
68.50344,14.806003,NO,Norway,MELBU,,2,50.0
68.496306,16.700471,NO,Norway,EVENES,,4,150.0
68.33572,16.81432,NO,Norway,BALLANGEN,,4,0.0
68.236181,14.565289,NO,Norway,SVOLVÆR,,2,50.0
68.083471,15.6241,NO,Norway,HAMARØY,,2,50.0
67.88013,12.98457,NO,Norway,SØRVÅGEN,,4,7.4
67.274887,14.404418,NO,Norway,BODØ,,6,50.0
66.98229,15.314044,NO,Norway,RØKLAND,,4,0.0
66.698144,13.422769,NO,Norway,TJONGSFJORDEN,,2,7.4
66.151398,12.727254,NO,Norway,LØKTA,,2,22.0
64.886492,13.55841,NO,Norway,LIMINGEN,,7,150.0
64.222627,11.223646,NO,Norway,NAMDALSEID,,9,350.0
64.019,11.4914,NO,Norway,STEINKJER,,12,0.0
63.76525,9.81068,NO,Norway,BJUGN,,2,150.0
63.763622,9.806972,NO,Norway,BJUGN,,6,100.0
63.684634,9.653849,NO,Norway,BREKSTAD,,2,22.0
63.67355,10.62729,NO,Norway,LEKSVIK,,4,50.0
63.412984,10.37797,NO,Norway,TRONDHEIM,,1,22.0
63.409933,10.3891,NO,Norway,TRONDHEIM,,9,22.0
63.366918,10.377074,NO,Norway,TILLER,,12,22.0
63.352048,10.353867,NO,Norway,HEIMDAL,,10,50.0
62.91341,11.88906,NO,Norway,TYDAL,,10,150.0
62.82396,10.011671,NO,Norway,RENNEBU,,8,100.0
62.803756,6.887885,NO,Norway,AUKRA,,8,50.0
62.49491,6.613271,NO,Norway,SKODJE,,4,350.0
62.489433,7.760247,NO,Norway,ÅNDALSNES,,6,350.0
62.10114,7.20762,NO,Norway,GEIRANGER,,4,7.4
61.911889,9.360688,NO,Norway,DOVRESKOGEN,,2,7.4
61.903303,6.71283,NO,Norway,STRYN,,4,22.0
61.83377,8.5587,NO,Norway,LOM,,4,7.4
61.774708,6.220432,NO,Norway,SANDANE,,4,7.4
61.7323,6.50679,NO,Norway,BYRKJELO,,8,150.0
61.593558,5.042351,NO,Norway,FLORØ,,4,7.4
61.49067,7.59953,NO,Norway,SKJOLDEN,,4,7.4
61.434145,5.984635,NO,Norway,FØRDE,,6,7.4
61.349298,6.118606,NO,Norway,VIKSDALEN,,8,50.0
61.340803,9.77005,NO,Norway,SVATSUM,,6,50.0
61.30897,12.24126,NO,Norway,TRYSIL,,12,11.0
61.245577,10.49284,NO,Norway,ØYER,,10,20.0
61.232481,7.083963,NO,Norway,SOGNDAL,,6,22.0
61.22911,7.09988,NO,Norway,SOGNDAL,,8,22.0
61.197736,7.217787,NO,Norway,KAUPANGER,,2,22.0
61.193958,7.223037,NO,Norway,KAUPANGER,,5,50.0
61.17087,5.29413,NO,Norway,HYLLESTAD,,2,7.4
61.115916,10.447648,NO,Norway,LILLEHAMMER,,18,350.0
60.934191,8.452845,NO,Norway,HEMSEDAL,,2,22.0
60.880489,10.387325,NO,Norway,SNERTINGDAL,,5,50.0
60.7857,10.66864,NO,Norway,GJØVIK,,8,150.0
60.785659,10.678006,NO,Norway,GJØVIK,,8,11.0
60.783912,10.645474,NO,Norway,HUNNDALEN,,13,350.0
60.78117,10.63164,NO,Norway,HUNNDALEN,,10,22.0
60.686203,10.613919,NO,Norway,REINSVOLL,,6,150.0
60.67682,10.81982,NO,Norway,LENA,,4,7.4
60.591625,5.820867,NO,Norway,DALEKVAM,,6,22.0
60.521398,5.512221,NO,Norway,LONEVÅG,,8,22.0
60.48793,9.19079,NO,Norway,NESBYEN,,4,0.0
60.477052,5.743461,NO,Norway,VAKSDAL,,6,7.4
60.467528,5.322525,NO,Norway,ULSET,,9,43.0
60.442645,5.460584,NO,Norway,INDRE ARNA,,4,7.4
60.424261,6.621193,NO,Norway,UTNE,,5,50.0
60.397608,5.307857,NO,Norway,BERGEN,,6,7.4
60.393601,5.331127,NO,Norway,BERGEN,,2,7.4
60.362009,5.361573,NO,Norway,BERGEN,,4,7.4
60.311346,11.143767,NO,Norway,EIDSVOLL VERK,,9,50.0
60.309621,5.35657,NO,Norway,NESTTUN,,5,7.4
60.291057,5.279432,NO,Norway,SANDSLI,,2,7.4
60.288447,5.262231,NO,Norway,BLOMSTERDALEN,,15,3.7
60.276746,10.188612,NO,Norway,HALLINGBY,,8,0.0
60.273623,5.330431,NO,Norway,FANA,,2,7.4
60.272773,5.333026,NO,Norway,FANA,,1,3.7
60.204136,10.090072,NO,Norway,SOKNA,,3,50.0
60.086249,5.263211,NO,Norway,STOREBØ,,4,7.4
60.006759,5.200558,NO,Norway,BEKKJARVIK,,3,22.0
60.00391,11.306098,NO,Norway,BLAKER,,2,7.4
60.00236,10.98393,NO,Norway,SLATTUM,,6,22.0
59.991474,11.036909,NO,Norway,SKEDSMOKORSET,,2,7.4
59.987422,11.241176,NO,Norway,SØRUMSAND,,9,7.4
59.968715,11.054547,NO,Norway,KJELLER,,2,7.4
59.962429,10.923921,NO,Norway,OSLO,,7,150.0
59.95168,12.19977,NO,Norway,MAGNOR,,6,22.0
59.950666,11.020274,NO,Norway,STRØMMEN,,16,7.4
59.94957,11.01725,NO,Norway,STRØMMEN,,2,7.4
59.946789,10.99961,NO,Norway,STRØMMEN,,6,22.0
59.93461,10.846849,NO,Norway,OSLO,,5,50.0
59.933779,10.984519,NO,Norway,LØRENSKOG,,27,150.0
59.89294,10.515208,NO,Norway,SANDVIKA,,30,22.0
59.883083,10.842841,NO,Norway,OSLO,,4,100.0
59.874814,11.559206,NO,Norway,BJØRKELANGEN,,4,22.0
59.831943,10.795958,NO,Norway,OSLO,,8,150.0
59.802668,10.620664,NO,Norway,FJELLSTRAND,,4,3.7
59.751767,10.130898,NO,Norway,DRAMMEN,,2,22.0
59.73777,10.76384,NO,Norway,VINTERBRO,,5,0.0
59.724722,10.754769,NO,Norway,VINTERBRO,,4,3.7
59.690779,11.294353,NO,Norway,BÅSTAD,,3,7.4
59.624482,11.022651,NO,Norway,KNAPSTAD,,1,7.4
59.623221,10.741799,NO,Norway,VESTBY,,45,350.0
59.621606,10.195883,NO,Norway,SANDE I VESTFOLD,,10,150.0
59.61869,10.191763,NO,Norway,SANDE I VESTFOLD,,10,150.0
59.596759,5.74266,NO,Norway,ØLENSVÅG,,4,50.0
59.596207,10.208772,NO,Norway,SANDE I VESTFOLD,,9,150.0
59.513568,10.205592,NO,Norway,HOLMESTRAND,,23,100.0
59.402214,5.290435,NO,Norway,HAUGESUND,,10,150.0
59.300539,11.044742,NO,Norway,GRÅLUM,,4,22.0
59.293726,5.291684,NO,Norway,KOPERVIK,,9,150.0
59.286413,5.245671,NO,Norway,VEAVÅGEN,,6,7.4
59.255087,10.388077,NO,Norway,NØTTERØY,,1,11.0
59.248725,10.287451,NO,Norway,STOKKE,,10,150.0
59.218613,9.602289,NO,Norway,SKIEN,,2,3.7
59.208097,9.605721,NO,Norway,SKIEN,,2,3.7
59.184711,9.596514,NO,Norway,SKIEN,,3,11.0
59.142589,9.642907,NO,Norway,PORSGRUNN,,4,3.7
59.127365,10.220771,NO,Norway,SANDEFJORD,,9,20.0
59.043458,10.058745,NO,Norway,LARVIK,,6,50.0
59.028455,9.705068,NO,Norway,STATHELLE,,10,11.0
58.82437,9.07439,NO,Norway,SUNDEBRU,,3,150.0
58.80118,8.18142,NO,Norway,DØLEMO,,6,11.0
58.66848,5.63953,NO,Norway,NÆRBØ,,6,150.0
58.46746,8.72137,NO,Norway,ARENDAL,,20,0.0
58.464354,8.729042,NO,Norway,ARENDAL,,3,22.0
58.394011,7.230246,NO,Norway,TINGVATN,,2,7.4
58.375825,7.219913,NO,Norway,TINGVATN,,2,7.4
58.341631,8.568231,NO,Norway,GRIMSTAD,,9,50.0
58.33545,8.21385,NO,Norway,BIRKELAND,,1,11.0
58.32413,6.98713,NO,Norway,KVINESDAL,,8,7.4
58.2943,6.66606,NO,Norway,FLEKKEFJORD,,10,150.0
58.25108,7.96244,NO,Norway,VENNESLA,,4,22.0
58.183131,8.084072,NO,Norway,KRISTIANSAND S,,9,7.4
58.177493,8.13525,NO,Norway,KRISTIANSAND S,,12,50.0
58.146531,8.005257,NO,Norway,KRISTIANSAND S,,10,43.0
58.139693,7.071537,NO,Norway,LYNGDAL,,6,22.0
58.09628,7.70988,NO,Norway,SØGNE,,33,350.0
58.03369,7.48806,NO,Norway,MANDAL,,8,150.0
68.551208,17.557469,NO,Norway,BJERKVIK,,8,50.0
60.475191,5.330944,NO,Norway,NYBORG,,50,150.0
60.32011,5.35146,NO,Norway,NESTTUN,,9,150.0
59.896366,10.755441,NO,Norway,OSLO,,6,50.0
70.373297,31.110092,NO,Norway,VARDØ,,4,50.0
69.758259,19.955604,NO,Norway,SVENSBY,,13,50.0
69.648095,18.961283,NO,Norway,TROMSØ,,6,22.0
69.319741,16.121687,NO,Norway,ANDENES,,5,7.4
68.570631,14.958509,NO,Norway,STOKMARKNES,,4,0.0
68.239047,14.565855,NO,Norway,SVOLVÆR,,10,150.0
67.7752,15.01624,NO,Norway,LEINESFJORD,,2,0.0
67.25902,15.40148,NO,Norway,FAUSKE,,12,0.0
67.228652,14.602206,NO,Norway,SALTSTRAUMEN,,4,50.0
64.004881,11.498192,NO,Norway,STEINKJER,,8,150.0
63.960025,10.226372,NO,Norway,ÅFJORD,,1,250.0
63.471109,10.904274,NO,Norway,STJØRDAL,,10,22.0
63.467461,10.920979,NO,Norway,STJØRDAL,,10,150.0
63.45013,10.442678,NO,Norway,TRONDHEIM,,6,22.0
63.444898,10.438893,NO,Norway,TRONDHEIM,,6,22.0
63.425534,10.381738,NO,Norway,TRONDHEIM,,6,50.0
63.417817,11.73893,NO,Norway,MERÅKER,,9,50.0
63.411148,10.404175,NO,Norway,TRONDHEIM,,6,50.0
63.399752,10.403174,NO,Norway,TRONDHEIM,,10,150.0
63.14267,8.53422,NO,Norway,VALSØYFJORD,,4,22.0
62.99969,9.49236,NO,Norway,RINDAL,,2,22.0
62.77903,9.59745,NO,Norway,RENNEBU,,4,22.0
62.739275,7.192935,NO,Norway,MOLDE,,9,150.0
62.472765,6.339997,NO,Norway,ÅLESUND,,2,0.0
62.47226,6.3375,NO,Norway,ÅLESUND,,4,0.0
62.46502,6.32146,NO,Norway,ÅLESUND,,6,22.0
62.177406,9.812579,NO,Norway,DALHOLEN,,1,3.7
61.918743,5.170142,NO,Norway,DEKNEPOLLEN,,4,3.7
61.913759,5.983606,NO,Norway,NORDFJORDEID,,9,7.4
61.907857,5.990523,NO,Norway,NORDFJORDEID,,2,7.4
61.449841,5.859653,NO,Norway,FØRDE,,4,7.4
61.308158,7.800618,NO,Norway,ØVRE ÅRDAL,,2,7.4
61.191988,7.220396,NO,Norway,KAUPANGER,,6,50.0
61.11195,10.47774,NO,Norway,LILLEHAMMER,,6,22.0
61.098228,7.47393,NO,Norway,LÆRDAL,,8,350.0
60.834242,5.262578,NO,Norway,HOSTELAND,,8,50.0
60.613521,12.012098,NO,Norway,FLISA,,20,22.0
60.58872,5.52762,NO,Norway,FOTLANDSVÅG,,2,7.4
60.550255,5.281982,NO,Norway,ISDALSTØ,,10,7.4
60.47251,5.31546,NO,Norway,NYBORG,,12,22.0
60.47051,5.31716,NO,Norway,NYBORG,,13,22.0
60.38616,5.333723,NO,Norway,BERGEN,,5,22.0
60.36758,5.35362,NO,Norway,BERGEN,,2,7.4
60.291685,6.600017,NO,Norway,NÅ,,4,7.4
60.276099,5.327921,NO,Norway,FANA,,1,3.7
60.243791,9.006335,NO,Norway,RØDBERG,,4,22.0
60.2262,9.520295,NO,Norway,NORESUND,,29,22.0
60.16752,11.15274,NO,Norway,JESSHEIM,,20,0.0
60.079021,11.151991,NO,Norway,KLØFTA,,18,150.0
60.078473,11.149592,NO,Norway,KLØFTA,,9,150.0
60.046308,5.523868,NO,Norway,TYSNES,,16,50.0
59.992979,11.108186,NO,Norway,LEIRSUND,,3,7.4
59.992467,11.369735,NO,Norway,BLAKER,,6,22.0
59.991325,11.371751,NO,Norway,BLAKER,,4,22.0
59.989918,10.9079,NO,Norway,HAGAN,,6,3.7
59.988255,11.105161,NO,Norway,LEIRSUND,,4,7.4
59.980455,11.241733,NO,Norway,SØRUMSAND,,4,7.4
59.978358,11.041287,NO,Norway,KJELLER,,2,22.0
59.973692,11.040881,NO,Norway,KJELLER,,6,22.0
59.969018,9.998086,NO,Norway,VIKERSUND,,2,11.0
59.960889,11.06518,NO,Norway,LILLESTRØM,,12,7.4
59.958867,11.039296,NO,Norway,LILLESTRØM,,2,7.4
59.955446,11.070871,NO,Norway,LILLESTRØM,,4,7.4
59.953509,11.00107,NO,Norway,STRØMMEN,,4,11.0
59.94862,10.72378,NO,Norway,OSLO,,4,0.0
59.945877,11.014803,NO,Norway,STRØMMEN,,2,7.4
59.934832,10.937105,NO,Norway,LØRENSKOG,,13,22.0
59.933192,10.0,NO,Norway,OSLO,,1,3.7
59.91736,10.80858,NO,Norway,OSLO,,16,22.0
59.914423,10.71454,NO,Norway,OSLO,,2,22.0
59.886802,11.561607,NO,Norway,BJØRKELANGEN,,4,7.4
59.880495,8.625845,NO,Norway,RJUKAN,,1,250.0
59.874744,11.220571,NO,Norway,GAN,,4,7.4
59.858926,10.784988,NO,Norway,OSLO,,8,22.0
59.82241,10.78986,NO,Norway,TROLLÅSEN,,10,7.4
59.766797,9.898189,NO,Norway,HOKKSUND,,8,22.0
59.64564,6.800865,NO,Norway,NESFLATEN,,8,50.0
59.536789,10.535382,NO,Norway,TOFTE,,1,7.4
59.512915,10.124031,NO,Norway,SUNDBYFOSS,,6,50.0
59.380302,10.455748,NO,Norway,BORRE,,8,150.0
59.281202,11.105214,NO,Norway,SARPSBORG,,4,3.7
59.265553,10.790069,NO,Norway,MANSTAD,,6,50.0
59.253412,10.994576,NO,Norway,ROLVSØY,,8,50.0
59.18878,11.63673,NO,Norway,AREMARK,,1,350.0
59.132044,11.426683,NO,Norway,TISTEDAL,,14,22.0
59.072684,9.91545,NO,Norway,LARVIK,,8,150.0
59.04319,10.05966,NO,Norway,LARVIK,,6,100.0
59.036339,9.677493,NO,Norway,STATHELLE,,8,50.0
59.01346,9.74349,NO,Norway,LANGESUND,,20,22.0
59.994124,11.041475,NO,Norway,SKEDSMOKORSET,,4,7.4
58.951521,5.724083,NO,Norway,STAVANGER,,10,150.0
58.945689,5.730734,NO,Norway,STAVANGER,,8,150.0
58.89679,5.7035,NO,Norway,STAVANGER,,12,0.0
58.894464,9.283122,NO,Norway,SANNIDAL,,7,0.0
58.883042,5.650539,NO,Norway,SOLA,,8,150.0
58.46523,8.71253,NO,Norway,ARENDAL,,6,135.0
70.99756,24.660731,NO,Norway,HAVØYSUND,,6,150.0
70.979124,25.968134,NO,Norway,HONNINGSVÅG,,6,150.0
70.66278,23.67941,NO,Norway,HAMMERFEST,,2,3.7
70.477647,25.067299,NO,Norway,RUSSENES,,6,150.0
70.43258,24.50372,NO,Norway,KVALSUND,,3,0.0
70.37022,31.10772,NO,Norway,VARDØ,,2,3.7
70.171704,28.555826,NO,Norway,VARANGERBOTN,,1,250.0
70.051386,24.967318,NO,Norway,LAKSELV,,6,150.0
69.67983,18.97475,NO,Norway,TROMSØ,,6,22.0
69.67932,18.90486,NO,Norway,TROMSØ,,17,22.0
69.67368,18.92331,NO,Norway,TROMSØ,,18,150.0
69.67033,18.97433,NO,Norway,TROMSØ,,6,22.0
69.310152,16.098812,NO,Norway,ANDENES,,2,0.0
69.23012,17.9778,NO,Norway,FINNSNES,,2,3.7
69.218575,19.559296,NO,Norway,NORDKJOSBOTN,,6,50.0
68.86173,18.34632,NO,Norway,BARDU,,6,50.0
68.860216,18.34695,NO,Norway,BARDU,,6,50.0
68.80027,16.53948,NO,Norway,HARSTAD,,4,43.0
68.79855,16.53806,NO,Norway,HARSTAD,,6,7.4
68.77846,16.56566,NO,Norway,HARSTAD,,8,150.0
68.704914,15.414971,NO,Norway,SORTLAND,,6,50.0
68.69556,15.41829,NO,Norway,SORTLAND,,4,50.0
68.435399,17.412298,NO,Norway,NARVIK,,6,50.0
68.234445,14.559926,NO,Norway,SVOLVÆR,,12,100.0
68.2337,14.56107,NO,Norway,SVOLVÆR,,2,22.0
68.23307,14.56365,NO,Norway,SVOLVÆR,,2,3.7
68.15669,14.20759,NO,Norway,HENNINGSVÆR,,2,22.0
67.52138,14.7623,NO,Norway,KJERRINGØY,,2,7.4
67.28509,14.38208,NO,Norway,BODØ,,2,3.7
67.28505,14.38041,NO,Norway,BODØ,,2,3.7
67.28417,14.37966,NO,Norway,BODØ,,5,22.0
67.28335,14.38445,NO,Norway,BODØ,,2,11.0
67.28292,14.38252,NO,Norway,BODØ,,4,7.4
67.28044,14.37639,NO,Norway,BODØ,,29,22.0
67.27766,14.41601,NO,Norway,BODØ,,4,22.0
67.26073,15.39285,NO,Norway,FAUSKE,,2,22.0
67.259053,15.400106,NO,Norway,FAUSKE,,2,50.0
67.10341,15.3915,NO,Norway,ROGNAN,,4,100.0
67.10213,15.39368,NO,Norway,ROGNAN,,4,7.4
67.0904,16.06478,NO,Norway,SULITJELMA,,4,22.0
67.03612,14.03044,NO,Norway,INNDYR,,8,7.4
66.81626,13.94361,NO,Norway,GLOMFJORD,,2,22.0
66.813992,15.402074,NO,Norway,RØKLAND,,6,50.0
66.31284,14.13404,NO,Norway,MO I RANA,,1,7.4
66.31235,14.13559,NO,Norway,MO I RANA,,14,22.0
66.30771,14.15042,NO,Norway,MO I RANA,,4,50.0
66.304504,14.134228,NO,Norway,MO I RANA,,8,150.0
66.20116,13.0229,NO,Norway,NESNA,,2,7.4
65.827176,13.202635,NO,Norway,MOSJØEN,,2,22.0
65.45988,12.20912,NO,Norway,BRØNNØYSUND,,8,22.0
64.86083,11.2383,NO,Norway,RØRVIK,,4,22.0
64.50126,10.89519,NO,Norway,FLATANGER,,10,22.0
64.50064,10.89677,NO,Norway,FLATANGER,,4,50.0
64.49776,11.96289,NO,Norway,OVERHALLA,,8,7.4
64.49407,11.94965,NO,Norway,OVERHALLA,,2,7.4
64.49235,11.94748,NO,Norway,OVERHALLA,,10,7.4
64.46697,11.50787,NO,Norway,NAMSOS,,16,22.0
64.46601,11.49698,NO,Norway,NAMSOS,,4,7.4
64.46452,11.49436,NO,Norway,NAMSOS,,1,22.0
64.24692,12.38875,NO,Norway,SNÅSA,,1,11.0
64.01157,11.49219,NO,Norway,STEINKJER,,3,22.0
64.0114,11.49847,NO,Norway,STEINKJER,,4,50.0
64.01064,11.50101,NO,Norway,STEINKJER,,8,22.0
64.00787,11.4923,NO,Norway,STEINKJER,,6,7.4
63.960753,10.227199,NO,Norway,ÅFJORD,,5,50.0
63.783681,11.455119,NO,Norway,VERDAL,,1,22.0
63.7336,11.282739,NO,Norway,LEVANGER,,20,50.0
63.73168,8.83042,NO,Norway,SISTRANDA,,12,7.4
63.728632,8.828714,NO,Norway,SISTRANDA,,9,50.0
63.70602,11.19182,NO,Norway,SKOGN,,2,11.0
63.61024,11.05169,NO,Norway,ÅSEN,,6,22.0
63.585002,9.962137,NO,Norway,RISSA,,6,50.0
63.58306,9.95632,NO,Norway,RISSA,,2,3.7
63.58228,9.95449,NO,Norway,RISSA,,2,3.7
63.4601,8.00951,NO,Norway,SMØLA,,4,22.0
63.4435,10.44495,NO,Norway,TRONDHEIM,,22,150.0
63.44147,10.45947,NO,Norway,TRONDHEIM,,12,0.0
63.440145,10.461478,NO,Norway,TRONDHEIM,,8,50.0
63.428931,10.474691,NO,Norway,TRONDHEIM,,13,50.0
63.4273,10.47264,NO,Norway,TRONDHEIM,,12,150.0
63.42438,10.46961,NO,Norway,TRONDHEIM,,1,3.7
63.424041,10.730098,NO,Norway,MALVIK,,9,50.0
63.42391,10.44248,NO,Norway,TRONDHEIM,,1,3.7
63.41977,10.45683,NO,Norway,TRONDHEIM,,4,7.4
63.41707,10.40573,NO,Norway,TRONDHEIM,,4,3.7
63.41639,10.40501,NO,Norway,TRONDHEIM,,12,3.7
63.41621,10.44427,NO,Norway,TRONDHEIM,,2,50.0
63.41068,10.79391,NO,Norway,HOMMELVIK,,7,3.7
63.40083,10.40101,NO,Norway,TRONDHEIM,,2,22.0
63.377497,10.360952,NO,Norway,TRONDHEIM,,6,7.4
63.37576,10.358271,NO,Norway,TRONDHEIM,,6,7.4
63.37552,10.36134,NO,Norway,TRONDHEIM,,4,7.4
63.35925,10.3766,NO,Norway,TILLER,,2,3.7
63.355228,10.372354,NO,Norway,TILLER,,4,150.0
63.35454,10.37482,NO,Norway,TILLER,,10,150.0
63.332455,10.356365,NO,Norway,TILLER,,10,150.0
63.30619,9.83869,NO,Norway,ORKANGER,,4,3.7
63.29854,9.84399,NO,Norway,ORKANGER,,2,22.0
63.29813,9.85028,NO,Norway,ORKANGER,,4,50.0
63.2971,9.85174,NO,Norway,ORKANGER,,5,50.0
63.2964,9.83527,NO,Norway,ORKANGER,,2,150.0
63.29618,9.853352,NO,Norway,ORKANGER,,6,50.0
63.293651,9.082761,NO,Norway,KYRKSÆTERØRA,,12,50.0
63.28547,10.27759,NO,Norway,MELHUS,,9,150.0
63.14224,8.53341,NO,Norway,VALSØYFJORD,,4,22.0
63.11039,7.728689,NO,Norway,KRISTIANSUND N,,8,150.0
63.109439,7.731469,NO,Norway,KRISTIANSUND N,,8,22.0
63.05251,7.63035,NO,Norway,AVERØY,,2,3.7
62.97374,8.72331,NO,Norway,SURNADAL,,6,22.0
62.969172,8.712213,NO,Norway,SURNADAL,,11,50.0
62.948383,10.19012,NO,Norway,SOKNEDAL,,4,50.0
62.90821,7.42616,NO,Norway,EIDE,,2,22.0
62.830475,10.010315,NO,Norway,RENNEBU,,10,150.0
62.74302,7.23081,NO,Norway,MOLDE,,12,150.0
62.73901,7.18519,NO,Norway,MOLDE,,4,22.0
62.73789,7.18309,NO,Norway,MOLDE,,8,50.0
62.59512,9.69124,NO,Norway,OPPDAL,,12,0.0
62.57988,11.37733,NO,Norway,RØROS,,10,22.0
62.56812,7.68922,NO,Norway,ÅNDALSNES,,3,50.0
62.56556,7.68872,NO,Norway,ÅNDALSNES,,2,7.4
62.55955,7.68483,NO,Norway,ÅNDALSNES,,2,7.4
62.559298,7.680986,NO,Norway,ÅNDALSNES,,2,11.0
62.491935,6.605186,NO,Norway,SKODJE,,15,150.0
62.47154,6.14809,NO,Norway,ÅLESUND,,2,7.4
62.47147,6.15377,NO,Norway,ÅLESUND,,6,22.0
62.46969,6.14819,NO,Norway,ÅLESUND,,6,0.0
62.46448,6.35126,NO,Norway,ÅLESUND,,4,22.0
62.439823,6.190834,NO,Norway,LANGEVÅG,,10,50.0
62.3711,6.02941,NO,Norway,HAREID,,6,22.0
62.36813,6.02687,NO,Norway,HAREID,,10,22.0
62.29842,7.26421,NO,Norway,VALLDAL,,3,22.0
62.27819,10.77382,NO,Norway,TYNSET,,6,150.0
62.276411,10.777864,NO,Norway,TYNSET,,11,50.0
62.25354,7.23381,NO,Norway,NORDDAL,,1,3.7
62.2533,7.23647,NO,Norway,NORDDAL,,5,3.7
62.25262,7.23415,NO,Norway,NORDDAL,,1,3.7
62.2525,7.23742,NO,Norway,NORDDAL,,4,3.7
62.140648,6.090002,NO,Norway,VOLDA,,15,50.0
61.93637,5.1156,NO,Norway,MÅLØY,,2,3.7
61.93343,5.11252,NO,Norway,MÅLØY,,2,3.7
61.91287,5.98835,NO,Norway,NORDFJORDEID,,2,3.7
61.91204,5.99521,NO,Norway,NORDFJORDEID,,2,3.7
61.9034,6.71898,NO,Norway,STRYN,,2,22.0
61.900968,6.716797,NO,Norway,STRYN,,8,150.0
61.88424,8.26314,NO,Norway,SKJÅK,,6,50.0
61.77264,9.540407,NO,Norway,OTTA,,6,50.0
61.60103,5.04586,NO,Norway,FLORØ,,1,3.7
61.601,5.03729,NO,Norway,FLORØ,,6,22.0
61.59363,9.72566,NO,Norway,VINSTRA,,20,0.0
61.530034,10.1373,NO,Norway,RINGEBU,,8,135.0
61.52927,10.142304,NO,Norway,RINGEBU,,6,50.0
61.48842,8.84354,NO,Norway,TESSANDEN,,4,7.4
61.455322,10.193251,NO,Norway,FÅVANG,,8,50.0
61.45288,5.85581,NO,Norway,FØRDE,,6,22.0
61.45008,5.85706,NO,Norway,FØRDE,,9,22.0
61.425657,11.079502,NO,Norway,KOPPANG,,6,50.0
61.42538,11.07836,NO,Norway,KOPPANG,,4,22.0
61.40407,7.29621,NO,Norway,GAUPNE,,2,7.4
61.364418,5.401086,NO,Norway,DALE I SUNNFJORD,,8,150.0
61.31501,12.26148,NO,Norway,TRYSIL,,6,50.0
61.248309,8.909838,NO,Norway,BEITOSTØLEN,,1,22.0
61.24284,10.43341,NO,Norway,ØYER,,6,350.0
61.24269,10.439592,NO,Norway,ØYER,,8,100.0
61.234994,7.701661,NO,Norway,ÅRDALSTANGEN,,4,50.0
61.23431,10.44613,NO,Norway,ØYER,,2,22.0
61.23108,7.08245,NO,Norway,SOGNDAL,,4,3.7
61.226518,7.101853,NO,Norway,SOGNDAL,,8,350.0
61.21858,6.0739,NO,Norway,HØYANGER,,4,50.0
61.20923,6.53781,NO,Norway,BALESTRAND,,6,22.0
61.136711,5.347083,NO,Norway,LEIRVIK I SOGN,,5,50.0
61.130886,10.433774,NO,Norway,LILLEHAMMER,,13,150.0
61.13028,8.54214,NO,Norway,VANG I VALDRES,,5,50.0
61.12048,10.47828,NO,Norway,LILLEHAMMER,,4,7.4
61.116189,10.466936,NO,Norway,LILLEHAMMER,,6,3.7
61.11548,10.4645,NO,Norway,LILLEHAMMER,,2,3.7
61.11475,10.45021,NO,Norway,LILLEHAMMER,,12,50.0
61.11196,10.46333,NO,Norway,LILLEHAMMER,,20,0.0
61.09896,7.48013,NO,Norway,LÆRDAL,,4,7.4
61.08719,6.58113,NO,Norway,VIK I SOGN,,2,22.0
61.054582,5.509423,NO,Norway,BREKKE,,7,50.0
61.02787,10.55472,NO,Norway,BRØTTUM,,2,3.7
60.984838,9.231238,NO,Norway,FAGERNES,,16,100.0
60.970911,9.291382,NO,Norway,LEIRA I VALDRES,,7,100.0
60.9704,9.28859,NO,Norway,LEIRA I VALDRES,,8,150.0
60.969726,9.292009,NO,Norway,LEIRA I VALDRES,,10,150.0
60.90842,10.81711,NO,Norway,RUDSHØGDA,,4,22.0
60.895925,11.582988,NO,Norway,ELVERUM,,6,50.0
60.894775,11.580545,NO,Norway,ELVERUM,,6,50.0
60.887682,11.515566,NO,Norway,ELVERUM,,6,0.0
60.88672,11.56119,NO,Norway,ELVERUM,,15,150.0
60.883616,11.536312,NO,Norway,ELVERUM,,2,3.7
60.88086,11.53681,NO,Norway,ELVERUM,,2,50.0
60.880525,10.927579,NO,Norway,BRUMUNDDAL,,20,150.0
60.880383,10.931633,NO,Norway,BRUMUNDDAL,,10,150.0
60.87682,10.93035,NO,Norway,BRUMUNDDAL,,20,150.0
60.86289,8.52054,NO,Norway,HEMSEDAL,,54,22.0
60.85049,8.61465,NO,Norway,HEMSEDAL,,6,135.0
60.849514,11.368311,NO,Norway,LØTEN,,10,150.0
60.839871,11.05638,NO,Norway,FURNES,,10,50.0
60.836934,10.069969,NO,Norway,DOKKA,,5,350.0
60.828919,11.066275,NO,Norway,FURNES,,18,150.0
60.822652,9.550819,NO,Norway,BAGN,,6,50.0
60.813744,5.804134,NO,Norway,MODALEN,,6,50.0
60.805038,11.036776,NO,Norway,HAMAR,,4,11.0
60.805036,11.038965,NO,Norway,HAMAR,,2,11.0
60.80415,11.037909,NO,Norway,HAMAR,,2,11.0
60.80014,10.694528,NO,Norway,GJØVIK,,7,50.0
60.79967,11.04547,NO,Norway,HAMAR,,14,150.0
60.799506,10.692696,NO,Norway,GJØVIK,,4,3.7
60.80079,10.6921,NO,Norway,GJØVIK,,24,0.0
60.7978,11.08624,NO,Norway,HAMAR,,2,3.7
60.797659,11.082939,NO,Norway,HAMAR,,9,50.0
60.79677,11.07473,NO,Norway,HAMAR,,4,22.0
60.79625,11.0809,NO,Norway,HAMAR,,4,3.7
60.795106,10.697418,NO,Norway,GJØVIK,,4,150.0
60.79441,11.07756,NO,Norway,HAMAR,,2,3.7
60.79414,10.69781,NO,Norway,GJØVIK,,8,7.4
60.787442,10.666683,NO,Norway,HUNNDALEN,,12,150.0
60.700184,10.351476,NO,Norway,HOV,,6,50.0
60.69781,8.95342,NO,Norway,GOL,,8,150.0
60.65545,6.43674,NO,Norway,SKULESTADMO,,8,150.0
60.65411,10.9312,NO,Norway,SKREIA,,4,7.4
60.64148,5.04245,NO,Norway,MANGER,,4,3.7
60.641092,5.043351,NO,Norway,MANGER,,6,50.0
60.64021,5.0418,NO,Norway,MANGER,,4,50.0
60.63953,5.04543,NO,Norway,MANGER,,6,3.7
60.631791,11.30156,NO,Norway,TANGEN,,16,0.0
60.63096,11.3009,NO,Norway,TANGEN,,8,150.0
60.63024,8.566923,NO,Norway,ÅL,,1,11.0
60.62971,8.55998,NO,Norway,ÅL,,2,11.0
60.629663,6.425201,NO,Norway,VOSS,,4,22.0
60.62931,6.43487,NO,Norway,VOSS,,5,100.0
60.629258,8.563862,NO,Norway,ÅL,,4,135.0
60.6291,6.43363,NO,Norway,VOSS,,12,50.0
60.62834,8.561228,NO,Norway,ÅL,,6,150.0
60.625771,5.473822,NO,Norway,OSTEREIDET,,13,150.0
60.61505,12.01428,NO,Norway,FLISA,,2,22.0
60.61238,12.01799,NO,Norway,FLISA,,6,22.0
60.611126,12.011893,NO,Norway,FLISA,,6,50.0
60.589607,5.820048,NO,Norway,DALEKVAM,,9,50.0
60.568749,6.91506,NO,Norway,ULVIK,,4,50.0
60.562314,11.256889,NO,Norway,ESPA,,8,150.0
60.5499,5.28648,NO,Norway,ISDALSTØ,,2,3.7
60.54735,5.29234,NO,Norway,ISDALSTØ,,2,3.7
60.54695,5.28454,NO,Norway,ISDALSTØ,,10,150.0
60.52415,5.50567,NO,Norway,LONEVÅG,,4,11.0
60.52207,8.196219,NO,Norway,GEILO,,10,22.0
60.48793,9.18915,NO,Norway,NESBYEN,,5,0.0
60.473219,5.333544,NO,Norway,NYBORG,,13,150.0
60.47113,5.3211,NO,Norway,NYBORG,,6,7.4
60.441349,5.181427,NO,Norway,KLEPPESTØ,,6,50.0
60.434172,11.069972,NO,Norway,HURDAL,,4,50.0
60.43116,9.45687,NO,Norway,FLÅ,,10,150.0
60.42272,5.20388,NO,Norway,KLEPPESTØ,,8,150.0
60.420965,5.463823,NO,Norway,INDRE ARNA,,11,50.0
60.40877,5.2267,NO,Norway,KLEPPESTØ,,14,150.0
60.40674,4.99638,NO,Norway,ÅGOTNES,,4,7.4
60.406052,5.220696,NO,Norway,KLEPPESTØ,,12,50.0
60.405014,5.916836,NO,Norway,TYSSE,,4,22.0
60.404936,5.002288,NO,Norway,ÅGOTNES,,7,50.0
60.40183,5.32917,NO,Norway,BERGEN,,4,3.7
60.401407,5.731209,NO,Norway,ÅRLAND,,6,50.0
60.39976,5.32382,NO,Norway,BERGEN,,4,3.7
60.39926,5.32147,NO,Norway,BERGEN,,6,3.7
60.392429,10.560883,NO,Norway,JAREN,,38,43.0
60.39063,5.33442,NO,Norway,BERGEN,,5,7.4
60.389339,5.28645,NO,Norway,LAKSEVÅG,,18,150.0
60.387796,5.33508,NO,Norway,BERGEN,,6,100.0
60.38641,5.33259,NO,Norway,BERGEN,,16,3.7
60.3851,5.3202,NO,Norway,BERGEN,,2,7.4
60.38407,5.33038,NO,Norway,BERGEN,,6,3.7
60.38153,5.32735,NO,Norway,BERGEN,,4,3.7
60.37669,5.33558,NO,Norway,BERGEN,,1,3.7
60.36719,5.191054,NO,Norway,GODVIK,,11,150.0
60.36488,5.11756,NO,Norway,STRAUME,,4,7.4
60.36487,5.11885,NO,Norway,STRAUME,,10,7.4
60.36481,5.12013,NO,Norway,STRAUME,,14,7.4
60.364796,5.233941,NO,Norway,LODDEFJORD,,8,150.0
60.36428,5.12124,NO,Norway,STRAUME,,6,7.4
60.36369,5.3687,NO,Norway,BERGEN,,4,3.7
60.36271,5.11855,NO,Norway,STRAUME,,8,7.4
60.36096,5.23366,NO,Norway,LODDEFJORD,,16,50.0
60.358624,5.12215,NO,Norway,STRAUME,,12,50.0
60.35264,5.11117,NO,Norway,STRAUME,,6,7.4
60.352054,5.130151,NO,Norway,STRAUME,,1,11.0
60.348691,5.293111,NO,Norway,FYLLINGSDALEN,,46,350.0
60.32825,5.03836,NO,Norway,FJELL,,2,7.4
60.31932,5.35283,NO,Norway,NESTTUN,,10,3.7
60.29751,5.26848,NO,Norway,KOKSTAD,,11,150.0
60.29661,5.327463,NO,Norway,RÅDAL,,16,50.0
60.29643,5.32908,NO,Norway,RÅDAL,,12,50.0
60.2962,5.26697,NO,Norway,KOKSTAD,,3,3.7
60.29595,5.32913,NO,Norway,RÅDAL,,5,11.0
60.292779,5.227878,NO,Norway,BLOMSTERDALEN,,24,150.0
60.29243,5.28011,NO,Norway,SANDSLI,,2,3.7
60.287042,10.628433,NO,Norway,ROA,,10,150.0
60.28132,11.17447,NO,Norway,RÅHOLT,,8,50.0
60.275577,6.252919,NO,Norway,JONDAL,,9,150.0
60.270817,5.072831,NO,Norway,SKOGSVÅG,,6,150.0
60.269979,5.070254,NO,Norway,SKOGSVÅG,,6,100.0
60.265962,8.946998,NO,Norway,RØDBERG,,8,50.0
60.25408,11.18202,NO,Norway,DAL,,12,350.0
60.24031,5.74888,NO,Norway,EIKELANDSOSEN,,4,50.0
60.240047,9.927207,NO,Norway,SOKNA,,16,150.0
60.20201,5.45781,NO,Norway,OS,,8,50.0
60.200644,11.979574,NO,Norway,KONGSVINGER,,2,50.0
60.1927,12.00204,NO,Norway,KONGSVINGER,,8,50.0
60.1918,11.99671,NO,Norway,KONGSVINGER,,4,3.7
60.19173,12.00448,NO,Norway,KONGSVINGER,,6,11.0
60.19013,11.99916,NO,Norway,KONGSVINGER,,2,11.0
60.189148,11.102136,NO,Norway,GARDERMOEN,,4,50.0
60.18753,11.06896,NO,Norway,GARDERMOEN,,4,3.7
60.186356,12.012796,NO,Norway,KONGSVINGER,,6,150.0
60.18555,12.00941,NO,Norway,KONGSVINGER,,2,3.7
60.18391,12.01331,NO,Norway,KONGSVINGER,,9,150.0
60.179482,9.62644,NO,Norway,NORESUND,,4,100.0
60.16772,10.2504,NO,Norway,HØNEFOSS,,1,22.0
60.16726,10.25756,NO,Norway,HØNEFOSS,,2,3.7
60.166212,11.156479,NO,Norway,GARDERMOEN,,10,150.0
60.164124,10.258876,NO,Norway,HØNEFOSS,,12,22.0
60.159952,10.255683,NO,Norway,HØNEFOSS,,8,7.4
60.15911,11.43023,NO,Norway,VORMSUND,,12,22.0
60.152383,10.253104,NO,Norway,HØNEFOSS,,3,50.0
60.148015,10.251877,NO,Norway,HØNEFOSS,,6,150.0
60.147008,10.254679,NO,Norway,HØNEFOSS,,10,150.0
60.144743,10.258113,NO,Norway,HØNEFOSS,,14,22.0
59.200817,17.663162,SE,Sweden,Södertälje,,2,250.0
58.227002,14.671852,SE,Sweden,Ödeshög,,1,250.0
57.304284,13.543433,SE,Sweden,Gislaved,,1,500.0
57.511077,12.080407,SE,Sweden,Kungsbacka,,1,200.0
57.516027,12.075865,SE,Sweden,Kungsbacka,,2,300.0
57.626037,11.935719,SE,Sweden,Askim,,1,400.0
57.634552,11.932603,SE,Sweden,Askim,,1,400.0
57.668803,11.872102,SE,Sweden,Västra Frölunda,,1,200.0
57.64911,11.918157,SE,Sweden,Frölunda,,2,360.0
57.647166,11.933064,SE,Sweden,Göteborg,,1,300.0
57.649279,11.946715,SE,Sweden,Göteborg,,2,350.0
57.704608,11.992986,SE,Sweden,Göteborg,,1,400.0
55.598,13.096,SE,Sweden,Malmö,,1,250.0
58.352722,11.812614,SE,Sweden,Uddevalla,,3,400.0
56.672989,12.858267,SE,Sweden,Halmstad,,6,22.0
59.297826,18.013723,SE,Sweden,Stockholm,,1,300.0
59.322968,18.101101,SE,Sweden,Stockholm,,1,300.0
59.420325,17.921696,SE,Sweden,Stockholm,,1,300.0
57.858636,11.998835,SE,Sweden,Kungälv,,1,200.0
57.895818,12.046804,SE,Sweden,Nödinge,,1,200.0
58.225275,11.918622,SE,Sweden,Ljungskile,,1,150.0
58.230353,11.909425,SE,Sweden,Ljungskile,,1,400.0
58.319621,12.26713,SE,Sweden,Trollhättan,,1,180.0
58.366529,12.322406,SE,Sweden,Vänersborg,,1,400.0
58.338634,12.239973,SE,Sweden,Vänersborg,,1,200.0
59.08848,17.603113,SE,Sweden,Järna,,2,400.0
60.4238,13.256845,SE,Sweden,,,2,400.0
56.164688,15.630968,SE,Sweden,Lyckeby,,3,200.0
59.936021,16.868285,SE,Sweden,Heby,,1,300.0
59.637179,16.559553,SE,Sweden,Västerås,,1,300.0
59.591317,16.247062,SE,Sweden,Hallstahammar,,1,300.0
57.995786,14.440541,SE,Sweden,Gränna,,1,150.0
57.709607,12.867155,SE,Sweden,Borås,,1,400.0
57.770315,11.893193,SE,Sweden,Göteborg,,1,360.0
57.733241,12.053861,SE,Sweden,Göteborg,,1,360.0
60.734853,12.865173,SE,Sweden,Sysslebäck,,1,300.0
60.682865,13.712484,SE,Sweden,Malung,,2,200.0
60.129991,12.997539,SE,Sweden,Torsby,,1,150.0
59.854582,13.125135,SE,Sweden,Sunne,,1,200.0
59.838058,13.144827,SE,Sweden,Sunne,,1,150.0
59.378198,13.428676,SE,Sweden,Karlstad,,1,300.0
59.379437,13.419137,SE,Sweden,Karlstad,,1,150.0
59.36424,13.141565,SE,Sweden,Grums,,1,350.0
59.316926,13.099963,SE,Sweden,Grums,,2,200.0
59.185184,13.014478,SE,Sweden,Säffle,,1,300.0
59.128456,12.887482,SE,Sweden,Säffle,,1,200.0
59.127813,12.882254,SE,Sweden,Säffle,,2,400.0
59.053445,12.709313,SE,Sweden,Åmål ,,1,300.0
59.053154,12.705141,SE,Sweden,Åmål,,1,300.0
58.70217,12.449433,SE,Sweden,Mellerud,,2,400.0
57.713623,11.89725,SE,Sweden,Göteborg,,1,200.0
57.710492,11.985299,SE,Sweden,Göteborg,,1,150.0
57.880366,11.98132,SE,Sweden,Kungälv,,1,200.0
57.960794,12.125126,SE,Sweden,Älvängen,,1,150.0
57.921983,12.06695,SE,Sweden,,,1,150.0
57.742948,12.007329,SE,Sweden,Göteborg,,1,180.0
59.183016,17.630354,SE,Sweden,Södertälje,,2,300.0
57.787237,14.226842,SE,Sweden,Jönköping,,2,350.0
57.761536,14.192003,SE,Sweden,Jönköping,,1,150.0
57.752002,13.958865,SE,Sweden,Bottnaryd,,1,150.0
57.77973,13.661503,SE,Sweden,Ulricehamn,,2,300.0
57.663427,12.541021,SE,Sweden,Bollebygd,,3,400.0
57.687028,12.206369,SE,Sweden,Landvetter,,1,400.0
57.668816,12.096349,SE,Sweden,Mölnlycke,,3,400.0
58.024618,11.847881,SE,Sweden,Spekeröd,,1,360.0
56.231965,12.860996,SE,Sweden,Ängelholm,,1,400.0
56.389078,12.937312,SE,Sweden,Båstad,,1,75.0
56.498679,13.005171,SE,Sweden,Laholm,,1,150.0
56.541372,12.97132,SE,Sweden,Laholm,,2,300.0
56.655317,12.899577,SE,Sweden,Halmstad,,1,350.0
56.674075,12.891474,SE,Sweden,Halmstad,,3,400.0
56.932402,12.517682,SE,Sweden,Falkenberg,,1,400.0
57.115944,12.259805,SE,Sweden,Varberg,,1,150.0
57.124369,12.286932,SE,Sweden,Varberg,,1,300.0
57.168205,12.27482,SE,Sweden,Varberg,,1,150.0
57.168273,12.27719,SE,Sweden,Varberg,,2,300.0
57.646112,11.984483,SE,Sweden,Mölndal,,3,400.0
57.665575,12.01095,SE,Sweden,Mölndal,,2,400.0
57.681007,12.003293,SE,Sweden,Göteborg,,1,150.0
57.680915,12.000048,SE,Sweden,Göteborg,,1,150.0
60.153585,16.94659,SE,Sweden,Tärnsjö,,1,300.0
59.912049,16.618416,SE,Sweden,Sala,,1,150.0
59.911049,16.617949,SE,Sweden,Sala,,1,150.0
59.635144,16.567016,SE,Sweden,Västerås,,1,150.0
59.607003,16.453514,SE,Sweden,Västerås,,4,300.0
59.590979,16.248001,SE,Sweden,Hallstahammar,,1,400.0
59.425833,15.829275,SE,Sweden,Arboga,,1,150.0
59.275208,15.17744,SE,Sweden,Örebro,,2,400.0
59.063904,15.00371,SE,Sweden,Kumla,,1,360.0
58.861526,14.218865,SE,Sweden,Hova,,1,360.0
58.492284,13.18946,SE,Sweden,Lidköping,,1,350.0
58.495351,13.169485,SE,Sweden,Lidköping,,2,360.0
58.492562,13.141014,SE,Sweden,Lidköping,,1,225.0
58.333548,12.610403,SE,Sweden,Grästorp,,1,150.0
58.273768,12.295419,SE,Sweden,Trollhättan,,1,400.0
58.312315,12.304026,SE,Sweden,,,4,360.0
58.315579,12.306919,SE,Sweden,Trollhättan,,2,300.0
58.351231,11.865994,SE,Sweden,Uddevalla,,1,400.0
57.886466,11.947666,SE,Sweden,Kungälv,,1,350.0
57.714042,11.971484,SE,Sweden,,,1,150.0
57.737238,11.942503,SE,Sweden,Göteborg,,1,400.0
58.20188,16.001149,SE,Sweden,Åtvidaberg,,1,200.0
58.202376,15.997793,SE,Sweden,Åtvidaberg,,1,11.0
56.190965,14.847078,SE,Sweden,Karlshamn,,2,250.0
56.231388,15.257913,SE,Sweden,Ronneby,,2,250.0
56.884168,14.763357,SE,Sweden,Växjö,,2,250.0
57.063412,12.352826,SE,Sweden,Himle,,2,250.0
57.263204,16.42776,SE,Sweden,Oskarshamn,,2,250.0
57.924984,14.319784,SE,Sweden,Gränna,,1,250.0
59.181126,18.159705,SE,Sweden,Haninge,,2,250.0
59.608723,16.622328,SE,Sweden,Västerås,,2,250.0
61.116856,14.627723,SE,Sweden,Blästgatan,,2,250.0
62.443017,17.345613,SE,Sweden,Sundsbruk,,2,250.0
58.533677,15.036904,SE,Sweden,Motala,,1,0.0
65.588159,19.189897,SE,Sweden,Arvidsjaur,,2,350.0
66.607645,19.828129,SE,Sweden,Jokkmokk,,2,350.0
58.442477,14.888148,SE,Sweden,Vadstena,,2,180.0
58.420418,15.614487,SE,Sweden,Linköping,,1,11.0
58.417071,15.612416,SE,Sweden,Linköping,,1,11.0
58.416202,15.617103,SE,Sweden,,,1,11.0
58.41734,15.524723,SE,Sweden,,,1,11.0
58.417136,15.523848,SE,Sweden,,,1,11.0
57.514986,12.075786,SE,Sweden,Kungsbacka,,1,150.0
57.601748,12.051645,SE,Sweden,,,1,150.0
58.352637,11.810593,SE,Sweden,,,1,150.0
58.074069,11.824539,SE,Sweden,Stenungsund,,1,150.0
57.874115,11.966324,SE,Sweden,Kungälv,,2,350.0
58.742676,15.573507,SE,Sweden,Hällestad,,1,22.0
58.424737,14.895488,SE,Sweden,Vadstena,,1,22.0
58.412485,15.637188,SE,Sweden,,,1,11.0
58.556745,15.038277,SE,Sweden,Motala,,1,22.0
58.389825,15.09108,SE,Sweden,Skänninge,,1,150.0
58.365667,15.294957,SE,Sweden,Mantorp,,1,22.0
58.444543,14.882424,SE,Sweden,Vadstena,,1,0.0
58.412109,15.627416,SE,Sweden,Linköping,,1,11.0
59.26353,15.236837,SE,Sweden,Örebro,,1,22.0
58.72997,15.156677,SE,Sweden,,,1,11.0
58.620491,14.972586,SE,Sweden,,,1,11.0
58.619677,14.970727,SE,Sweden,,,1,11.0
58.509428,15.499821,SE,Sweden,Ljungsbro,,1,0.0
58.563046,15.289031,SE,Sweden,Borensberg,,1,0.0
58.563992,15.276101,SE,Sweden,Borensberg,,1,0.0
58.558583,15.28618,SE,Sweden,,,1,0.0
67.850888,20.59545,SE,Sweden,JUKKASJÄRVI,,2,11.0
66.608269,19.82797,SE,Sweden,JOKKMOKK,,1,360.0
65.8209,21.69958,SE,Sweden,BODEN,,2,150.0
65.820094,21.671126,SE,Sweden,BODEN,,8,11.0
65.818187,21.668224,SE,Sweden,BODEN,,8,11.0
65.818182,21.671914,SE,Sweden,BODEN,,8,11.0
65.581249,22.14353,SE,Sweden,LULEÅ,,1,150.0
65.31757,21.48253,SE,Sweden,PITEÅ,,3,50.0
65.09882,17.11527,SE,Sweden,STORUMAN,,6,22.0
64.737032,20.965018,SE,Sweden,SKELLEFTEÅ,,6,50.0
64.73009,20.97264,SE,Sweden,SKELLEFTEÅ,,2,150.0
64.590313,18.692208,SE,Sweden,LYCKSELE,,6,50.0
63.85492,20.21558,SE,Sweden,UMEÅ,,4,350.0
63.852437,20.295387,SE,Sweden,UMEÅ,,6,50.0
63.42292,15.826083,SE,Sweden,STUGUN,,2,12.7
63.344796,14.242471,SE,Sweden,NÄLDEN,,4,22.0
63.29046,18.70478,SE,Sweden,ÖRNSKÖLDSVIK,,6,50.0
63.192071,14.652091,SE,Sweden,ÖSTERSUND,,24,350.0
63.025256,16.626617,SE,Sweden,BISPGÅRDEN,,1,11.0
62.804153,17.951902,SE,Sweden,SANDÖVERKEN,,4,50.0
62.481159,13.977206,SE,Sweden,VEMDALEN,,18,22.0
62.42281,17.34668,SE,Sweden,SUNDSVALL,,2,0.0
62.4216,13.9558,SE,Sweden,VEMDALEN,,8,22.0
62.41967,16.59793,SE,Sweden,STÖDE,,8,12.7
62.380225,17.359059,SE,Sweden,SUNDSVALL,,2,150.0
62.04526,17.264747,SE,Sweden,GNARP,,6,50.0
61.742808,17.116417,SE,Sweden,HUDIKSVALL,,10,350.0
61.30232,17.05769,SE,Sweden,SÖDERHAMN,,2,22.0
61.272876,12.848333,SE,Sweden,SÄLEN,,1,11.0
61.217072,14.542673,SE,Sweden,ORSA,,1,22.0
61.177587,12.992773,SE,Sweden,SÄLEN,,10,11.0
61.119747,14.618043,SE,Sweden,ORSA,,1,22.0
61.117842,14.617821,SE,Sweden,ORSA,,2,22.0
61.042286,13.354988,SE,Sweden,TRANSTRAND,,1,11.0
61.017137,14.601314,SE,Sweden,MORA,,1,11.0
61.00891,14.61049,SE,Sweden,FÄRNÄS,,4,0.0
60.874573,16.702132,SE,Sweden,OCKELBO,,2,22.0
60.65851,17.16337,SE,Sweden,GÄVLE,,4,350.0
60.6585,12.96796,SE,Sweden,SYSSLEBÄCK,,9,22.0
60.622031,16.778329,SE,Sweden,SANDVIKEN,,1,22.0
60.618827,16.760221,SE,Sweden,SANDVIKEN,,4,50.0
60.478265,15.415244,SE,Sweden,BORLÄNGE,,2,22.0
60.142943,14.42268,SE,Sweden,FREDRIKSBERG,,1,11.0
60.08009,17.73839,SE,Sweden,SKYTTORP,,4,3.7
60.06916,13.0854,SE,Sweden,TORSBY,,2,22.0
60.0255,17.73159,SE,Sweden,VATTHOLMA,,4,3.7
59.86159,17.63727,SE,Sweden,UPPSALA,,8,11.0
59.85326,17.69189,SE,Sweden,UPPSALA,,4,0.0
59.846921,17.670617,SE,Sweden,UPPSALA,,6,11.0
59.70926,16.22427,SE,Sweden,SURAHAMMAR,,6,22.0
59.65042,17.93265,SE,Sweden,STOCKHOLM-ARLANDA,,56,3.7
59.641881,16.567032,SE,Sweden,VÄSTERÅS,,8,22.0
59.641107,16.566253,SE,Sweden,VÄSTERÅS,,6,22.0
59.63715,16.55985,SE,Sweden,VÄSTERÅS,,4,0.0
59.616371,17.851217,SE,Sweden,MÄRSTA,,5,50.0
59.609777,13.470288,SE,Sweden,DEJE,,2,22.0
59.60552,17.0491,SE,Sweden,ENKÖPING,,20,22.0
59.563407,17.889894,SE,Sweden,ROSERSBERG,,9,0.0
59.534451,13.482313,SE,Sweden,FORSHAGA,,1,22.0
59.51406,15.99477,SE,Sweden,KÖPING,,4,0.0
59.505138,15.987115,SE,Sweden,KÖPING,,2,11.0
59.5013,13.33212,SE,Sweden,KIL,,8,22.0
59.48819,18.27324,SE,Sweden,ÅKERSBERGA,,8,50.0
59.483619,18.127168,SE,Sweden,TÄBY,,3,22.0
59.425852,15.828203,SE,Sweden,ARBOGA,,3,200.0
59.421471,17.924243,SE,Sweden,SOLLENTUNA,,2,50.0
59.420991,17.845638,SE,Sweden,JÄRFÄLLA,,2,22.0
59.402129,17.868069,SE,Sweden,JÄRFÄLLA,,1,22.0
59.401205,17.86894,SE,Sweden,JÄRFÄLLA,,1,22.0
59.400943,17.869283,SE,Sweden,JÄRFÄLLA,,1,22.0
59.397414,12.125337,SE,Sweden,ÅRJÄNG,,2,350.0
59.395742,18.051088,SE,Sweden,DANDERYD,,6,50.0
59.389596,17.045418,SE,Sweden,STRÄNGNÄS,,2,11.0
59.389124,16.533958,SE,Sweden,ESKILSTUNA,,9,50.0
59.388886,16.468399,SE,Sweden,ESKILSTUNA,,8,22.0
59.381094,17.897485,SE,Sweden,SPÅNGA,,2,100.0
59.379343,13.505715,SE,Sweden,KARLSTAD,,4,22.0
59.375753,16.470292,SE,Sweden,ESKILSTUNA,,7,50.0
59.375604,13.555746,SE,Sweden,KARLSTAD,,8,50.0
59.373786,17.855389,SE,Sweden,VÄLLINGBY,,2,22.0
59.36713,17.65028,SE,Sweden,SVARTSJÖ,,16,11.0
59.366758,17.962495,SE,Sweden,SUNDBYBERG,,1,22.0
59.359535,18.135701,SE,Sweden,LIDINGÖ,,2,11.0
59.35736,17.95344,SE,Sweden,BROMMA,,4,22.0
59.350773,17.959791,SE,Sweden,BROMMA,,1,11.0
59.333166,18.106714,SE,Sweden,STOCKHOLM,,1,300.0
59.327344,18.013153,SE,Sweden,STOCKHOLM,,1,300.0
59.31305,18.170377,SE,Sweden,NACKA,,10,22.0
59.31189,18.06915,SE,Sweden,STOCKHOLM,,19,22.0
59.31049,18.06421,SE,Sweden,STOCKHOLM,,15,22.0
59.309559,18.138085,SE,Sweden,NACKA,,6,22.0
59.309285,18.286756,SE,Sweden,SALTSJÖ-BOO,,12,11.0
59.30518,15.23097,SE,Sweden,ÖREBRO,,2,150.0
59.285241,17.945654,SE,Sweden,SEGELTORP,,2,150.0
59.285079,17.945601,SE,Sweden,SEGELTORP,,10,22.0
59.275935,15.907806,SE,Sweden,ARBOGA,,1,11.0
59.26538,17.88134,SE,Sweden,VÅRBY,,2,22.0
59.265208,18.141748,SE,Sweden,SKARPNÄCK,,1,22.0
59.24287,18.215941,SE,Sweden,TYRESÖ,,2,22.0
59.202412,17.781633,SE,Sweden,RÖNNINGE,,1,22.0
59.177588,17.440843,SE,Sweden,NYKVARN,,1,11.0
59.177423,18.161034,SE,Sweden,HANDEN,,6,50.0
59.176317,17.434649,SE,Sweden,NYKVARN,,3,22.0
59.175935,17.435223,SE,Sweden,NYKVARN,,4,22.0
59.175384,17.436052,SE,Sweden,NYKVARN,,5,22.0
59.130546,15.127469,SE,Sweden,KUMLA,,2,11.0
59.130215,15.124193,SE,Sweden,KUMLA,,1,22.0
59.045382,12.691101,SE,Sweden,ÅMÅL,,1,350.0
58.97114,12.64171,SE,Sweden,TÖSSE,,2,22.0
58.745086,17.011044,SE,Sweden,NYKÖPING,,2,11.0
58.66198,11.84909,SE,Sweden,HEDEKAS,,3,22.0
58.600544,11.292527,SE,Sweden,FJÄLLBACKA,,2,11.0
58.60023,11.291216,SE,Sweden,FJÄLLBACKA,,4,11.0
58.52694,13.48852,SE,Sweden,GÖTENE,,4,22.0
58.51556,13.48799,SE,Sweden,GÖTENE,,2,22.0
58.490139,11.622452,SE,Sweden,MUNKEDAL,,3,50.0
58.374592,13.870317,SE,Sweden,SKÖVDE,,12,11.0
58.357885,11.515004,SE,Sweden,BRASTAD,,2,11.0
58.353288,11.957648,SE,Sweden,UDDEVALLA,,1,22.0
58.3498,11.935649,SE,Sweden,UDDEVALLA,,9,22.0
58.273767,11.438687,SE,Sweden,LYSEKIL,,4,22.0
58.249201,13.087665,SE,Sweden,TRÅVAD,,2,11.0
58.231725,14.641268,SE,Sweden,ÖDESHÖG,,4,22.0
58.15406,13.56295,SE,Sweden,FALKÖPING,,6,22.0
58.04002,12.80259,SE,Sweden,VÅRGÅRDA,,4,150.0
58.038896,12.811642,SE,Sweden,VÅRGÅRDA,,6,22.0
58.035546,12.804151,SE,Sweden,VÅRGÅRDA,,4,22.0
57.98185,12.18303,SE,Sweden,SKEPPLANDA,,1,360.0
57.902318,11.929042,SE,Sweden,KAREBY,,2,11.0
57.880073,11.942468,SE,Sweden,KUNGÄLV,,4,3.7
57.843875,11.792586,SE,Sweden,KÄRNA,,2,11.0
57.82992,12.99356,SE,Sweden,FRISTAD,,4,0.0
57.782509,12.295993,SE,Sweden,LERUM,,2,22.0
57.77841,11.95682,SE,Sweden,HISINGS BACKA,,18,22.0
57.770424,12.027192,SE,Sweden,ANGERED,,4,3.7
57.751882,11.933222,SE,Sweden,GÖTEBORG,,12,11.0
57.75152,12.24686,SE,Sweden,LERUM,,8,0.0
57.74673,11.97765,SE,Sweden,HISINGS BACKA,,4,3.7
57.74456,11.97534,SE,Sweden,HISINGS BACKA,,10,3.7
57.741689,12.004364,SE,Sweden,GÖTEBORG,,1,360.0
57.737706,12.038619,SE,Sweden,GÖTEBORG,,6,3.7
57.73303,12.00896,SE,Sweden,GÖTEBORG,,2,3.7
57.731753,12.064718,SE,Sweden,SÄVEDALEN,,10,22.0
57.72962,12.0016,SE,Sweden,GÖTEBORG,,8,3.7
57.72301,11.94362,SE,Sweden,GÖTEBORG,,2,3.7
57.712946,11.993523,SE,Sweden,GÖTEBORG,,14,11.0
57.712516,11.978077,SE,Sweden,GÖTEBORG,,4,3.7
57.711455,11.937204,SE,Sweden,GÖTEBORG,,71,22.0
57.71084,11.99817,SE,Sweden,GÖTEBORG,,4,3.7
57.70921,11.94712,SE,Sweden,GÖTEBORG,,40,22.0
57.70898,12.00307,SE,Sweden,GÖTEBORG,,6,3.7
57.70723,11.96389,SE,Sweden,GÖTEBORG,,4,3.7
57.70715,11.94087,SE,Sweden,GÖTEBORG,,20,3.7
57.70571,11.99354,SE,Sweden,GÖTEBORG,,45,22.0
57.705,11.989,SE,Sweden,GÖTEBORG,,40,22.0
57.7047,11.99464,SE,Sweden,GÖTEBORG,,4,11.0
57.7046,11.9918,SE,Sweden,GÖTEBORG,,22,3.7
57.704006,16.001409,SE,Sweden,VIMMERBY,,2,22.0
57.70305,11.98454,SE,Sweden,GÖTEBORG,,39,3.7
57.70236,11.98014,SE,Sweden,GÖTEBORG,,40,3.7
57.701984,11.992648,SE,Sweden,GÖTEBORG,,8,3.7
57.701798,11.994181,SE,Sweden,GÖTEBORG,,48,3.7
57.7015,11.965,SE,Sweden,GÖTEBORG,,20,22.0
57.7012,11.962,SE,Sweden,GÖTEBORG,,14,22.0
57.700959,11.820028,SE,Sweden,GÖTEBORG,,8,22.0
57.700511,11.991453,SE,Sweden,GÖTEBORG,,4,3.7
57.700366,11.945641,SE,Sweden,GÖTEBORG,,28,3.7
57.6986,11.9714,SE,Sweden,GÖTEBORG,,11,3.7
57.698,11.957,SE,Sweden,GÖTEBORG,,46,22.0
57.69713,11.952681,SE,Sweden,GÖTEBORG,,14,3.7
57.691015,11.996366,SE,Sweden,GÖTEBORG,,24,7.4
57.68959,11.99833,SE,Sweden,GÖTEBORG,,163,22.0
57.685488,12.002229,SE,Sweden,GÖTEBORG,,8,22.0
57.685042,11.963256,SE,Sweden,GÖTEBORG,,34,22.0
57.684999,12.002153,SE,Sweden,GÖTEBORG,,10,22.0
57.680503,11.931476,SE,Sweden,GÖTEBORG,,2,22.0
57.679677,11.931987,SE,Sweden,GÖTEBORG,,1,11.0
57.678,11.93588,SE,Sweden,GÖTEBORG,,10,3.7
57.676522,14.091066,SE,Sweden,TABERG,,7,11.0
57.67127,15.871246,SE,Sweden,VIMMERBY,,6,22.0
57.66819,11.92301,SE,Sweden,GÖTEBORG,,4,22.0
57.666461,15.85752,SE,Sweden,VIMMERBY,,2,22.0
57.662535,12.034488,SE,Sweden,MÖLNDAL,,4,22.0
57.6612,11.8456,SE,Sweden,VÄSTRA FRÖLUNDA,,14,3.7
57.66052,11.84454,SE,Sweden,VÄSTRA FRÖLUNDA,,12,3.7
57.656532,12.008317,SE,Sweden,MÖLNDAL,,12,22.0
57.656018,15.122531,SE,Sweden,HULT,,2,22.0
57.655115,11.987754,SE,Sweden,MÖLNDAL,,4,22.0
57.65257,11.98779,SE,Sweden,MÖLNDAL,,4,22.0
57.650901,12.049964,SE,Sweden,MÖLNDAL,,4,22.0
57.650294,11.990697,SE,Sweden,MÖLNDAL,,16,22.0
57.649977,12.001734,SE,Sweden,MÖLNDAL,,10,22.0
57.649174,12.048986,SE,Sweden,MÖLNDAL,,4,22.0
57.6487,11.93383,SE,Sweden,VÄSTRA FRÖLUNDA,,6,3.7
57.647416,11.992921,SE,Sweden,MÖLNDAL,,5,22.0
57.644127,12.01606,SE,Sweden,MÖLNDAL,,6,22.0
57.643096,12.028159,SE,Sweden,MÖLNDAL,,4,22.0
57.640861,11.999008,SE,Sweden,MÖLNDAL,,10,22.0
57.63859,12.01693,SE,Sweden,MÖLNDAL,,8,3.7
57.63681,11.95862,SE,Sweden,ASKIM,,6,3.7
57.606359,12.034364,SE,Sweden,KÅLLERED,,4,22.0
57.575565,12.101862,SE,Sweden,LINDOME,,2,22.0
57.489623,15.830779,SE,Sweden,HULTSFRED,,6,22.0
57.445834,15.062694,SE,Sweden,VETLANDA,,4,22.0
57.351653,12.105738,SE,Sweden,ÅSA,,2,22.0
57.3416,18.71932,SE,Sweden,LJUGARN,,4,11.0
57.175739,14.061412,SE,Sweden,VÄRNAMO,,4,22.0
57.08732,12.27191,SE,Sweden,VARBERG,,1,22.0
57.01113,14.56996,SE,Sweden,MOHEDA,,4,12.7
57.002213,16.526479,SE,Sweden,MÖNSTERÅS,,1,22.0
56.88531,14.80351,SE,Sweden,VÄXJÖ,,6,11.0
56.69517,16.121405,SE,Sweden,TREKANTEN,,2,22.0
56.67915,16.52867,SE,Sweden,FÄRJESTADEN,,6,22.0
56.652106,12.898407,SE,Sweden,HALMSTAD,,4,11.0
56.64799,16.47191,SE,Sweden,FÄRJESTADEN,,6,22.0
56.63329,16.51525,SE,Sweden,FÄRJESTADEN,,6,22.0
56.61951,16.49769,SE,Sweden,FÄRJESTADEN,,6,22.0
56.51914,16.39819,SE,Sweden,MÖRBYLÅNGA,,6,22.0
56.513284,13.05222,SE,Sweden,LAHOLM,,4,11.0
56.466416,16.127548,SE,Sweden,SÖDERÅKRA,,4,22.0
56.465998,14.693089,SE,Sweden,RYD,,1,22.0
56.446549,13.609548,SE,Sweden,MARKARYD,,2,0.0
56.427848,12.846612,SE,Sweden,BÅSTAD,,6,22.0
56.426357,12.878083,SE,Sweden,BÅSTAD,,4,11.0
56.410149,12.836962,SE,Sweden,BÅSTAD,,6,22.0
56.385572,12.823332,SE,Sweden,BÅSTAD,,1,11.0
56.384598,12.819333,SE,Sweden,BÅSTAD,,1,11.0
56.38118,13.969813,SE,Sweden,OSBY,,2,22.0
56.380406,13.975417,SE,Sweden,OSBY,,2,22.0
56.376837,13.991879,SE,Sweden,OSBY,,4,22.0
56.369311,13.1685,SE,Sweden,VÅXTORP,,3,22.0
56.35647,16.42163,SE,Sweden,DEGERHAMN,,6,22.0
56.35609,12.805788,SE,Sweden,FÖRSLÖV,,8,22.0
56.354915,12.804468,SE,Sweden,FÖRSLÖV,,23,22.0
56.284808,13.338698,SE,Sweden,ÖRKELLJUNGA,,6,50.0
56.256075,12.890821,SE,Sweden,ÄNGELHOLM,,4,22.0
56.190809,14.845957,SE,Sweden,KARLSHAMN,,6,22.0
56.18915,13.05588,SE,Sweden,ÖSTRA LJUNGBY,,2,0.0
56.17546,14.859721,SE,Sweden,KARLSHAMN,,5,22.0
56.162617,14.81663,SE,Sweden,KARLSHAMN,,4,22.0
56.162205,14.817052,SE,Sweden,KARLSHAMN,,12,22.0
56.103717,12.745406,SE,Sweden,ÖDÅKRA,,1,11.0
56.1009,12.857361,SE,Sweden,HYLLINGE,,20,350.0
56.04666,12.69372,SE,Sweden,HELSINGBORG,,24,11.0
56.03921,12.70052,SE,Sweden,HELSINGBORG,,26,22.0
56.038671,12.695929,SE,Sweden,HELSINGBORG,,20,22.0
55.868004,12.831194,SE,Sweden,LANDSKRONA,,6,50.0
55.836828,14.091362,SE,Sweden,DEGEBERGA,,2,22.0
55.767043,13.003531,SE,Sweden,LÖDDEKÖPINGE,,4,22.0
55.74129,12.93123,SE,Sweden,BARSEBÄCK,,14,50.0
55.720697,13.194029,SE,Sweden,LUND,,2,11.0
55.662976,13.53074,SE,Sweden,VEBERÖD,,10,22.0
55.643682,13.06551,SE,Sweden,ARLÖV,,12,22.0
55.589576,13.023696,SE,Sweden,MALMÖ,,2,22.0
55.58827,13.043136,SE,Sweden,MALMÖ,,2,11.0
55.582534,13.006683,SE,Sweden,MALMÖ,,8,22.0
55.557593,12.947651,SE,Sweden,VINTRIE,,2,22.0
55.42505,13.83914,SE,Sweden,YSTAD,,20,22.0
55.346889,13.376277,SE,Sweden,SMYGEHAMN,,2,22.0
58.534758,15.016167,SE,Sweden,Motala,,1,22.0
58.397569,15.665777,SE,Sweden,Linköping,,1,22.0
59.886703,12.284244,SE,Sweden,Charlottenberg,,1,180.0
58.527723,15.519323,SE,Sweden,Ljungsbro,,1,22.0
62.468076,13.871103,SE,Sweden,,,2,120.0
58.385659,15.674136,SE,Sweden,Linköping,,1,11.0
58.402332,15.660313,SE,Sweden,,,1,11.0
58.427571,15.591562,SE,Sweden,Linköping,,2,150.0
58.434314,15.596993,SE,Sweden,Linköping,,1,22.0
58.422791,15.627756,SE,Sweden,Linköping,,1,22.0
58.243196,15.66798,SE,Sweden,Brokind,,1,22.0
58.539428,15.015194,SE,Sweden,Motala,,3,50.0
58.391394,15.562219,SE,Sweden,Linköping,,1,22.0
58.402763,15.605836,SE,Sweden,Linköping,,1,22.0
58.370612,15.68586,SE,Sweden,Linköping,,1,11.0
58.429893,15.59331,SE,Sweden,Linköping,,1,22.0
58.595809,16.191654,SE,Sweden,Norrköping,,1,22.0
58.595432,16.192421,SE,Sweden,Norrköping,,1,22.0
58.489131,11.62794,SE,Sweden,Munkedal,,1,400.0
56.001251,14.098446,SE,Sweden,Kristianstad,,1,400.0
57.450712,14.101095,SE,Sweden,Skillingaryd,,1,400.0
58.405869,15.623945,SE,Sweden,Linköping,,1,6.1
58.409025,15.615645,SE,Sweden,Linköping,,1,22.0
58.418358,15.658967,SE,Sweden,Linköping,,1,3.5
58.407698,15.589187,SE,Sweden,,,1,22.0
58.619299,16.154688,SE,Sweden,Norrköping,,1,22.0
58.429349,15.593739,SE,Sweden,,,1,0.0
58.372751,15.651184,SE,Sweden,,,1,22.0
59.761869,18.697819,SE,Sweden,Norrtälje,,4,50.0
56.876666,16.664757,SE,Sweden,Borgholm,,1,180.0
56.687302,16.317701,SE,Sweden,Kalmar,,1,160.0
55.702519,13.185478,SE,Sweden,Lund,,2,50.0
57.321333,13.545798,SE,Sweden,Gislaved,,3,50.0
58.536519,15.044683,SE,Sweden,Motala,,1,3.7
58.410833,15.523787,SE,Sweden,,,1,11.0
58.43396,15.599446,SE,Sweden,Linköping,,1,150.0
58.480454,15.231779,SE,Sweden,Borensberg,,1,11.0
58.537009,15.032565,SE,Sweden,Motala,,2,240.0
58.556876,15.03801,SE,Sweden,Motala,,1,150.0
57.598949,11.9525,SE,Sweden,Västra Götalands län,,1,0.0
62.636592,17.924081,SE,Sweden,Härnösand,,1,250.0
67.121369,20.656195,SE,Sweden,GÄLLIVARE,,2,100.0
65.848747,21.703233,SE,Sweden,BODEN,,1,11.0
65.842706,24.131129,SE,Sweden,HAPARANDA,,25,150.0
65.825774,21.671542,SE,Sweden,BODEN,,2,22.0
65.810033,21.698111,SE,Sweden,BODEN,,2,11.0
65.75369,21.76237,SE,Sweden,BODEN,,4,0.0
65.38465,20.33002,SE,Sweden,LÅNGTRÄSK,,2,150.0
65.310192,21.49809,SE,Sweden,PITEÅ,,6,50.0
65.099273,17.116706,SE,Sweden,STORUMAN,,6,22.0
64.75575,20.91826,SE,Sweden,SKELLEFTEÅ,,5,50.0
64.68584,21.23976,SE,Sweden,SKELLEFTEHAMN,,6,0.0
64.625159,16.655029,SE,Sweden,VILHELMINA,,6,50.0
64.58863,18.69311,SE,Sweden,LYCKSELE,,2,150.0
64.53043,19.34692,SE,Sweden,ÅMSELE,,4,150.0
64.30775,15.23629,SE,Sweden,LIDSJÖBERG,,2,150.0
63.90243,14.92749,SE,Sweden,FÖLLINGE,,10,22.0
63.40379,13.06102,SE,Sweden,ÅRE,,6,11.0
63.40286,13.06424,SE,Sweden,ÅRE,,20,11.0
63.206425,18.490772,SE,Sweden,BJÄSTA,,1,11.0
63.206374,14.640368,SE,Sweden,ÖSTERSUND,,4,0.0
63.166431,15.603849,SE,Sweden,STUGUN,,2,0.0
63.0679,14.83103,SE,Sweden,BRUNFLO,,4,350.0
63.006727,17.759785,SE,Sweden,NYLAND,,5,100.0
62.996326,17.672645,SE,Sweden,BOLLSTABRUK,,2,22.0
62.93247,17.777532,SE,Sweden,KRAMFORS,,5,50.0
62.929556,18.291767,SE,Sweden,NORDINGRÅ,,2,22.0
62.486736,13.941647,SE,Sweden,VEMDALEN,,2,11.0
62.48885,17.32694,SE,Sweden,TIMRÅ,,2,11.0
62.481317,13.975549,SE,Sweden,VEMDALEN,,2,11.0
62.47146,16.331952,SE,Sweden,TORPSHAMMAR,,2,11.0
62.44321,13.88638,SE,Sweden,VEMDALEN,,8,22.0
62.441514,17.330126,SE,Sweden,SUNDSVALL,,4,0.0
62.387733,17.318129,SE,Sweden,SUNDSVALL,,1,12.7
62.37408,17.34547,SE,Sweden,SUNDSVALL,,6,22.0
62.11087,13.28833,SE,Sweden,LOFSDALEN,,18,22.0
62.033848,14.365406,SE,Sweden,SVEG,,7,150.0
61.970826,16.339987,SE,Sweden,BJURÅKER,,3,50.0
61.888012,12.828434,SE,Sweden,IDRE,,5,11.0
61.820584,16.059425,SE,Sweden,LJUSDAL,,3,0.0
61.742972,17.078972,SE,Sweden,HUDIKSVALL,,4,350.0
61.73609,17.10576,SE,Sweden,HUDIKSVALL,,6,22.0
61.707674,16.164016,SE,Sweden,JÄRVSÖ,,7,150.0
61.693147,13.13758,SE,Sweden,SÄRNA,,2,22.0
61.32969,16.41038,SE,Sweden,BOLLNÄS,,1,160.0
61.298602,17.028934,SE,Sweden,SÖDERHAMN,,6,150.0
61.264352,12.891244,SE,Sweden,SÄLEN,,2,22.0
61.228071,14.040115,SE,Sweden,ÄLVDALEN,,2,22.0
61.161041,13.108746,SE,Sweden,SÄLEN,,1,22.0
61.151424,13.202808,SE,Sweden,SÄLEN,,20,7.4
61.135642,13.95914,SE,Sweden,ÄLVDALEN,,1,22.0
61.01578,14.600525,SE,Sweden,MORA,,1,11.0
61.006983,14.532453,SE,Sweden,MORA,,6,11.0
60.860797,15.106066,SE,Sweden,RÄTTVIK,,10,11.0
60.825913,14.99459,SE,Sweden,TÄLLBERG,,2,11.0
60.825821,15.000416,SE,Sweden,TÄLLBERG,,2,11.0
60.819271,15.007339,SE,Sweden,TÄLLBERG,,2,22.0
60.819153,15.007265,SE,Sweden,TÄLLBERG,,2,22.0
60.752346,14.971402,SE,Sweden,LEKSAND,,6,11.0
60.744583,14.940084,SE,Sweden,LEKSAND,,2,11.0
60.739266,14.983259,SE,Sweden,LEKSAND,,2,11.0
60.735034,14.987566,SE,Sweden,LEKSAND,,4,11.0
60.68323,13.72905,SE,Sweden,MALUNG,,2,350.0
60.640092,17.14136,SE,Sweden,GÄVLE,,6,50.0
60.63375,17.41308,SE,Sweden,SKUTSKÄR,,4,22.0
60.624974,15.611114,SE,Sweden,FALUN,,5,150.0
60.579205,15.259885,SE,Sweden,BORLÄNGE,,2,11.0
60.509633,14.801266,SE,Sweden,DALA-FLODA,,1,11.0
60.508443,14.232245,SE,Sweden,VANSBRO,,9,150.0
60.430491,16.218934,SE,Sweden,STJÄRNSUND,,4,11.0
60.371024,18.154613,SE,Sweden,ÖSTHAMMAR,,2,3.7
60.347584,15.749774,SE,Sweden,SÄTER,,2,22.0
60.346719,15.751747,SE,Sweden,SÄTER,,2,22.0
60.34487,17.49665,SE,Sweden,TIERP,,3,50.0
60.249433,18.348488,SE,Sweden,ÖSTHAMMAR,,6,22.0
60.14646,13.00648,SE,Sweden,TORSBY,,2,22.0
60.14162,16.19634,SE,Sweden,AVESTA,,2,0.0
60.10082,18.81516,SE,Sweden,GRISSLEHAMN,,10,22.0
60.04821,18.59563,SE,Sweden,HALLSTAVIK,,6,22.0
60.0407,18.59275,SE,Sweden,HALLSTAVIK,,6,22.0
60.02756,13.6924,SE,Sweden,HAGFORS,,12,22.0
60.00517,15.786858,SE,Sweden,FAGERSTA,,2,22.0
60.0,15.0,SE,Sweden,KOPPARBERG,,5,150.0
59.9902,15.81605,SE,Sweden,FAGERSTA,,1,11.0
59.938389,16.86647,SE,Sweden,HEBY,,2,11.0
59.89521,18.49332,SE,Sweden,EDSBRO,,6,22.0
59.851786,17.711757,SE,Sweden,UPPSALA,,6,11.0
59.84673,17.63148,SE,Sweden,UPPSALA,,4,12.7
59.84268,17.72986,SE,Sweden,UPPSALA,,3,50.0
59.83924,17.64705,SE,Sweden,UPPSALA,,4,12.7
59.74834,18.35438,SE,Sweden,RIMBO,,6,22.0
59.74413,18.37011,SE,Sweden,RIMBO,,6,22.0
59.73917,18.35618,SE,Sweden,RIMBO,,6,22.0
59.69831,16.24705,SE,Sweden,SURAHAMMAR,,6,22.0
59.66176,17.49332,SE,Sweden,BÅLSTA,,2,3.7
59.660817,15.196921,SE,Sweden,GUSSELBY,,2,22.0
59.656512,12.642206,SE,Sweden,ARVIKA,,2,350.0
59.6478,17.9302,SE,Sweden,STOCKHOLM-ARLANDA,,15,3.7
59.64732,17.14336,SE,Sweden,ENKÖPING,,18,11.0
59.63609,16.53093,SE,Sweden,VÄSTERÅS,,10,22.0
59.6209,16.45956,SE,Sweden,VÄSTERÅS,,4,11.0
59.617433,16.464229,SE,Sweden,VÄSTERÅS,,2,300.0
59.6138,16.61438,SE,Sweden,VÄSTERÅS,,2,100.0
59.61049,16.56391,SE,Sweden,VÄSTERÅS,,26,22.0
59.60993,16.63516,SE,Sweden,VÄSTERÅS,,14,22.0
59.60782,16.56075,SE,Sweden,VÄSTERÅS,,10,22.0
59.602758,16.487628,SE,Sweden,VÄSTERÅS,,6,22.0
59.58599,17.89633,SE,Sweden,ROSERSBERG,,3,50.0
59.585233,16.46923,SE,Sweden,VÄSTERÅS,,4,22.0
59.57126,16.40289,SE,Sweden,VÄSTERÅS,,8,22.0
59.55468,17.79354,SE,Sweden,KUNGSÄNGEN,,12,22.0
59.53643,15.95192,SE,Sweden,KÖPING,,6,22.0
59.511696,17.717521,SE,Sweden,KUNGSÄNGEN,,12,11.0
59.50713,11.84215,SE,Sweden,TÖCKSFORS,,4,50.0
59.50711,16.00496,SE,Sweden,KÖPING,,10,22.0
59.488485,18.271035,SE,Sweden,ÅKERSBERGA,,8,22.0
59.478741,18.30581,SE,Sweden,ÅKERSBERGA,,6,50.0
59.477859,18.307985,SE,Sweden,ÅKERSBERGA,,6,22.0
59.44346,13.34641,SE,Sweden,KARLSTAD,,10,22.0
59.42833,17.95113,SE,Sweden,SOLLENTUNA,,50,22.0
59.42242,18.04515,SE,Sweden,DANDERYD,,6,22.0
59.41756,17.92886,SE,Sweden,KISTA,,1,300.0
59.4115,17.86253,SE,Sweden,JÄRFÄLLA,,8,11.0
59.41068,18.03752,SE,Sweden,DANDERYD,,1,300.0
59.409731,13.62569,SE,Sweden,KARLSTAD,,5,350.0
59.406739,17.842391,SE,Sweden,JÄRFÄLLA,,12,50.0
59.40098,17.94918,SE,Sweden,KISTA,,3,50.0
59.391541,13.853108,SE,Sweden,VÄSE,,4,150.0
59.38253,17.99177,SE,Sweden,SOLNA,,28,22.0
59.38039,18.05558,SE,Sweden,STOCKSUND,,8,22.0
59.379833,16.516702,SE,Sweden,ESKILSTUNA,,4,3.7
59.369949,18.017539,SE,Sweden,SOLNA,,1,22.0
59.36644,17.9615,SE,Sweden,SUNDBYBERG,,11,22.0
59.35711,17.96785,SE,Sweden,SUNDBYBERG,,6,22.0
59.34711,17.8833,SE,Sweden,BROMMA,,6,22.0
59.346491,18.058413,SE,Sweden,STOCKHOLM,,20,22.0
59.34508,17.97296,SE,Sweden,BROMMA,,6,22.0
59.34434,17.8801,SE,Sweden,BROMMA,,6,22.0
59.342649,18.068037,SE,Sweden,STOCKHOLM,,18,22.0
59.34204,18.08402,SE,Sweden,STOCKHOLM,,23,22.0
59.341443,18.090889,SE,Sweden,STOCKHOLM,,16,22.0
59.33977,18.047411,SE,Sweden,STOCKHOLM,,2,22.0
59.33878,17.94666,SE,Sweden,BROMMA,,6,22.0
59.33798,18.01218,SE,Sweden,STOCKHOLM,,159,3.7
59.3296,18.04899,SE,Sweden,STOCKHOLM,,34,22.0
59.31478,17.76673,SE,Sweden,SKÅ,,1,22.0
59.314743,14.148413,SE,Sweden,KRISTINEHAMN,,8,150.0
59.312986,18.4276,SE,Sweden,GUSTAVSBERG,,5,150.0
59.3117,17.67864,SE,Sweden,EKERÖ,,2,22.0
59.309401,18.155409,SE,Sweden,NACKA,,6,22.0
59.30616,18.06915,SE,Sweden,STOCKHOLM,,7,22.0
59.3059,18.14638,SE,Sweden,NACKA,,4,22.0
59.2999,18.00473,SE,Sweden,HÄGERSTEN,,7,22.0
59.299557,14.13354,SE,Sweden,KRISTINEHAMN,,2,350.0
59.29641,18.08893,SE,Sweden,JOHANNESHOV,,4,22.0
59.29556,15.19983,SE,Sweden,ÖREBRO,,6,350.0
59.2943,17.976585,SE,Sweden,HÄGERSTEN,,2,22.0
59.294,18.10198,SE,Sweden,JOHANNESHOV,,6,22.0
59.29311,18.10919,SE,Sweden,JOHANNESHOV,,6,22.0
59.29215,18.08134,SE,Sweden,JOHANNESHOV,,131,3.7
59.291874,17.968588,SE,Sweden,HÄGERSTEN,,2,22.0
59.29155,18.01816,SE,Sweden,HÄGERSTEN,,1,160.0
59.29146,18.1188,SE,Sweden,JOHANNESHOV,,6,22.0
59.28734,18.0871,SE,Sweden,ENSKEDE,,5,22.0
59.2826,18.11503,SE,Sweden,JOHANNESHOV,,6,22.0
59.28044,18.10834,SE,Sweden,ENSKEDEDALEN,,4,22.0
59.27974,18.09495,SE,Sweden,ENSKEDE,,4,22.0
59.27961,17.94332,SE,Sweden,SEGELTORP,,4,22.0
59.27848,18.1338,SE,Sweden,BAGARMOSSEN,,6,22.0
59.27566,18.12857,SE,Sweden,BAGARMOSSEN,,6,22.0
59.27255,15.177193,SE,Sweden,ÖREBRO,,12,150.0
59.271239,17.913837,SE,Sweden,KUNGENS KURVA,,12,50.0
59.26833,17.92988,SE,Sweden,KUNGENS KURVA,,4,22.0
59.263377,15.199173,SE,Sweden,ÖREBRO,,41,22.0
59.26025,15.19629,SE,Sweden,ÖREBRO,,10,50.0
59.257308,15.205813,SE,Sweden,ÖREBRO,,4,22.0
59.249197,18.231102,SE,Sweden,TYRESÖ,,7,150.0
59.22514,17.93088,SE,Sweden,HUDDINGE,,2,22.0
59.22113,18.010246,SE,Sweden,HUDDINGE,,5,11.0
59.12799,12.88349,SE,Sweden,SÄFFLE,,3,200.0
59.06332,11.21164,SE,Sweden,STRÖMSTAD,,2,11.0
59.06014,12.69514,SE,Sweden,ÅMÅL,,6,22.0
59.05978,12.68003,SE,Sweden,ÅMÅL,,6,22.0
59.05965,12.70303,SE,Sweden,ÅMÅL,,6,22.0
59.05854,12.70234,SE,Sweden,ÅMÅL,,1,22.0
59.055369,12.675738,SE,Sweden,ÅMÅL,,1,300.0
59.055614,12.675014,SE,Sweden,ÅMÅL,,3,200.0
59.05073,12.70638,SE,Sweden,ÅMÅL,,2,22.0
59.05005,12.70586,SE,Sweden,ÅMÅL,,2,22.0
59.04989,12.70312,SE,Sweden,ÅMÅL,,6,22.0
59.04179,12.7008,SE,Sweden,ÅMÅL,,4,22.0
59.04033,12.71015,SE,Sweden,ÅMÅL,,7,22.0
58.9745,12.63599,SE,Sweden,TÖSSE,,10,22.0
58.94429,17.48177,SE,Sweden,VAGNHÄRAD,,8,11.0
58.886047,14.906569,SE,Sweden,ASKERSUND,,2,22.0
58.85694,14.21632,SE,Sweden,HOVA,,8,22.0
58.72116,11.34673,SE,Sweden,TANUMSHEDE,,9,50.0
58.652701,12.052681,SE,Sweden,HÖGSÄTER,,2,11.0
58.647323,16.170339,SE,Sweden,ÅBY,,12,150.0
58.621893,16.154469,SE,Sweden,NORRKÖPING,,1,150.0
58.5734,16.20959,SE,Sweden,NORRKÖPING,,30,22.0
58.564608,15.387267,SE,Sweden,LJUNGSBRO,,1,11.0
58.325886,15.125721,SE,Sweden,Mjölby,,4,11.0
58.54024,15.04389,SE,Sweden,MOTALA,,6,22.0
58.492597,13.140751,SE,Sweden,LIDKÖPING,,4,0.0
58.48731,11.63023,SE,Sweden,MUNKEDAL,,3,50.0
58.44391,11.43685,SE,Sweden,HUNNEBOSTRAND,,30,11.0
58.43137,14.39962,SE,Sweden,KARLSBORG,,2,11.0
58.43121,14.16082,SE,Sweden,TIBRO,,8,22.0
58.42697,14.13924,SE,Sweden,TIBRO,,8,22.0
58.41922,13.870611,SE,Sweden,SKÖVDE,,4,0.0
58.41699,14.14709,SE,Sweden,TIBRO,,8,22.0
58.4123,14.15248,SE,Sweden,TIBRO,,8,22.0
58.401738,15.65897,SE,Sweden,LINKÖPING,,3,3.7
58.40319,13.86628,SE,Sweden,SKÖVDE,,12,22.0
58.401197,15.574659,SE,Sweden,Linköping,,16,22.0
58.39455,15.558461,SE,Sweden,LINKÖPING,,12,22.0
58.391609,15.561992,SE,Sweden,LINKÖPING,,2,22.0
58.391192,15.562362,SE,Sweden,LINKÖPING,,50,22.0
58.38899,13.84215,SE,Sweden,SKÖVDE,,90,22.0
58.378895,13.402215,SE,Sweden,SKARA,,2,150.0
58.3725,13.831914,SE,Sweden,SKÖVDE,,2,22.0
58.37226,15.29562,SE,Sweden,MANTORP,,4,350.0
58.350472,11.927968,SE,Sweden,UDDEVALLA,,4,22.0
58.35004,11.84902,SE,Sweden,UDDEVALLA,,3,22.0
58.322475,15.092281,SE,Sweden,MJÖLBY,,1,300.0
58.28504,12.29261,SE,Sweden,TROLLHÄTTAN,,112,3.7
58.2712,13.72537,SE,Sweden,STENSTORP,,4,11.0
58.257585,12.961107,SE,Sweden,VARA,,8,50.0
58.206562,16.595224,SE,Sweden,VALDEMARSVIK,,2,22.0
58.19776,15.05304,SE,Sweden,BOXHOLM,,2,22.0
58.1965,15.05563,SE,Sweden,BOXHOLM,,6,150.0
58.13748,15.68508,SE,Sweden,RIMFORSA,,4,150.0
58.0529,14.50511,SE,Sweden,GRÄNNA,,3,50.0
57.95072,11.557684,SE,Sweden,BLEKET,,4,22.0
57.93507,12.5721,SE,Sweden,ALINGSÅS,,1,350.0
57.92011,12.51194,SE,Sweden,ALINGSÅS,,6,11.0
57.92005,14.08572,SE,Sweden,HABO,,2,22.0
57.90882,14.07545,SE,Sweden,HABO,,4,22.0
57.904774,11.928624,SE,Sweden,KAREBY,,2,11.0
57.88635,11.59131,SE,Sweden,MARSTRAND,,36,22.0
57.878014,11.97887,SE,Sweden,KUNGÄLV,,4,22.0
57.87066,11.973317,SE,Sweden,KUNGÄLV,,2,11.0
57.870575,11.969298,SE,Sweden,KUNGÄLV,,2,11.0
57.869085,11.953902,SE,Sweden,KUNGÄLV,,2,22.0
57.868324,11.992677,SE,Sweden,KUNGÄLV,,2,22.0
57.865098,11.995728,SE,Sweden,KUNGÄLV,,2,11.0
57.862946,11.919332,SE,Sweden,YTTERBY,,4,11.0
57.861077,19.0591,SE,Sweden,FÅRÖSUND,,2,22.0
57.859501,11.916936,SE,Sweden,YTTERBY,,4,11.0
57.859083,11.89829,SE,Sweden,YTTERBY,,8,22.0
57.812667,13.420141,SE,Sweden,Ulricehamn,,3,360.0
57.80074,12.366919,SE,Sweden,FLODA,,9,50.0
57.793175,18.531581,SE,Sweden,TINGSTÄDE,,2,22.0
57.77729,11.86446,SE,Sweden,SÄVE,,4,22.0
57.774126,12.000342,SE,Sweden,HISINGS BACKA,,26,22.0
57.75643,16.64611,SE,Sweden,VÄSTERVIK,,4,22.0
57.75131,11.99574,SE,Sweden,HISINGS BACKA,,2,11.0
57.74866,11.88111,SE,Sweden,GÖTEBORG,,4,11.0
57.7424,11.9936,SE,Sweden,HISINGS BACKA,,4,11.0
57.716877,11.980846,SE,Sweden,Göteborg,,1,360.0
57.733138,12.074085,SE,Sweden,SÄVEDALEN,,6,100.0
57.73012,12.9376,SE,Sweden,BORÅS,,2,150.0
57.72509,12.03335,SE,Sweden,GÖTEBORG,,1,11.0
57.721977,11.856597,SE,Sweden,GÖTEBORG,,20,11.0
57.715829,11.832337,SE,Sweden,GÖTEBORG,,6,11.0
57.71391,11.85085,SE,Sweden,GÖTEBORG,,10,11.0
57.71235,12.91568,SE,Sweden,BORÅS,,2,11.0
57.70264,11.9768,SE,Sweden,GÖTEBORG,,15,22.0
57.70206,11.85889,SE,Sweden,GÖTEBORG,,4,350.0
57.70065,11.98119,SE,Sweden,GÖTEBORG,,4,3.7
57.69959,11.95291,SE,Sweden,VÄSTRA FRÖLUNDA,,2,11.0
57.69102,11.91396,SE,Sweden,GÖTEBORG,,10,3.7
57.69095,12.82461,SE,Sweden,BORÅS,,2,0.0
57.685241,11.653909,SE,Sweden,HÖNÖ,,2,11.0
57.683608,14.152455,SE,Sweden,JÖNKÖPING,,10,22.0
57.6778,14.68889,SE,Sweden,NÄSSJÖ,,1,350.0
57.677079,14.165361,SE,Sweden,JÖNKÖPING,,10,22.0
57.67091,12.30152,SE,Sweden,LANDVETTER,,96,22.0
57.66597,14.182419,SE,Sweden,JÖNKÖPING,,4,350.0
57.65786,11.94193,SE,Sweden,VÄSTRA FRÖLUNDA,,8,11.0
57.65652,11.89886,SE,Sweden,VÄSTRA FRÖLUNDA,,5,11.0
57.653576,12.497595,SE,Sweden,RÄVLANDA,,4,11.0
57.6488,11.98257,SE,Sweden,MÖLNDAL,,10,11.0
57.646517,14.734011,SE,Sweden,NÄSSJÖ,,9,50.0
57.643799,11.985311,SE,Sweden,MÖLNDAL,,1,150.0
57.639994,18.336437,SE,Sweden,VISBY,,2,350.0
57.63319,18.336076,SE,Sweden,VISBY,,6,11.0
57.61688,15.58134,SE,Sweden,MARIANNELUND,,2,50.0
57.495097,12.079502,SE,Sweden,KUNGSBACKA,,4,3.7
57.49369,11.985405,SE,Sweden,SÄRÖ,,6,22.0
57.492362,12.63054,SE,Sweden,SKENE,,2,22.0
57.49033,12.07966,SE,Sweden,KUNGSBACKA,,2,22.0
57.48942,12.07299,SE,Sweden,KUNGSBACKA,,18,22.0
57.451552,13.582627,SE,Sweden,HESTRA,,4,22.0
57.38615,15.80805,SE,Sweden,MÅLILLA,,5,22.0
57.349416,15.838044,SE,Sweden,MÅLILLA,,1,11.0
57.29726,13.56088,SE,Sweden,GISLAVED,,6,22.0
57.28877,13.59404,SE,Sweden,GISLAVED,,2,0.0
57.28258,18.47139,SE,Sweden,STÅNGA,,10,11.0
57.25614,16.43377,SE,Sweden,OSKARSHAMN,,2,0.0
57.174632,14.061532,SE,Sweden,VÄRNAMO,,15,350.0
57.168642,14.582827,SE,Sweden,VÄXJÖ,,5,12.7
57.168013,12.276203,SE,Sweden,VARBERG,,4,350.0
57.137247,12.7135,SE,Sweden,ULLARED,,8,22.0
57.137,12.71432,SE,Sweden,ULLARED,,2,11.0
57.08615,12.27538,SE,Sweden,VARBERG,,1,22.0
57.035288,18.258081,SE,Sweden,BURGSVIK,,4,50.0
57.010505,13.247593,SE,Sweden,HYLTEBRUK,,2,22.0
57.007114,15.563302,SE,Sweden,ÄLGHULT,,4,11.0
56.98655,14.30747,SE,Sweden,RYDAHOLM,,2,22.0
56.92378,14.7331,SE,Sweden,VÄXJÖ,,16,22.0
56.92079,13.98799,SE,Sweden,LAGAN,,6,22.0
56.917515,12.502472,SE,Sweden,FALKENBERG,,1,150.0
56.9029,14.83032,SE,Sweden,VÄXJÖ,,4,22.0
56.90011,12.53241,SE,Sweden,FALKENBERG,,6,11.0
56.89667,14.77116,SE,Sweden,VÄXJÖ,,8,22.0
56.88857,14.78352,SE,Sweden,VÄXJÖ,,6,22.0
56.886774,12.510782,SE,Sweden,FALKENBERG,,4,200.0
56.87629,16.66484,SE,Sweden,BORGHOLM,,4,0.0
56.871032,14.645036,SE,Sweden,GEMLA,,5,12.7
56.857692,14.822921,SE,Sweden,VÄXJÖ,,10,50.0
56.813375,13.904881,SE,Sweden,LJUNGBY,,8,22.0
56.81203,13.90583,SE,Sweden,LJUNGBY,,4,0.0
56.69512,16.33032,SE,Sweden,KALMAR,,4,150.0
56.67842,16.34066,SE,Sweden,KALMAR,,2,11.0
56.675835,12.90755,SE,Sweden,HALMSTAD,,3,400.0
56.67365,12.88963,SE,Sweden,HALMSTAD,,6,3.7
56.6637,12.86137,SE,Sweden,HALMSTAD,,2,50.0
56.659177,16.331372,SE,Sweden,KALMAR,,2,22.0
56.65772,12.90923,SE,Sweden,HALMSTAD,,8,22.0
56.56357,14.14316,SE,Sweden,ÄLMHULT,,2,11.0
56.553106,14.132579,SE,Sweden,ÄLMHULT,,40,22.0
56.55063,14.140676,SE,Sweden,ÄLMHULT,,10,22.0
56.52862,14.95825,SE,Sweden,TINGSRYD,,4,11.0
56.503338,15.136848,SE,Sweden,TINGSRYD,,10,22.0
56.496888,15.112282,SE,Sweden,KONGA,,13,22.0
56.47043,13.57598,SE,Sweden,MARKARYD,,4,11.0
56.29064,12.84524,SE,Sweden,ÄNGELHOLM,,12,22.0
56.275554,14.543385,SE,Sweden,OLOFSTRÖM,,10,50.0
56.219166,15.269328,SE,Sweden,RONNEBY,,2,22.0
56.216716,15.270138,SE,Sweden,RONNEBY,,6,100.0
56.209425,14.834504,SE,Sweden,ASARUM,,4,22.0
56.209195,14.758276,SE,Sweden,MÖRRUM,,4,22.0
56.207086,14.848516,SE,Sweden,ASARUM,,4,22.0
56.20532,15.284514,SE,Sweden,RONNEBY,,4,11.0
56.199793,15.287315,SE,Sweden,RONNEBY,,2,11.0
56.198372,15.642272,SE,Sweden,KARLSKRONA,,2,11.0
56.193994,14.851924,SE,Sweden,KARLSHAMN,,4,22.0
56.193063,14.853096,SE,Sweden,KARLSHAMN,,2,22.0
56.1913,15.83398,SE,Sweden,JÄMJÖ,,4,150.0
56.189625,15.293551,SE,Sweden,RONNEBY,,2,22.0
56.189472,14.765314,SE,Sweden,MÖRRUM,,2,22.0
56.187198,14.744521,SE,Sweden,MÖRRUM,,2,22.0
56.187015,14.857493,SE,Sweden,KARLSHAMN,,2,22.0
56.18611,14.85092,SE,Sweden,KARLSHAMN,,4,22.0
56.180282,14.8658,SE,Sweden,KARLSHAMN,,2,22.0
56.176366,14.87595,SE,Sweden,KARLSHAMN,,2,11.0
56.176327,15.29902,SE,Sweden,RONNEBY,,4,22.0
56.176199,14.858161,SE,Sweden,KARLSHAMN,,2,11.0
56.176058,15.300074,SE,Sweden,RONNEBY,,8,22.0
56.175931,14.502193,SE,Sweden,NÄSUM,,1,11.0
56.17432,14.2857,SE,Sweden,ARKELSTORP,,6,22.0
56.173183,14.857936,SE,Sweden,KARLSHAMN,,4,22.0
56.171696,14.820927,SE,Sweden,KARLSHAMN,,10,22.0
56.17146,14.86168,SE,Sweden,KARLSHAMN,,2,22.0
56.17114,14.85903,SE,Sweden,KARLSHAMN,,4,22.0
56.169894,14.497312,SE,Sweden,NÄSUM,,2,11.0
56.16764,14.969376,SE,Sweden,TRENSUM,,4,11.0
56.167428,14.866918,SE,Sweden,KARLSHAMN,,4,22.0
56.165878,14.870392,SE,Sweden,KARLSHAMN,,2,22.0
56.16533,14.865106,SE,Sweden,KARLSHAMN,,12,22.0
56.165137,14.879844,SE,Sweden,KARLSHAMN,,2,22.0
56.16298,15.57605,SE,Sweden,KARLSKRONA,,4,11.0
56.15835,13.80553,SE,Sweden,HÄSSLEHOLM,,18,22.0
56.144378,14.519776,SE,Sweden,NÄSUM,,2,22.0
56.132551,12.714899,SE,Sweden,ALLERUM,,8,22.0
56.06522,14.08574,SE,Sweden,FÄRLÖV,,6,22.0
56.05576,14.02517,SE,Sweden,ÖNNESTAD,,6,22.0
56.044828,14.675654,SE,Sweden,SÖLVESBORG,,6,22.0
56.04322,14.27864,SE,Sweden,FJÄLKINGE,,6,22.0
56.02965,12.75933,SE,Sweden,HELSINGBORG,,2,11.0
56.02618,14.14531,SE,Sweden,KRISTIANSTAD,,10,22.0
56.02491,14.16936,SE,Sweden,KRISTIANSTAD,,10,22.0
56.01932,12.76717,SE,Sweden,HELSINGBORG,,1,350.0
55.988121,12.757919,SE,Sweden,RYDEBÄCK,,6,22.0
55.9459,14.15559,SE,Sweden,GÄRDS KÖPINGE,,6,22.0
55.93072,14.30177,SE,Sweden,ÅHUS,,6,22.0
55.89895,14.10352,SE,Sweden,EVERÖD,,6,22.0
55.894708,13.3934,SE,Sweden,STEHAG,,4,22.0
55.87145,12.854038,SE,Sweden,LANDSKRONA,,6,50.0
55.83102,14.08803,SE,Sweden,DEGEBERGA,,6,22.0
55.76619,12.99153,SE,Sweden,LÖDDEKÖPINGE,,3,50.0
55.71767,13.219651,SE,Sweden,LUND,,10,22.0
55.712211,13.275808,SE,Sweden,LUND,,10,22.0
55.688484,13.185482,SE,Sweden,LUND,,10,22.0
55.642146,13.23015,SE,Sweden,STAFFANSTORP,,6,50.0
55.628335,13.046747,SE,Sweden,MALMÖ,,4,350.0
55.597152,12.99046,SE,Sweden,MALMÖ,,16,22.0
55.591615,12.93896,SE,Sweden,LIMHAMN,,1,22.0
55.59029,12.96217,SE,Sweden,MALMÖ,,8,3.7
55.566575,12.911381,SE,Sweden,LIMHAMN,,2,150.0
55.56645,13.05041,SE,Sweden,MALMÖ,,16,22.0
55.559357,12.935484,SE,Sweden,BUNKEFLOSTRAND,,2,150.0
55.42933,13.81902,SE,Sweden,YSTAD,,1,11.0
55.412065,12.843359,SE,Sweden,SKANÖR,,5,50.0
55.39075,12.834494,SE,Sweden,FALSTERBO,,2,50.0
56.444814,13.60328,SE,Sweden,Markaryd,,1,300.0
55.557441,14.347571,SE,Sweden,Simrishamn,,1,22.0
58.313497,12.298161,SE,Sweden,,,2,250.0
58.276065,12.312042,SE,Sweden,Trollhättan,,3,50.0
59.267486,17.902674,SE,Sweden,,,2,300.0
59.300829,18.099055,SE,Sweden,,,1,200.0
59.246419,18.06551,SE,Sweden,Fagersjö,,3,50.0
59.332499,18.092703,SE,Sweden,Stockholm,,3,50.0
59.411904,18.037347,SE,Sweden,Djursholm,,1,150.0
59.513912,17.92611,SE,Sweden,Upplands Väsby,,3,50.0
59.445825,17.943377,SE,Sweden,Sollentuna kommun,,1,150.0
59.379938,18.025585,SE,Sweden,Solna kommun,,1,150.0
60.248732,18.349028,SE,Sweden,Östhammar,,1,150.0
58.430954,15.584648,SE,Sweden,Linköping ,,2,300.0
58.431721,15.661742,SE,Sweden,Linköping,,1,320.0
58.620033,16.154728,SE,Sweden,Norrköping,,1,225.0
58.752785,16.975064,SE,Sweden,Nyköping,,1,150.0
58.748991,16.980798,SE,Sweden,Nyköping,,2,300.0
59.867719,17.661531,SE,Sweden,Uppsala,,1,150.0
59.618053,17.857984,SE,Sweden,Märsta,,3,50.0
55.771957,13.36726,SE,Sweden,Flyige,,1,11.0
58.373904,15.652138,SE,Sweden,Linköping,,6,22.0
59.844656,17.727382,SE,Sweden,Uppsala,,3,50.0
59.84454,17.728047,SE,Sweden,Uppsala,,2,150.0
59.31122,14.127818,SE,Sweden,Kristinehamn,,2,200.0
58.705289,12.455116,SE,Sweden,Mellerud,,1,350.0
57.666157,14.181555,SE,Sweden,Jönköping,,1,360.0
56.81197,13.910524,SE,Sweden,Ljungby,,1,360.0
56.099221,12.852634,SE,Sweden,Åstorps kommun,,1,150.0
56.193608,12.854361,SE,Sweden,Ängelholms kommun,,1,50.0
56.662963,12.876578,SE,Sweden,Halmstad,,3,360.0
57.601318,12.053239,SE,Sweden,Kållered,,1,22.0
57.601602,12.052735,SE,Sweden,Kållered,,1,150.0
64.506463,14.143846,SE,Sweden,Gäddede,,2,250.0
63.395137,13.087569,SE,Sweden,Åre,,2,150.0
56.644222,16.467796,SE,Sweden,Färjestaden,,1,22.0
57.641602,11.997766,SE,Sweden,Mölndal,,1,320.0
57.64809,11.96256,SE,Sweden,Mölndal,,1,150.0
57.871051,11.948818,SE,Sweden,Kungälv,,1,180.0
57.876523,11.982071,SE,Sweden,Kungälv,,1,50.0
60.151562,15.191846,SE,Sweden,Ludvika,,2,250.0
56.671353,16.334218,SE,Sweden,Kalmar,,2,250.0
56.091698,12.765849,SE,Sweden,Helsingborg,,2,250.0
58.343854,11.925979,SE,Sweden,Uddevalla,,1,22.0
67.848097,20.254787,SE,Sweden,KIRUNA,,7,50.0
67.848093,20.275566,SE,Sweden,KIRUNA,,4,350.0
67.138278,20.659553,SE,Sweden,GÄLLIVARE,,4,350.0
65.816208,21.709256,SE,Sweden,BODEN,,10,50.0
65.593644,22.073053,SE,Sweden,LULEÅ,,4,11.0
65.587515,19.189984,SE,Sweden,ARVIDSJAUR,,2,350.0
65.58485,19.19756,SE,Sweden,ARVIDSJAUR,,4,0.0
64.59604,18.67441,SE,Sweden,LYCKSELE,,1,250.0
63.85382,20.01612,SE,Sweden,UMEÅ,,4,22.0
63.167399,17.276685,SE,Sweden,SOLLEFTEÅ,,1,22.0
63.166565,14.74274,SE,Sweden,ÖSTERSUND,,12,300.0
62.380645,17.357624,SE,Sweden,SUNDSVALL,,2,150.0
62.351229,17.029709,SE,Sweden,MATFORS,,2,22.0
61.829288,16.08321,SE,Sweden,LJUSDAL,,4,150.0
61.82758,16.09503,SE,Sweden,LJUSDAL,,2,250.0
61.7174,16.16959,SE,Sweden,JÄRVSÖ,,4,22.0
61.348677,16.388448,SE,Sweden,BOLLNÄS,,4,150.0
61.12081,14.599535,SE,Sweden,ORSA,,2,11.0
61.009837,14.523916,SE,Sweden,MORA,,6,11.0
60.90177,12.59402,SE,Sweden,HÖLJES,,5,150.0
60.64997,17.33184,SE,Sweden,FURUVIK,,20,22.0
60.64953,17.32421,SE,Sweden,FURUVIK,,20,11.0
60.648885,17.119773,SE,Sweden,GÄVLE,,12,50.0
60.541267,16.293046,SE,Sweden,HOFORS,,7,150.0
60.47833,15.43674,SE,Sweden,BORLÄNGE,,6,50.0
60.468935,15.406899,SE,Sweden,BORLÄNGE,,20,22.0
60.345486,17.491017,SE,Sweden,TIERP,,6,11.0
60.065527,15.917826,SE,Sweden,NORBERG,,1,150.0
59.960417,13.106164,SE,Sweden,SUNNE,,3,200.0
59.9224,16.58758,SE,Sweden,SALA,,4,22.0
59.913568,16.623098,SE,Sweden,SALA,,4,11.0
59.86284,17.64478,SE,Sweden,UPPSALA,,9,22.0
59.85943,17.64682,SE,Sweden,UPPSALA,,7,22.0
59.823913,13.143252,SE,Sweden,SUNNE,,4,11.0
59.762795,18.691422,SE,Sweden,NORRTÄLJE,,6,22.0
59.740041,17.812741,SE,Sweden,KNIVSTA,,2,300.0
59.660539,12.626135,SE,Sweden,ARVIKA,,8,22.0
59.648912,16.571264,SE,Sweden,VÄSTERÅS,,1,150.0
59.616332,17.850067,SE,Sweden,MÄRSTA,,2,300.0
59.5968,18.4357,SE,Sweden,VÄSTERÅS,,2,350.0
59.59673,16.43588,SE,Sweden,VÄSTERÅS,,1,350.0
59.559527,17.549227,SE,Sweden,BÅLSTA,,6,22.0
59.542758,17.61497,SE,Sweden,BRO,,12,22.0
59.527616,18.512598,SE,Sweden,ÅKERSBERGA,,8,22.0
59.52639,18.1105,SE,Sweden,VALLENTUNA,,2,11.0
59.523785,18.609749,SE,Sweden,LJUSTERÖ,,2,20.0
59.49092,18.27552,SE,Sweden,ÅKERSBERGA,,2,11.0
59.487925,18.302094,SE,Sweden,ÅKERSBERGA,,4,22.0
59.486424,18.30095,SE,Sweden,ÅKERSBERGA,,4,22.0
59.46771,18.13941,SE,Sweden,TÄBY,,2,11.0
59.44799,18.087448,SE,Sweden,TÄBY,,2,300.0
59.445597,18.12124,SE,Sweden,TÄBY,,3,200.0
59.434561,18.065282,SE,Sweden,TÄBY,,4,22.0
59.43433,18.26038,SE,Sweden,ÅKERSBERGA,,4,22.0
59.414799,17.86318,SE,Sweden,JÄRFÄLLA,,6,22.0
59.41141,18.06485,SE,Sweden,DJURSHOLM,,1,22.0
59.396986,18.041475,SE,Sweden,DANDERYD,,8,3.7
59.38804,16.46551,SE,Sweden,ESKILSTUNA,,2,150.0
59.38272,18.00675,SE,Sweden,SOLNA,,33,7.4
59.380342,18.009662,SE,Sweden,SOLNA,,2,300.0
59.37577,17.835922,SE,Sweden,HÄSSELBY,,2,300.0
59.37386,13.39139,SE,Sweden,KARLSTAD,,4,11.0
59.358498,16.494091,SE,Sweden,ESKILSTUNA,,6,22.0
59.357586,17.958026,SE,Sweden,BROMMA,,2,11.0
59.35715,16.484948,SE,Sweden,ESKILSTUNA,,4,22.0
59.35573,17.95459,SE,Sweden,BROMMA,,12,22.0
59.33391,17.92359,SE,Sweden,BROMMA,,4,11.0
59.325966,18.005716,SE,Sweden,STOCKHOLM,,1,11.0
59.32485,14.44258,SE,Sweden,KARLSKOGA,,8,350.0
59.31596,18.03806,SE,Sweden,STOCKHOLM,,8,22.0
59.301311,18.101072,SE,Sweden,STOCKHOLM,,2,300.0
59.299727,18.01161,SE,Sweden,HÄGERSTEN,,2,300.0
59.29235,15.20322,SE,Sweden,ÖREBRO,,4,225.0
59.2849,15.24227,SE,Sweden,ÖREBRO,,8,11.0
59.28392,17.78963,SE,Sweden,EKERÖ,,2,22.0
59.276206,15.218692,SE,Sweden,ÖREBRO,,9,22.0
59.275722,15.218141,SE,Sweden,ÖREBRO,,8,22.0
59.27309,17.90889,SE,Sweden,SKÄRHOLMEN,,16,12.7
59.269931,17.921761,SE,Sweden,KUNGENS KURVA,,3,360.0
59.268765,17.916068,SE,Sweden,KUNGENS KURVA,,12,11.0
59.267299,15.211433,SE,Sweden,ÖREBRO,,7,7.4
59.266027,15.180656,SE,Sweden,ÖREBRO,,8,22.0
59.26048,18.034213,SE,Sweden,BANDHAGEN,,2,300.0
59.259977,15.194203,SE,Sweden,ÖREBRO,,4,22.0
59.24766,15.16805,SE,Sweden,ÖREBRO,,2,11.0
59.243396,17.834711,SE,Sweden,NORSBORG,,1,150.0
59.24327,18.219255,SE,Sweden,TYRESÖ,,2,300.0
59.237318,17.832713,SE,Sweden,NORSBORG,,4,22.0
59.211231,15.13344,SE,Sweden,ÖREBRO,,4,200.0
59.20588,17.59392,SE,Sweden,SÖDERTÄLJE,,4,22.0
59.200875,17.669776,SE,Sweden,SÖDERTÄLJE,,6,22.0
59.200023,18.129966,SE,Sweden,SKOGÅS,,2,300.0
59.196193,17.62994,SE,Sweden,SÖDERTÄLJE,,2,11.0
59.188343,17.566697,SE,Sweden,SÖDERTÄLJE,,10,22.0
59.165531,18.157912,SE,Sweden,HANDEN,,4,22.0
59.164403,18.134045,SE,Sweden,HANDEN,,4,22.0
59.005555,16.236275,SE,Sweden,KATRINEHOLM,,9,150.0
58.95,11.23333,SE,Sweden,STRÖMSTAD,,20,0.0
58.930535,11.181444,SE,Sweden,STRÖMSTAD,,4,11.0
58.90612,17.55172,SE,Sweden,TROSA,,6,11.0
58.69674,13.81793,SE,Sweden,MARIESTAD,,4,50.0
58.66619,16.467206,SE,Sweden,KOLMÅRDEN,,11,22.0
58.60279,16.166855,SE,Sweden,NORRKÖPING,,2,300.0
58.59493,16.18613,SE,Sweden,NORRKÖPING,,8,12.7
58.575036,15.937678,SE,Sweden,SKÄRBLACKA,,6,11.0
58.479573,16.319417,SE,Sweden,SÖDERKÖPING,,3,22.0
55.780331,8.289452,DK,Denmark,Nørre Nebel,,2,400.0
55.489209,12.161234,DK,Denmark,Region Sjælland,,1,300.0
55.669535,12.543789,DK,Denmark,Region Hovedstaden,,1,22.0
55.724817,12.437592,DK,Denmark,Herlev,,3,300.0
55.493119,11.972479,DK,Denmark,Borup,,1,11.0
56.158641,10.068093,DK,Denmark,Brabrand,,3,400.0
56.183028,10.101323,DK,Denmark,Tilst,,4,240.0
57.456229,10.010167,DK,Denmark,Hjørring,,2,240.0
57.110466,8.6085,DK,Denmark,Hanstholm,,2,50.0
56.967602,8.700098,DK,Denmark,Thisted,,4,50.0
56.955872,8.685432,DK,Denmark,Thisted,,2,50.0
56.951855,8.691091,DK,Denmark,Thisted,,2,12.7
56.891338,8.529707,DK,Denmark,Snedsted,,2,50.0
56.764538,8.323474,DK,Denmark,Vestervig,,2,50.0
56.71809,8.47033,DK,Denmark,Hurup Thy,,2,12.7
56.541401,10.036471,DK,Denmark,Spentrup,,2,12.7
56.504463,9.991913,DK,Denmark,Randers,,2,12.7
56.49892,10.134438,DK,Denmark,Randers,,4,12.7
56.489315,10.02656,DK,Denmark,Randers,,2,12.7
56.485287,10.024605,DK,Denmark,Randers,,2,12.7
56.440079,10.064366,DK,Denmark,Randers,,4,12.7
56.174522,9.3382,DK,Denmark,Engesvang,,2,12.7
56.148556,9.140269,DK,Denmark,Ikast,,2,12.7
56.148266,9.145722,DK,Denmark,Ikast,,2,12.7
56.14415,9.144847,DK,Denmark,Ikast,,2,12.7
56.14119,9.27399,DK,Denmark,Bording,,2,12.7
56.140697,9.156057,DK,Denmark,Ikast,,8,12.7
56.140446,10.204805,DK,Denmark,Aarhus C,,4,50.0
56.137554,9.154622,DK,Denmark,Ikast,,2,12.7
56.134903,9.150497,DK,Denmark,Ikast,,6,12.7
56.124275,9.144246,DK,Denmark,Ikast,,2,12.7
55.961662,9.399442,DK,Denmark,Nørre Snede,,2,12.7
55.942936,9.129569,DK,Denmark,Brande,,4,12.7
55.9314,9.488317,DK,Denmark,Klovborg,,2,12.7
55.842373,12.436632,DK,Denmark,Birkerød,,4,12.7
55.826237,12.423718,DK,Denmark,Birkerød,,2,12.7
55.759953,12.457965,DK,Denmark,Bagsværd,,8,12.7
55.73568,12.495365,DK,Denmark,Søborg,,8,12.7
55.725552,12.479954,DK,Denmark,Søborg,,10,12.7
55.703812,9.538225,DK,Denmark,Vejle,,40,12.7
55.652515,12.356798,DK,Denmark,Vallensbæk,,2,12.7
55.565472,9.017722,DK,Denmark,Brørup,,2,12.7
55.523987,9.113413,DK,Denmark,Læborg,,4,12.7
55.511333,8.918163,DK,Denmark,Holsted,,2,12.7
55.475277,9.144945,DK,Denmark,Vejen,,4,12.7
55.475082,9.137651,DK,Denmark,Vejen,,2,12.7
55.36554,9.063244,DK,Denmark,Rødding,,2,12.7
55.357136,11.686882,DK,Denmark,Glumsø,,2,12.7
55.355404,9.208321,DK,Denmark,Rødding,,2,12.7
55.353809,11.689546,DK,Denmark,Glumsø,,2,12.7
55.353767,11.691917,DK,Denmark,Glumsø,,2,12.7
55.256954,11.783221,DK,Denmark,Næstved,,2,12.7
55.231861,11.781336,DK,Denmark,Næstved,,4,12.7
55.222485,11.764387,DK,Denmark,Næstved,,20,12.7
55.218933,11.776573,DK,Denmark,Næstved,,2,12.7
55.209087,11.781673,DK,Denmark,Næstved,,2,12.7
55.168407,11.971398,DK,Denmark,Tappernøje,,2,12.7
57.45627,10.011218,DK,Denmark,Hjørring,,1,300.0
55.30879,10.809756,DK,Denmark,Nyborg,,1,250.0
55.316372,11.75121,DK,Denmark,Herlufmagle,,4,12.7
55.272575,11.807252,DK,Denmark,Holmegaard,,4,12.7
55.22604,11.750923,DK,Denmark,Næstved,,2,12.7
55.224506,11.775458,DK,Denmark,Næstved,,4,12.7
55.230965,11.746269,DK,Denmark,Næstved,,2,12.7
55.228477,11.768063,DK,Denmark,Næstved,,2,12.7
57.112785,8.60706,DK,Denmark,Hanstholm,,2,12.7
57.112617,8.598985,DK,Denmark,Hanstholm,,2,12.7
57.112251,8.60818,DK,Denmark,Hanstholm,,2,12.7
57.086327,8.992214,DK,Denmark,Frøstrup,,2,12.7
57.078213,8.993146,DK,Denmark,Frøstrup,,2,12.7
57.0289,8.841711,DK,Denmark,Thisted,,4,12.7
57.023121,8.670584,DK,Denmark,Thisted,,2,12.7
56.970261,8.799692,DK,Denmark,Thisted,,2,12.7
56.968258,8.699819,DK,Denmark,Thisted,,2,12.7
56.965523,8.696755,DK,Denmark,Thisted,,2,12.7
56.964092,8.703166,DK,Denmark,Thisted,,2,12.7
56.963932,8.789932,DK,Denmark,Thisted,,2,12.7
56.963696,8.70903,DK,Denmark,Thisted,,2,12.7
56.962208,8.688412,DK,Denmark,Thisted,,2,12.7
56.961983,8.725877,DK,Denmark,Thisted,,2,12.7
56.960163,8.70382,DK,Denmark,Thisted,,2,12.7
56.846725,8.530201,DK,Denmark,Thisted,,2,12.7
56.959782,8.66681,DK,Denmark,Thisted,,2,12.7
56.95731,8.729342,DK,Denmark,Thisted,,2,12.7
56.957294,8.725943,DK,Denmark,Thisted,,2,12.7
56.955853,8.699602,DK,Denmark,Thisted,,2,12.7
56.953434,8.586546,DK,Denmark,Thisted,,2,12.7
56.952965,8.592971,DK,Denmark,Thisted,,2,12.7
56.952755,8.724486,DK,Denmark,Thisted,,2,12.7
56.950169,8.59431,DK,Denmark,Thisted,,2,12.7
56.949291,8.642719,DK,Denmark,Thisted,,2,12.7
56.944733,8.658424,DK,Denmark,Thisted,,2,12.7
56.927559,8.506175,DK,Denmark,Thisted,,2,12.7
56.926018,8.508488,DK,Denmark,Thisted,,2,12.7
56.883572,8.608628,DK,Denmark,Snedsted,,2,12.7
56.87648,8.628568,DK,Denmark,Thisted,,2,12.7
56.811638,8.401464,DK,Denmark,Bedsted Thy,,2,12.7
56.772015,8.274815,DK,Denmark,Vestervig,,2,12.7
56.764099,8.316343,DK,Denmark,Vestervig,,2,12.7
56.595856,10.134695,DK,Denmark,Randers,,2,50.0
56.588024,10.135649,DK,Denmark,Randers,,2,12.7
56.582348,10.189097,DK,Denmark,Randers,,4,12.7
56.544853,9.856825,DK,Denmark,Fårup,,2,12.7
56.542614,10.034577,DK,Denmark,Spentrup,,2,12.7
56.542168,9.854629,DK,Denmark,Fårup,,2,12.7
56.503765,9.964197,DK,Denmark,Randers,,2,12.7
56.492237,10.053687,DK,Denmark,Randers,,2,12.7
56.48315,9.906221,DK,Denmark,Randers,,2,12.7
56.480564,9.990867,DK,Denmark,Randers,,2,12.7
56.475853,10.029773,DK,Denmark,Randers,,2,12.7
56.475273,10.025507,DK,Denmark,Randers,,4,12.7
56.474602,10.068296,DK,Denmark,Randers,,2,12.7
56.47451,10.045064,DK,Denmark,Randers,,2,12.7
56.473896,10.071052,DK,Denmark,Randers,,2,12.7
56.473606,10.050322,DK,Denmark,Randers,,2,12.7
56.471245,10.081448,DK,Denmark,Randers,,2,12.7
56.468086,10.047183,DK,Denmark,Randers,,4,12.7
56.467175,10.025448,DK,Denmark,Randers,,2,12.7
56.466801,10.023577,DK,Denmark,Randers,,2,12.7
56.465786,10.039141,DK,Denmark,Randers,,2,12.7
56.464985,10.007803,DK,Denmark,Randers,,10,12.7
56.464527,9.965536,DK,Denmark,Randers,,2,12.7
56.463295,10.041362,DK,Denmark,Randers,,2,12.7
56.463268,10.03799,DK,Denmark,Randers,,4,12.7
56.46312,10.022614,DK,Denmark,Randers,,4,12.7
56.461052,9.96362,DK,Denmark,Randers,,2,12.7
56.460831,9.970358,DK,Denmark,Randers,,4,12.7
56.460442,10.031865,DK,Denmark,Randers,,2,12.7
56.458611,10.020349,DK,Denmark,Randers,,2,12.7
56.457291,10.036406,DK,Denmark,Randers,,4,12.7
56.448982,9.964688,DK,Denmark,Randers,,2,12.7
56.447567,10.088854,DK,Denmark,Randers,,2,12.7
56.44685,10.076602,DK,Denmark,Randers,,2,12.7
56.44606,10.057282,DK,Denmark,Randers,,4,12.7
56.444683,10.164952,DK,Denmark,Randers,,2,12.7
56.444019,10.168839,DK,Denmark,Randers,,2,12.7
56.438152,10.041835,DK,Denmark,Randers,,4,12.7
56.43457,9.937319,DK,Denmark,Langå,,4,12.7
56.431908,9.949639,DK,Denmark,Langå,,2,12.7
56.424702,10.04469,DK,Denmark,Randers,,2,12.7
56.421185,10.029057,DK,Denmark,Randers,,2,12.7
56.405731,10.112259,DK,Denmark,Randers,,2,12.7
56.391655,9.89443,DK,Denmark,Langå,,2,12.7
56.387615,8.994278,DK,Denmark,Haderup,,8,240.0
56.170467,9.343418,DK,Denmark,Engesvang,,2,50.0
56.156689,10.200864,DK,Denmark,Aarhus C,,6,12.7
56.149776,10.135969,DK,Denmark,Brabrand,,6,12.7
56.147705,9.144366,DK,Denmark,Ikast,,2,12.7
56.145267,9.276345,DK,Denmark,Bording,,4,12.7
56.144722,9.155258,DK,Denmark,Ikast,,4,12.7
56.143341,9.156366,DK,Denmark,Ikast,,2,12.7
56.142387,9.276562,DK,Denmark,Bording,,2,12.7
56.142136,9.153925,DK,Denmark,Ikast,,2,12.7
56.139503,9.276272,DK,Denmark,Bording,,2,12.7
56.139114,9.156865,DK,Denmark,Ikast,,2,50.0
56.138981,9.163635,DK,Denmark,Ikast,,2,12.7
56.138691,9.152995,DK,Denmark,Ikast,,4,12.7
56.138283,9.148695,DK,Denmark,Ikast,,4,12.7
56.134216,9.149605,DK,Denmark,Ikast,,4,12.7
56.131157,9.179554,DK,Denmark,Ikast,,2,12.7
56.130951,9.149404,DK,Denmark,Ikast,,2,12.7
56.127628,9.121662,DK,Denmark,Ikast,,2,12.7
56.126259,9.154152,DK,Denmark,Ikast,,4,12.7
56.121117,9.174299,DK,Denmark,Ikast,,8,150.0
56.098751,9.201529,DK,Denmark,Ikast,,2,12.7
55.985096,9.28013,DK,Denmark,Ejstrupholm,,2,12.7
55.984638,9.284331,DK,Denmark,Ejstrupholm,,2,12.7
55.983604,9.288188,DK,Denmark,Ejstrupholm,,4,12.7
55.978294,12.344251,DK,Denmark,Fredensborg,,2,12.7
55.966515,9.392788,DK,Denmark,Nørre Snede,,2,12.7
55.96246,9.387755,DK,Denmark,Nørre Snede,,2,12.7
55.962337,9.394448,DK,Denmark,Nørre Snede,,4,12.7
55.955509,9.102444,DK,Denmark,Brande,,2,12.7
55.946404,9.120185,DK,Denmark,Brande,,4,12.7
55.944878,9.131908,DK,Denmark,Brande,,6,12.7
55.943825,9.117819,DK,Denmark,Brande,,4,12.7
55.942902,9.136799,DK,Denmark,Brande,,2,12.7
55.942352,12.258642,DK,Denmark,Hillerød,,2,12.7
55.941383,12.333887,DK,Denmark,Hillerød,,4,12.7
55.940853,9.12145,DK,Denmark,Brande,,2,12.7
55.939663,9.126925,DK,Denmark,Brande,,4,12.7
55.939186,9.118614,DK,Denmark,Brande,,2,12.7
55.938923,12.332506,DK,Denmark,Hillerød,,2,12.7
55.937244,12.153166,DK,Denmark,Skævinge,,2,12.7
55.932064,9.49091,DK,Denmark,Klovborg,,2,12.7
55.929234,12.257528,DK,Denmark,Hillerød,,2,12.7
55.927158,12.291427,DK,Denmark,Hillerød,,2,12.7
55.915642,12.289412,DK,Denmark,Hillerød,,2,12.7
55.91021,12.313414,DK,Denmark,Hillerød,,18,12.7
55.910099,12.157048,DK,Denmark,Skævinge,,4,12.7
55.910019,12.155635,DK,Denmark,Skævinge,,4,12.7
55.909439,12.312094,DK,Denmark,Hillerød,,6,200.0
55.888866,12.2895,DK,Denmark,Hillerød,,2,12.7
55.886623,12.194453,DK,Denmark,Gørløse,,2,12.7
55.886475,12.287591,DK,Denmark,Hillerød,,2,12.7
55.853909,12.454093,DK,Denmark,Birkerød,,6,12.7
55.852921,12.560957,DK,Denmark,Vedbæk,,10,12.7
55.850468,12.561191,DK,Denmark,Vedbæk,,6,12.7
55.841415,12.432849,DK,Denmark,Birkerød,,6,12.7
55.841042,12.41513,DK,Denmark,Birkerød,,4,12.7
55.841026,12.425663,DK,Denmark,Birkerød,,8,12.7
55.839664,12.42436,DK,Denmark,Birkerød,,10,12.7
55.839275,12.405978,DK,Denmark,Birkerød,,2,12.7
55.836491,12.530493,DK,Denmark,Vedbæk,,2,12.7
55.836258,12.415104,DK,Denmark,Birkerød,,4,12.7
55.833477,12.406283,DK,Denmark,Birkerød,,2,12.7
55.830578,12.519396,DK,Denmark,Holte,,2,12.7
55.829296,12.513998,DK,Denmark,Holte,,6,12.7
55.826622,12.542217,DK,Denmark,Nærum,,8,12.7
55.824852,12.42261,DK,Denmark,Birkerød,,2,12.7
55.824368,12.494426,DK,Denmark,Holte,,2,12.7
55.82349,12.571676,DK,Denmark,Skodsborg,,2,12.7
55.820988,12.536091,DK,Denmark,Nærum,,2,12.7
55.818077,12.487967,DK,Denmark,Holte,,2,12.7
55.815464,12.46578,DK,Denmark,Holte,,4,12.7
55.815334,12.538702,DK,Denmark,Nærum,,2,12.7
55.814648,12.532804,DK,Denmark,Nærum,,6,12.7
55.813484,12.527453,DK,Denmark,Nærum,,6,12.7
55.810505,12.474359,DK,Denmark,Holte,,4,12.7
55.809742,8.61151,DK,Denmark,Ølgod,,2,12.7
55.808697,12.511085,DK,Denmark,Holte,,8,12.7
55.825813,12.462023,DK,Denmark,Holte,,4,12.7
55.780266,8.288402,DK,Denmark,Nørre Nebel,,5,12.7
55.764637,12.596651,DK,Denmark,Klampenborg,,2,12.7
55.763432,12.432687,DK,Denmark,Bagsværd,,4,12.7
55.762363,12.529983,DK,Denmark,Gentofte,,2,12.7
55.760197,12.520307,DK,Denmark,Gentofte,,2,12.7
55.760082,12.571736,DK,Denmark,Charlottelund,,4,12.7
55.757347,12.432181,DK,Denmark,Bagsværd,,6,12.7
55.751343,12.320388,DK,Denmark,Måløv,,1,12.7
55.751095,12.318068,DK,Denmark,Måløv,,2,12.7
55.750935,12.519015,DK,Denmark,Gentofte,,4,12.7
55.749687,12.379222,DK,Denmark,Ballerup,,4,12.7
55.749634,12.323871,DK,Denmark,Måløv,,4,12.7
55.749115,12.558006,DK,Denmark,Charlottelund,,6,12.7
55.748905,12.366335,DK,Denmark,Ballerup,,2,12.7
55.747375,12.379167,DK,Denmark,Ballerup,,2,12.7
55.747276,12.506848,DK,Denmark,Gentofte,,4,12.7
55.747028,12.379155,DK,Denmark,Ballerup,,1,12.7
55.745586,12.570527,DK,Denmark,Hellerup,,6,12.7
55.743309,12.323692,DK,Denmark,Måløv,,2,12.7
55.738251,12.538364,DK,Denmark,Gentofte,,4,12.7
55.737129,12.531755,DK,Denmark,Gentofte,,2,12.7
55.736046,12.401125,DK,Denmark,Ballerup,,4,12.7
55.735336,12.408062,DK,Denmark,Herlev,,2,12.7
55.735237,12.522109,DK,Denmark,Dyssegård,,2,12.7
55.733959,12.336686,DK,Denmark,Ballerup,,2,12.7
55.732391,12.535336,DK,Denmark,Dyssegård,,2,12.7
55.732254,12.562911,DK,Denmark,Hellerup,,6,12.7
55.731407,12.497602,DK,Denmark,Søborg,,10,12.7
55.730484,12.522053,DK,Denmark,Dyssegård,,6,12.7
55.729694,12.37536,DK,Denmark,Ballerup,,4,12.7
55.728943,12.362885,DK,Denmark,Ballerup,,2,12.7
55.726513,12.360689,DK,Denmark,Ballerup,,2,12.7
55.724018,12.343783,DK,Denmark,Ballerup,,4,12.7
55.721363,12.412036,DK,Denmark,Skovlunde,,2,12.7
55.720291,12.360294,DK,Denmark,Ballerup,,2,12.7
55.719646,12.363686,DK,Denmark,Ballerup,,4,12.7
55.719589,8.607625,DK,Denmark,Tistrup,,4,12.7
55.718765,8.600711,DK,Denmark,Tistrup,,2,12.7
55.718117,12.355036,DK,Denmark,Ballerup,,2,12.7
55.715652,12.403549,DK,Denmark,Skovlunde,,2,12.7
55.71418,12.400819,DK,Denmark,Ballerup,,2,12.7
55.712154,8.743257,DK,Denmark,Ansager,,4,12.7
55.704693,12.414247,DK,Denmark,Glostrup,,2,12.7
55.695911,12.406931,DK,Denmark,Glostrup,,2,12.7
55.680931,12.409019,DK,Denmark,Glostrup,,2,12.7
55.678844,12.411963,DK,Denmark,Glostrup,,2,12.7
55.678459,12.398279,DK,Denmark,Glostrup,,2,12.7
55.674023,12.409829,DK,Denmark,Glostrup,,2,12.7
55.667828,12.375061,DK,Denmark,Glostrup,,4,12.7
55.664444,12.387288,DK,Denmark,Glostrup,,4,12.7
55.662247,12.399632,DK,Denmark,Glostrup,,2,50.0
55.654518,12.360184,DK,Denmark,Vallensbæk,,2,12.7
55.647747,12.358526,DK,Denmark,Vallensbæk,,2,50.0
55.629475,12.371835,DK,Denmark,Vallensbæk,,6,12.7
55.629475,8.273789,DK,Denmark,Oksbøl,,2,12.7
55.626854,8.275036,DK,Denmark,Oksbøl,,4,12.7
55.620632,12.390413,DK,Denmark,Vallensbæk Strand,,6,12.7
55.616096,8.484267,DK,Denmark,Varde,,4,12.7
55.615181,8.727758,DK,Denmark,Årre,,4,12.7
55.60075,8.940879,DK,Denmark,Hovborg,,2,12.7
55.556232,8.133151,DK,Denmark,Blåvand,,6,12.7
55.500813,9.025373,DK,Denmark,Brørup,,2,12.7
55.491806,9.020333,DK,Denmark,Brørup,,4,12.7
55.485703,8.917321,DK,Denmark,Holsted,,2,12.7
55.484097,9.015886,DK,Denmark,Brørup,,4,12.7
55.482414,9.14443,DK,Denmark,Vejen,,2,12.7
55.481838,9.017896,DK,Denmark,Brørup,,2,12.7
55.480991,9.024626,DK,Denmark,Brørup,,2,12.7
55.48027,9.022377,DK,Denmark,Brørup,,2,12.7
55.477531,9.136829,DK,Denmark,Vejen,,4,12.7
55.477455,9.878195,DK,Denmark,Nørre Aaby,,21,400.0
55.476498,9.139128,DK,Denmark,Vejen,,8,12.7
55.475452,9.134975,DK,Denmark,Vejen,,2,12.7
55.474957,9.126393,DK,Denmark,Vejen,,4,12.7
55.474888,9.136926,DK,Denmark,Vejen,,6,12.7
55.467018,9.000316,DK,Denmark,Brørup,,2,12.7
55.465385,9.474644,DK,Denmark,Kolding,,2,50.0
55.412357,9.15456,DK,Denmark,Rødding,,2,12.7
55.409981,8.973491,DK,Denmark,Lintrup,,2,12.7
55.365883,9.051996,DK,Denmark,Rødding,,4,12.7
55.365475,9.061906,DK,Denmark,Rødding,,2,12.7
55.353394,8.983273,DK,Denmark,Rødding,,2,12.7
55.313343,11.75027,DK,Denmark,Herlufmagle,,2,12.7
55.307045,11.546307,DK,Denmark,Fuglebjerg,,2,12.7
55.306458,11.547709,DK,Denmark,Fuglebjerg,,2,12.7
55.302811,11.543409,DK,Denmark,Fuglebjerg,,2,12.7
55.300148,11.546386,DK,Denmark,Næstved,,4,12.7
55.296242,11.753363,DK,Denmark,Herlufmagle,,2,12.7
55.281574,11.801772,DK,Denmark,Holmegaard,,2,12.7
55.266972,11.518612,DK,Denmark,Sandved,,2,12.7
55.261429,9.711375,DK,Denmark,Haderslev,,4,12.7
55.260784,9.493336,DK,Denmark,Haderslev,,4,12.7
55.257969,11.604433,DK,Denmark,Næstved,,2,12.7
55.257343,11.597796,DK,Denmark,Næstved,,2,12.7
55.256756,11.766738,DK,Denmark,Næstved,,8,12.7
55.254593,9.485799,DK,Denmark,Haderslev,,2,12.7
55.25452,11.884576,DK,Denmark,Holmegaard,,2,12.7
55.254349,9.490221,DK,Denmark,Haderslev,,4,12.7
55.25415,9.477745,DK,Denmark,Haderslev,,2,12.7
55.254078,11.840859,DK,Denmark,Holmegaard,,2,12.7
55.253326,11.880199,DK,Denmark,Holmegaard,,2,12.7
55.25127,9.487219,DK,Denmark,Haderslev,,4,12.7
55.247437,9.311941,DK,Denmark,Vojens,,4,12.7
55.245037,9.385583,DK,Denmark,Vojens,,2,12.7
55.240318,11.779468,DK,Denmark,Næstved,,2,12.7
55.237503,9.532693,DK,Denmark,Haderslev,,2,12.7
55.232456,11.775401,DK,Denmark,Næstved,,2,12.7
55.231625,11.762292,DK,Denmark,Næstved,,4,12.7
55.230976,11.743532,DK,Denmark,Næstved,,2,12.7
55.230598,11.77969,DK,Denmark,Næstved,,2,12.7
55.2285,11.732004,DK,Denmark,Næstved,,2,12.7
55.228065,11.766479,DK,Denmark,Næstved,,2,12.7
55.223511,11.750591,DK,Denmark,Næstved,,2,12.7
55.223038,11.74442,DK,Denmark,Næstved,,2,12.7
55.21944,11.766019,DK,Denmark,Næstved,,4,12.7
55.21936,11.777338,DK,Denmark,Næstved,,2,12.7
55.218227,11.568894,DK,Denmark,Næstved,,2,12.7
55.218254,11.740952,DK,Denmark,Næstved,,2,12.7
55.215546,11.759249,DK,Denmark,Næstved,,8,12.7
55.21434,11.750613,DK,Denmark,Næstved,,2,12.7
55.213428,11.772033,DK,Denmark,Næstved,,4,12.7
55.210869,11.776236,DK,Denmark,Næstved,,2,12.7
55.206173,11.800115,DK,Denmark,Næstved,,2,12.7
55.201015,11.95956,DK,Denmark,Tappernøje,,2,12.7
55.197975,11.755276,DK,Denmark,Næstved,,2,12.7
55.193268,11.646447,DK,Denmark,Karrebæksminde,,2,12.7
55.190948,11.651002,DK,Denmark,Karrebæksminde,,2,12.7
55.17907,11.977906,DK,Denmark,Tappernøje,,2,12.7
55.179001,11.975438,DK,Denmark,Tappernøje,,2,12.7
55.17514,11.979038,DK,Denmark,Tappernøje,,2,12.7
55.163376,11.856931,DK,Denmark,Næstved,,2,12.7
54.951276,8.869733,DK,Denmark,Tønder,,2,11.0
56.43027,10.06178,DK,Denmark,,,1,250.0
55.643012,12.274821,DK,Denmark,,,1,250.0
56.452906,9.449295,DK,Denmark,,,1,250.0
55.6643,9.5509,DK,Denmark,,,1,250.0
55.732471,9.134644,DK,Denmark,,,1,250.0
56.120544,8.122103,DK,Denmark,,,1,250.0
56.316036,10.424841,DK,Denmark,,,1,250.0
56.787214,8.829697,DK,Denmark,,,1,250.0
54.7791,11.47722,DK,Denmark,,,1,250.0
55.512586,9.462869,DK,Denmark,,,1,250.0
54.939946,9.378711,DK,Denmark,,,1,250.0
55.64006,11.830555,DK,Denmark,,,1,250.0
55.932705,12.259899,DK,Denmark,,,1,250.0
55.534483,9.716938,DK,Denmark,,,1,250.0
55.678078,12.457875,DK,Denmark,,,1,250.0
55.771249,12.505153,DK,Denmark,,,1,250.0
56.116643,10.12103,DK,Denmark,,,1,250.0
54.923542,9.807545,DK,Denmark,Sonderborg,,2,300.0
55.961066,9.106223,DK,Denmark,Brande,,1,300.0
55.532033,9.471927,DK,Denmark,Kolding,,1,300.0
55.064434,9.366206,DK,Denmark,Aabenraa,,1,300.0
55.477329,9.877539,DK,Denmark,Nørre Aaby,,1,150.0
56.751656,8.417103,DK,Denmark,Hurup,,1,23.0
54.768409,11.876619,DK,Denmark,Nykøbing Falster,,1,400.0
55.386511,10.426722,DK,Denmark,Region Syddanmark,,1,250.0
55.465674,8.444136,DK,Denmark,,,1,250.0
57.004157,9.871413,DK,Denmark,Region Nordjylland,,1,250.0
57.252441,9.582616,DK,Denmark,Region Nordjylland,,1,250.0
57.389315,10.510433,DK,Denmark,Region Nordjylland,,1,250.0
56.788665,8.829642,DK,Denmark,Nykøbing Mors,,2,350.0
56.487846,8.582001,DK,Denmark,Struer,,1,200.0
55.353899,11.141734,DK,Denmark,Region Sjælland,,2,350.0
55.736264,9.100166,DK,Denmark,Billund,,2,350.0
57.088663,9.968724,DK,Denmark,Nørresundby,,1,300.0
55.765817,12.490172,DK,Denmark,Kongens Lyngby,,1,150.0
54.74987,10.6719,DK,Denmark,Bagenkop,,1,75.0
54.8564,10.51703,DK,Denmark,Marstal,,2,75.0
56.749837,8.421761,DK,Denmark,Region Nordjylland,,1,75.0
56.18534,9.578983,DK,Denmark,silkeborg,,1,400.0
60.460247,2.087555,DK,Denmark,RUDKØBING,,1,22.0
57.82196,12.579944,DK,Denmark,VESTERVIG,,2,50.0
57.727167,10.522673,DK,Denmark,SKAGEN,,4,11.0
57.724876,10.598344,DK,Denmark,SKAGEN,,2,22.0
57.723584,10.589769,DK,Denmark,SKAGEN,,2,22.0
57.723467,10.580883,DK,Denmark,SKAGEN,,2,22.0
57.72342,10.58795,DK,Denmark,SKAGEN,,2,22.0
57.722676,10.595486,DK,Denmark,SKAGEN,,2,22.0
57.718797,10.5854,DK,Denmark,SKAGEN,,2,22.0
57.644374,10.461958,DK,Denmark,ÅLBÆK,,4,150.0
57.594182,9.962829,DK,Denmark,HIRTSHALS,,2,22.0
57.593938,10.18437,DK,Denmark,BINDSLEV,,4,22.0
57.590969,9.957159,DK,Denmark,HIRTSHALS,,1,11.0
57.590481,9.960337,DK,Denmark,HIRTSHALS,,4,150.0
57.588807,9.957645,DK,Denmark,HIRTSHALS,,4,150.0
57.588045,9.978282,DK,Denmark,HIRTSHALS,,1,22.0
57.587361,9.978415,DK,Denmark,HIRTSHALS,,16,22.0
57.538809,9.943238,DK,Denmark,HIRTSHALS,,4,150.0
57.494742,9.989418,DK,Denmark,HJØRRING,,4,22.0
57.494063,10.496717,DK,Denmark,STRANDBY,,1,22.0
57.479868,10.195936,DK,Denmark,SINDAL,,3,22.0
57.473042,9.797985,DK,Denmark,HJØRRING,,4,150.0
57.472555,9.79784,DK,Denmark,HJØRRING,,2,22.0
57.466225,9.807009,DK,Denmark,HJØRRING,,2,22.0
57.46208,10.499449,DK,Denmark,FREDERIKSHAVN,,4,11.0
57.460101,9.99094,DK,Denmark,HJØRRING,,10,150.0
57.458821,10.52344,DK,Denmark,FREDERIKSHAVN,,1,22.0
57.458161,9.98769,DK,Denmark,HJØRRING,,8,150.0
57.457029,10.517252,DK,Denmark,FREDERIKSHAVN,,1,22.0
57.455278,10.005833,DK,Denmark,HJØRRING,,6,150.0
57.449693,10.493182,DK,Denmark,FREDERIKSHAVN,,1,22.0
57.447331,10.524828,DK,Denmark,FREDERIKSHAVN,,2,22.0
57.446871,10.499311,DK,Denmark,FREDERIKSHAVN,,12,22.0
57.4435,9.999605,DK,Denmark,HJØRRING,,1,22.0
57.442088,10.532072,DK,Denmark,FREDERIKSHAVN,,2,22.0
57.441134,10.517721,DK,Denmark,FREDERIKSHAVN,,2,22.0
57.440418,10.539144,DK,Denmark,FREDERIKSHAVN,,2,22.0
57.438878,10.545031,DK,Denmark,FREDERIKSHAVN,,3,22.0
57.435711,9.995289,DK,Denmark,HJØRRING,,1,22.0
57.420085,9.761862,DK,Denmark,LØKKEN,,2,22.0
57.402149,10.433586,DK,Denmark,FREDERIKSHAVN,,1,22.0
57.38941,10.114777,DK,Denmark,TÅRS,,1,22.0
57.389345,10.509912,DK,Denmark,FREDERIKSHAVN,,1,22.0
57.373102,9.729045,DK,Denmark,LØKKEN,,1,22.0
57.368185,9.711905,DK,Denmark,LØKKEN,,10,150.0
57.359668,9.743744,DK,Denmark,LØKKEN,,4,22.0
57.350264,9.94878,DK,Denmark,VRÅ,,4,22.0
57.342326,10.227333,DK,Denmark,ØSTERVRÅ,,4,22.0
57.341414,10.236747,DK,Denmark,ØSTERVRÅ,,2,22.0
57.340839,9.965673,DK,Denmark,VRÅ,,4,22.0
57.333971,10.521169,DK,Denmark,SÆBY,,2,22.0
57.328091,10.500949,DK,Denmark,SÆBY,,1,11.0
57.318404,10.481597,DK,Denmark,SÆBY,,1,22.0
57.313891,10.451624,DK,Denmark,SÆBY,,4,0.0
57.288049,9.92257,DK,Denmark,BRØNDERSLEV,,2,22.0
57.287511,9.813344,DK,Denmark,BRØNDERSLEV,,2,22.0
57.273601,9.947187,DK,Denmark,BRØNDERSLEV,,2,22.0
57.272939,9.697111,DK,Denmark,SALTUM,,2,22.0
57.271534,9.698988,DK,Denmark,SALTUM,,1,22.0
57.271101,9.94331,DK,Denmark,BRØNDERSLEV,,2,22.0
57.270898,9.947423,DK,Denmark,BRØNDERSLEV,,2,22.0
57.27017,9.646727,DK,Denmark,BLOKHUS,,26,22.0
57.269688,9.946591,DK,Denmark,BRØNDERSLEV,,2,22.0
57.269635,9.642813,DK,Denmark,BLOKHUS,,6,22.0
57.269114,9.943483,DK,Denmark,BRØNDERSLEV,,2,22.0
57.262817,9.955105,DK,Denmark,BRØNDERSLEV,,1,22.0
57.257403,11.006379,DK,Denmark,LÆSØ,,1,22.0
57.253395,9.965948,DK,Denmark,BRØNDERSLEV,,4,22.0
57.248752,9.989312,DK,Denmark,BRØNDERSLEV,,1,22.0
57.2485,9.99036,DK,Denmark,BRØNDERSLEV,,2,50.0
57.247477,9.623282,DK,Denmark,BLOKHUS,,4,22.0
57.213594,10.210464,DK,Denmark,HJALLERUP,,2,22.0
57.210805,10.489761,DK,Denmark,SÆBY,,2,150.0
57.207104,9.677372,DK,Denmark,PANDRUP,,1,22.0
57.168622,10.146291,DK,Denmark,HJALLERUP,,2,11.0
57.166914,10.14646,DK,Denmark,HJALLERUP,,2,22.0
57.166231,10.153929,DK,Denmark,HJALLERUP,,2,22.0
57.159933,10.292586,DK,Denmark,DRONNINGLUND,,2,22.0
57.158921,10.292083,DK,Denmark,DRONNINGLUND,,2,22.0
57.151597,9.736156,DK,Denmark,AABYBRO,,2,11.0
57.151148,10.286343,DK,Denmark,DRONNINGLUND,,2,22.0
57.149218,9.801858,DK,Denmark,AABYBRO,,1,22.0
57.148479,10.404942,DK,Denmark,ASAA,,2,22.0
57.145214,9.755045,DK,Denmark,AABYBRO,,4,11.0
57.141499,9.282437,DK,Denmark,FJERRITSLEV,,3,22.0
57.115455,8.60822,DK,Denmark,HANSTHOLM,,2,22.0
57.111785,10.013914,DK,Denmark,VODSKOV,,2,22.0
57.110295,10.010262,DK,Denmark,VODSKOV,,2,11.0
57.086323,9.872846,DK,Denmark,NØRRESUNDBY,,10,22.0
57.073167,9.883562,DK,Denmark,NØRRESUNDBY,,6,22.0
57.072042,9.881093,DK,Denmark,NØRRESUNDBY,,4,22.0
57.071181,10.262825,DK,Denmark,HALS,,1,22.0
57.06466,9.926449,DK,Denmark,NØRRESUNDBY,,2,22.0
57.062192,9.602346,DK,Denmark,BROVST,,2,11.0
57.055281,10.375848,DK,Denmark,HALS,,4,150.0
57.05151,9.90943,DK,Denmark,AALBORG,,1,22.0
57.050386,9.892777,DK,Denmark,AALBORG,,2,22.0
57.049804,9.898795,DK,Denmark,AALBORG,,2,22.0
57.048477,9.914821,DK,Denmark,AALBORG,,4,11.0
57.048,9.9187,DK,Denmark,AALBORG,,1,11.0
57.044242,9.89503,DK,Denmark,AALBORG,,4,22.0
57.043016,9.937671,DK,Denmark,AALBORG,,1,11.0
57.039085,9.935598,DK,Denmark,AALBORG,,2,22.0
57.038485,9.931113,DK,Denmark,AALBORG,,6,22.0
57.037724,9.954461,DK,Denmark,AALBORG,,2,22.0
57.036027,9.889677,DK,Denmark,AALBORG,,4,22.0
57.035292,9.965171,DK,Denmark,AALBORG,,2,11.0
57.035099,9.931673,DK,Denmark,AALBORG,,2,11.0
57.027762,9.944768,DK,Denmark,AALBORG,,4,22.0
57.02478,9.922983,DK,Denmark,AALBORG,,2,22.0
57.024308,9.939273,DK,Denmark,AALBORG SØ,,2,11.0
57.024032,9.922687,DK,Denmark,AALBORG,,20,11.0
57.023426,9.927526,DK,Denmark,AALBORG SØ,,3,22.0
57.02095,9.940383,DK,Denmark,AALBORG SØ,,2,22.0
57.020707,9.941799,DK,Denmark,AALBORG SØ,,4,22.0
57.020393,9.94853,DK,Denmark,AALBORG SØ,,1,11.0
57.020151,9.903539,DK,Denmark,AALBORG SV,,1,22.0
57.019155,10.058677,DK,Denmark,KLARUP,,2,22.0
57.014669,10.034156,DK,Denmark,KLARUP,,1,11.0
57.014637,9.894675,DK,Denmark,AALBORG SV,,2,150.0
57.012301,9.974652,DK,Denmark,GISTRUP,,2,22.0
57.012267,9.977334,DK,Denmark,GISTRUP,,2,22.0
57.008374,9.945968,DK,Denmark,AALBORG SØ,,2,11.0
57.007398,9.88871,DK,Denmark,AALBORG SV,,2,22.0
57.005176,9.883885,DK,Denmark,AALBORG SV,,10,22.0
57.001881,10.299167,DK,Denmark,HALS,,1,22.0
56.99561,10.325946,DK,Denmark,HALS,,2,11.0
56.993671,9.996758,DK,Denmark,GISTRUP,,2,22.0
56.989284,9.861167,DK,Denmark,SVENSTRUP J,,1,22.0
56.986307,9.856978,DK,Denmark,SVENSTRUP J,,1,22.0
56.98607,9.970212,DK,Denmark,GISTRUP,,6,11.0
56.983339,9.63524,DK,Denmark,NIBE,,1,22.0
56.979647,9.63077,DK,Denmark,NIBE,,1,22.0
56.969552,9.253707,DK,Denmark,LØGSTØR,,2,22.0
56.963453,9.26622,DK,Denmark,LØGSTØR,,4,11.0
56.963336,9.527955,DK,Denmark,NIBE,,2,11.0
56.962148,9.859048,DK,Denmark,SVENSTRUP J,,4,22.0
56.953514,9.251925,DK,Denmark,LØGSTØR,,4,22.0
56.947674,9.252608,DK,Denmark,LØGSTØR,,2,11.0
56.94365,8.659961,DK,Denmark,THISTED,,2,22.0
56.902765,8.440001,DK,Denmark,SNEDSTED,,1,22.0
56.891775,9.843329,DK,Denmark,STØVRING,,1,11.0
56.891074,8.426803,DK,Denmark,SNEDSTED,,3,22.0
56.890473,9.167095,DK,Denmark,RANUM,,4,22.0
56.883132,9.808557,DK,Denmark,STØVRING,,3,22.0
56.87441,9.836573,DK,Denmark,STØVRING,,1,11.0
56.852603,9.703763,DK,Denmark,SULDRUP,,1,22.0
56.839411,9.88979,DK,Denmark,SKØRPING,,1,22.0
56.837142,8.715959,DK,Denmark,ERSLEV,,1,22.0
56.832445,8.811655,DK,Denmark,NYKØBING M,,1,22.0
56.820487,9.485785,DK,Denmark,AARS,,2,11.0
56.816597,9.020618,DK,Denmark,FUR,,4,22.0
56.813925,9.500819,DK,Denmark,AARS,,4,22.0
56.812784,8.847732,DK,Denmark,NYKØBING M,,4,11.0
56.810215,8.865213,DK,Denmark,NYKØBING M,,1,22.0
56.806872,8.843529,DK,Denmark,NYKØBING M,,1,22.0
56.806371,9.502802,DK,Denmark,AARS,,2,22.0
56.804796,10.275089,DK,Denmark,HADSUND,,2,22.0
56.803816,9.514424,DK,Denmark,AARS,,2,11.0
56.799726,9.027242,DK,Denmark,ROSLEV,,2,22.0
56.799469,9.505448,DK,Denmark,AARS,,8,22.0
56.796343,10.274464,DK,Denmark,HADSUND,,2,22.0
56.781975,8.836123,DK,Denmark,NYKØBING M,,1,50.0
56.778691,8.257733,DK,Denmark,VESTERVIG,,4,22.0
56.769912,9.866977,DK,Denmark,ARDEN,,2,22.0
56.764414,8.816483,DK,Denmark,NYKØBING M,,6,22.0
56.764164,9.869559,DK,Denmark,ARDEN,,2,22.0
56.756389,8.872368,DK,Denmark,ROSLEV,,2,22.0
56.742349,8.855462,DK,Denmark,ROSLEV,,2,22.0
56.733197,10.105108,DK,Denmark,HADSUND,,2,22.0
56.730532,10.10477,DK,Denmark,HADSUND,,9,22.0
56.727376,10.135574,DK,Denmark,HADSUND,,4,0.0
56.723858,10.132255,DK,Denmark,HADSUND,,2,22.0
56.719946,10.130935,DK,Denmark,HADSUND,,2,22.0
56.717077,10.110583,DK,Denmark,HADSUND,,4,22.0
56.713628,8.905649,DK,Denmark,ROSLEV,,2,11.0
56.702347,9.644723,DK,Denmark,NØRAGER,,1,22.0
56.702269,8.216941,DK,Denmark,THYBORØN,,1,22.0
56.702247,9.645619,DK,Denmark,NØRAGER,,1,22.0
56.693842,9.978201,DK,Denmark,HOBRO,,2,22.0
56.69138,9.49737,DK,Denmark,AALESTRUP,,4,22.0
56.689417,10.108498,DK,Denmark,HADSUND,,4,11.0
56.6786,9.498232,DK,Denmark,AALESTRUP,,2,22.0
56.677334,10.069065,DK,Denmark,MARIAGER,,3,22.0
56.675404,10.064348,DK,Denmark,MARIAGER,,2,22.0
56.659561,9.771797,DK,Denmark,HOBRO,,2,11.0
56.659538,9.807552,DK,Denmark,HOBRO,,2,22.0
56.653118,9.769949,DK,Denmark,HOBRO,,2,22.0
56.650515,9.79182,DK,Denmark,HOBRO,,2,11.0
56.649732,8.528944,DK,Denmark,THYHOLM,,1,22.0
56.649316,8.971602,DK,Denmark,SPØTTRUP,,2,11.0
56.646893,9.96928,DK,Denmark,MARIAGER,,4,22.0
56.644313,9.789911,DK,Denmark,HOBRO,,2,22.0
56.641776,8.985423,DK,Denmark,SKIVE,,2,22.0
56.640632,9.798101,DK,Denmark,HOBRO,,4,22.0
56.638489,9.815891,DK,Denmark,HOBRO,,4,11.0
56.636605,9.970844,DK,Denmark,MARIAGER,,4,22.0
56.628566,9.807996,DK,Denmark,HOBRO,,2,11.0
56.627158,9.827485,DK,Denmark,HOBRO,,37,22.0
56.625682,9.828039,DK,Denmark,HOBRO,,2,22.0
56.62373,9.343175,DK,Denmark,SKALS,,2,22.0
56.619103,9.500988,DK,Denmark,MØLDRUP,,2,22.0
56.614985,9.50441,DK,Denmark,MØLDRUP,,2,11.0
56.613849,9.499429,DK,Denmark,MØLDRUP,,2,22.0
56.59247,9.62787,DK,Denmark,HOBRO,,2,11.0
56.592311,8.784563,DK,Denmark,SPØTTRUP,,2,22.0
56.590624,9.027011,DK,Denmark,SKIVE,,2,22.0
56.581731,9.035361,DK,Denmark,SKIVE,,2,22.0
56.581396,9.389166,DK,Denmark,SKALS,,2,11.0
56.581115,8.710866,DK,Denmark,SPØTTRUP,,2,22.0
56.579449,8.552283,DK,Denmark,THYHOLM,,1,11.0
56.574338,9.302013,DK,Denmark,SKALS,,4,22.0
56.567432,8.995532,DK,Denmark,SKIVE,,1,22.0
56.554329,9.01566,DK,Denmark,SKIVE,,2,22.0
56.552751,9.112413,DK,Denmark,HØJSLEV,,2,22.0
56.552228,9.032036,DK,Denmark,SKIVE,,2,22.0
56.552119,9.016592,DK,Denmark,SKIVE,,1,22.0
56.550524,9.033943,DK,Denmark,SKIVE,,2,22.0
56.548621,9.046326,DK,Denmark,SKIVE,,2,22.0
56.543632,8.293864,DK,Denmark,LEMVIG,,1,22.0
56.54094,9.896711,DK,Denmark,FÅRUP,,4,0.0
56.532475,9.470213,DK,Denmark,TJELE,,2,11.0
56.518935,10.605467,DK,Denmark,GLESBORG,,4,22.0
56.512081,10.591228,DK,Denmark,GLESBORG,,2,22.0
56.511147,9.335297,DK,Denmark,LØGSTRUP,,2,22.0
56.507568,10.334154,DK,Denmark,ØRSTED,,2,22.0
56.50635,10.587853,DK,Denmark,GLESBORG,,2,22.0
56.505725,10.823185,DK,Denmark,GRENAA,,2,22.0
56.502518,10.181637,DK,Denmark,RANDERS NØ,,2,11.0
56.500422,10.333076,DK,Denmark,ØRSTED,,2,22.0
56.4998,8.261418,DK,Denmark,LEMVIG,,1,11.0
56.499236,9.509467,DK,Denmark,TJELE,,2,22.0
56.497008,9.513157,DK,Denmark,TJELE,,2,22.0
56.488253,8.599331,DK,Denmark,STRUER,,2,11.0
56.487242,8.123921,DK,Denmark,LEMVIG,,2,11.0
56.486761,8.58465,DK,Denmark,STRUER,,2,0.0
56.485717,9.929786,DK,Denmark,RANDERS NV,,1,22.0
56.485463,9.150341,DK,Denmark,STOHOLM JYLL,,2,22.0
56.484548,8.59143,DK,Denmark,STRUER,,2,11.0
56.484479,9.622308,DK,Denmark,TJELE,,2,22.0
56.48443,9.143115,DK,Denmark,STOHOLM JYLL,,2,22.0
56.482584,8.587713,DK,Denmark,STRUER,,2,11.0
56.481299,9.983088,DK,Denmark,RANDERS NV,,1,22.0
56.476447,9.738864,DK,Denmark,TJELE,,5,22.0
56.475878,9.360151,DK,Denmark,VIBORG,,2,22.0
56.475212,8.797019,DK,Denmark,VINDERUP,,1,22.0
56.475004,10.736245,DK,Denmark,GLESBORG,,2,22.0
56.474186,9.401365,DK,Denmark,VIBORG,,2,22.0
56.473656,10.002632,DK,Denmark,RANDERS NV,,1,11.0
56.471041,9.385742,DK,Denmark,VIBORG,,2,22.0
56.470122,10.029248,DK,Denmark,RANDERS NV,,2,22.0
56.469765,9.415527,DK,Denmark,VIBORG,,1,11.0
56.469718,9.395883,DK,Denmark,VIBORG,,2,22.0
56.469165,10.363972,DK,Denmark,ALLINGÅBRO,,2,11.0
56.467654,9.450343,DK,Denmark,VIBORG,,1,22.0
56.465706,9.405375,DK,Denmark,VIBORG,,2,22.0
56.464074,9.448087,DK,Denmark,VIBORG,,1,22.0
56.463579,10.339594,DK,Denmark,ALLINGÅBRO,,2,22.0
56.463195,9.408191,DK,Denmark,VIBORG,,2,22.0
56.462927,9.456632,DK,Denmark,VIBORG,,2,22.0
56.4625,10.633611,DK,Denmark,ØRUM DJURS,,2,22.0
56.462104,9.42335,DK,Denmark,VIBORG,,2,22.0
56.46195,9.389226,DK,Denmark,VIBORG,,2,22.0
56.461613,10.025531,DK,Denmark,RANDERS C,,2,22.0
56.459527,9.40082,DK,Denmark,VIBORG,,6,22.0
56.457608,9.417804,DK,Denmark,VIBORG,,2,22.0
56.456917,9.36831,DK,Denmark,VIBORG,,2,22.0
56.455769,9.950736,DK,Denmark,RANDERS NV,,2,11.0
56.455411,9.40593,DK,Denmark,VIBORG,,8,22.0
56.453939,9.449268,DK,Denmark,VIBORG,,4,150.0
56.453399,9.409056,DK,Denmark,VIBORG,,2,0.0
56.452411,9.443622,DK,Denmark,VIBORG,,2,22.0
56.450318,9.429971,DK,Denmark,VIBORG,,4,22.0
56.449993,9.417784,DK,Denmark,VIBORG,,1,11.0
56.449933,9.430759,DK,Denmark,VIBORG,,4,22.0
56.449302,8.748977,DK,Denmark,VINDERUP,,1,22.0
56.447539,9.428777,DK,Denmark,VIBORG,,2,22.0
56.44693,9.01262,DK,Denmark,SKIVE,,2,22.0
56.445433,9.005664,DK,Denmark,SKIVE,,2,22.0
56.443423,9.173886,DK,Denmark,VIBORG,,2,22.0
56.442416,9.197767,DK,Denmark,VIBORG,,1,22.0
56.442314,9.394043,DK,Denmark,VIBORG,,2,22.0
56.442144,9.379159,DK,Denmark,VIBORG,,2,22.0
56.441703,8.632629,DK,Denmark,HJERM,,2,11.0
56.440254,10.686994,DK,Denmark,ØRUM DJURS,,2,22.0
56.438409,9.426688,DK,Denmark,VIBORG,,2,22.0
56.438032,10.049585,DK,Denmark,RANDERS SV,,6,22.0
56.437654,9.441143,DK,Denmark,VIBORG,,2,22.0
56.435403,9.377521,DK,Denmark,VIBORG,,2,22.0
56.432899,9.390875,DK,Denmark,VIBORG,,2,22.0
56.432114,10.363432,DK,Denmark,AUNING,,6,22.0
56.429937,9.425189,DK,Denmark,VIBORG,,2,22.0
56.429276,10.377998,DK,Denmark,AUNING,,2,22.0
56.428669,10.059654,DK,Denmark,RANDERS SØ,,2,22.0
56.428183,10.384082,DK,Denmark,AUNING,,2,22.0
56.427788,9.081042,DK,Denmark,VIBORG,,2,22.0
56.420261,8.307477,DK,Denmark,BÆKMARKSBRO,,3,22.0
56.419646,10.897704,DK,Denmark,GRENAA,,2,11.0
56.41941,9.442793,DK,Denmark,VIBORG,,2,22.0
56.418755,10.027493,DK,Denmark,RANDERS SV,,1,11.0
56.414424,10.876055,DK,Denmark,GRENAA,,2,22.0
56.413578,10.868411,DK,Denmark,GRENAA,,2,22.0
56.413005,10.074633,DK,Denmark,RANDERS SV,,2,150.0
56.411435,10.912388,DK,Denmark,GRENAA,,1,22.0
56.410492,10.887299,DK,Denmark,GRENAA,,2,22.0
56.406743,8.750192,DK,Denmark,HOLSTEBRO,,2,22.0
56.405599,10.069924,DK,Denmark,RANDERS SV,,2,22.0
56.405194,10.886908,DK,Denmark,GRENAA,,2,22.0
56.404121,9.350511,DK,Denmark,VIBORG,,2,22.0
56.403074,10.915095,DK,Denmark,GRENAA,,3,11.0
56.400829,9.350869,DK,Denmark,VIBORG,,2,22.0
56.398572,10.916228,DK,Denmark,GRENAA,,4,22.0
56.39643,8.543677,DK,Denmark,HOLSTEBRO,,1,22.0
56.393716,9.89811,DK,Denmark,LANGÅ,,1,22.0
56.392442,10.873539,DK,Denmark,GRENAA,,9,22.0
56.391617,9.794775,DK,Denmark,ULSTRUP,,4,135.0
56.391373,10.876965,DK,Denmark,GRENAA,,1,22.0
56.390885,8.61184,DK,Denmark,HOLSTEBRO,,4,22.0
56.388389,8.996829,DK,Denmark,HADERUP,,2,22.0
56.384649,9.672454,DK,Denmark,BJERRINGBRO,,2,11.0
56.379841,9.644731,DK,Denmark,BJERRINGBRO,,2,22.0
56.376849,9.395859,DK,Denmark,VIBORG,,2,22.0
56.373218,8.119435,DK,Denmark,ULFBORG,,4,150.0
56.373148,8.59308,DK,Denmark,HOLSTEBRO,,2,11.0
56.373001,8.619079,DK,Denmark,HOLSTEBRO,,2,11.0
56.371951,8.592076,DK,Denmark,HOLSTEBRO,,2,11.0
56.370566,8.598636,DK,Denmark,HOLSTEBRO,,4,11.0
56.370403,8.602653,DK,Denmark,HOLSTEBRO,,2,11.0
56.368875,8.61605,DK,Denmark,HOLSTEBRO,,2,11.0
56.367639,8.603434,DK,Denmark,HOLSTEBRO,,4,22.0
56.36729,9.670967,DK,Denmark,BJERRINGBRO,,1,22.0
56.366586,8.604351,DK,Denmark,HOLSTEBRO,,2,11.0
56.365706,8.566251,DK,Denmark,HOLSTEBRO,,2,22.0
56.365447,9.665094,DK,Denmark,BJERRINGBRO,,2,11.0
56.360988,8.606817,DK,Denmark,HOLSTEBRO,,2,11.0
56.357082,9.503412,DK,Denmark,RØDKÆRSBRO,,2,11.0
56.354297,9.60237,DK,Denmark,BJERRINGBRO,,12,22.0
56.349487,8.627022,DK,Denmark,HOLSTEBRO,,2,11.0
56.344893,9.263582,DK,Denmark,KARUP J,,1,22.0
56.344698,9.2483,DK,Denmark,KARUP J,,2,22.0
56.343863,9.249539,DK,Denmark,KARUP J,,1,22.0
56.337667,9.264723,DK,Denmark,KARUP J,,2,22.0
56.329864,8.927705,DK,Denmark,HADERUP,,4,22.0
56.3264,10.046217,DK,Denmark,HADSTEN,,4,135.0
56.322945,10.044591,DK,Denmark,HADSTEN,,4,22.0
56.321632,8.428684,DK,Denmark,VEMB,,2,22.0
56.317278,10.316237,DK,Denmark,HORNSLET,,2,22.0
56.316306,8.855951,DK,Denmark,AULUM,,4,22.0
56.310178,10.094348,DK,Denmark,HADSTEN,,1,22.0
56.308649,9.180307,DK,Denmark,KARUP J,,2,22.0
56.307801,9.171469,DK,Denmark,KARUP J,,2,22.0
56.307493,9.174487,DK,Denmark,KARUP J,,2,22.0
56.292231,9.995035,DK,Denmark,HINNERUP,,1,22.0
56.291414,9.153537,DK,Denmark,KARUP J,,2,22.0
56.278239,10.322877,DK,Denmark,SKØDSTRUP,,2,22.0
56.278144,10.320528,DK,Denmark,SKØDSTRUP,,2,22.0
56.271317,8.319097,DK,Denmark,ULFBORG,,2,150.0
56.267869,10.300815,DK,Denmark,SKØDSTRUP,,2,22.0
56.266107,8.798988,DK,Denmark,AULUM,,8,22.0
56.265853,8.785712,DK,Denmark,AULUM,,2,22.0
56.264327,10.314835,DK,Denmark,SKØDSTRUP,,2,22.0
56.264006,10.063114,DK,Denmark,HINNERUP,,4,135.0
56.262167,8.799113,DK,Denmark,AULUM,,4,22.0
56.261294,10.304576,DK,Denmark,SKØDSTRUP,,2,22.0
56.2607,8.79595,DK,Denmark,AULUM,,4,22.0
56.259745,8.566029,DK,Denmark,HOLSTEBRO,,2,22.0
56.258945,8.66045,DK,Denmark,SØRVAD,,6,22.0
56.257749,10.307689,DK,Denmark,SKØDSTRUP,,2,22.0
56.256107,10.304831,DK,Denmark,SKØDSTRUP,,2,22.0
56.255427,9.867113,DK,Denmark,HAMMEL,,4,135.0
56.253823,9.861804,DK,Denmark,HAMMEL,,1,22.0
56.252568,9.425505,DK,Denmark,KJELLERUP,,2,22.0
56.252521,10.300109,DK,Denmark,SKØDSTRUP,,2,22.0
56.25002,9.88183,DK,Denmark,HAMMEL,,4,11.0
56.244822,10.269343,DK,Denmark,HJORTSHØJ,,2,22.0
56.238975,10.097831,DK,Denmark,HINNERUP,,4,22.0
56.237804,10.10515,DK,Denmark,HINNERUP,,2,22.0
56.23675,9.089077,DK,Denmark,SUNDS,,2,22.0
56.2361,10.304441,DK,Denmark,EGÅ,,2,22.0
56.235599,10.302056,DK,Denmark,EGÅ,,2,22.0
56.234845,10.300421,DK,Denmark,EGÅ,,2,22.0
56.2346,8.201601,DK,Denmark,ULFBORG,,2,22.0
56.228342,10.027497,DK,Denmark,SABRO,,4,22.0
56.227622,10.238076,DK,Denmark,LYSTRUP,,1,22.0
56.225553,10.237066,DK,Denmark,LYSTRUP,,3,0.0
56.223464,9.667677,DK,Denmark,SILKEBORG,,2,22.0
56.216959,9.723983,DK,Denmark,GJERN,,1,11.0
56.213303,8.851526,DK,Denmark,HERNING,,4,22.0
56.211653,10.041637,DK,Denmark,SABRO,,2,22.0
56.207574,10.258808,DK,Denmark,EGÅ,,2,22.0
56.20714,10.2351,DK,Denmark,RISSKOV,,1,22.0
56.206652,9.01276,DK,Denmark,SUNDS,,4,22.0
56.206501,10.250806,DK,Denmark,RISSKOV,,2,22.0
56.206388,8.997314,DK,Denmark,SUNDS,,4,22.0
56.206303,10.043599,DK,Denmark,SABRO,,1,22.0
56.206172,10.251121,DK,Denmark,RISSKOV,,2,22.0
56.205431,9.562781,DK,Denmark,SILKEBORG,,1,22.0
56.204967,10.686241,DK,Denmark,EBELTOFT,,2,11.0
56.204772,10.227576,DK,Denmark,RISSKOV,,2,22.0
56.204741,10.253524,DK,Denmark,RISSKOV,,23,22.0
56.203423,8.771651,DK,Denmark,VILDBJERG,,1,22.0
56.203008,9.021082,DK,Denmark,SUNDS,,2,22.0
56.202848,10.234486,DK,Denmark,RISSKOV,,2,11.0
56.202703,9.021309,DK,Denmark,SUNDS,,8,22.0
56.202196,10.680648,DK,Denmark,EBELTOFT,,1,22.0
56.201093,8.687143,DK,Denmark,VILDBJERG,,2,11.0
56.200291,9.57527,DK,Denmark,SILKEBORG,,12,22.0
56.200083,8.206059,DK,Denmark,TIM,,2,22.0
56.19949,8.412997,DK,Denmark,TIM,,2,22.0
56.199395,8.567871,DK,Denmark,ØRNHØJ,,4,22.0
56.19929,10.676141,DK,Denmark,EBELTOFT,,2,22.0
56.199196,10.185416,DK,Denmark,AARHUS N,,2,22.0
56.197191,8.310445,DK,Denmark,TIM,,2,22.0
56.19696,10.188363,DK,Denmark,AARHUS N,,2,22.0
56.196686,8.309203,DK,Denmark,TIM,,2,22.0
56.196157,10.18567,DK,Denmark,AARHUS N,,2,22.0
56.195931,8.773219,DK,Denmark,VILDBJERG,,4,22.0
56.195479,8.305699,DK,Denmark,TIM,,2,22.0
56.19486,8.770733,DK,Denmark,VILDBJERG,,8,22.0
56.194104,10.671006,DK,Denmark,EBELTOFT,,2,22.0
56.193867,10.671122,DK,Denmark,EBELTOFT,,1,22.0
56.193123,10.191533,DK,Denmark,AARHUS N,,2,22.0
56.191383,8.759822,DK,Denmark,VILDBJERG,,4,22.0
56.190606,10.183138,DK,Denmark,AARHUS N,,12,11.0
56.189608,10.683522,DK,Denmark,EBELTOFT,,1,11.0
56.188966,9.563657,DK,Denmark,SILKEBORG,,1,11.0
56.188442,10.194711,DK,Denmark,AARHUS N,,4,22.0
56.188003,10.090398,DK,Denmark,TILST,,5,50.0
56.187424,8.746877,DK,Denmark,VILDBJERG,,4,22.0
56.187173,9.508889,DK,Denmark,SILKEBORG,,2,22.0
56.185255,10.123246,DK,Denmark,TILST,,2,0.0
56.184519,10.131803,DK,Denmark,TILST,,4,22.0
56.184316,10.195462,DK,Denmark,AARHUS N,,3,50.0
56.179074,10.676502,DK,Denmark,EBELTOFT,,4,22.0
56.17842,10.198642,DK,Denmark,AARHUS N,,2,22.0
56.176436,8.532249,DK,Denmark,SPJALD,,2,22.0
56.176285,8.837247,DK,Denmark,VILDBJERG,,4,22.0
56.175245,10.142424,DK,Denmark,AARHUS V,,3,22.0
56.17496,8.73873,DK,Denmark,VILDBJERG,,4,22.0
56.17402,8.73755,DK,Denmark,VILDBJERG,,4,22.0
56.173931,9.343952,DK,Denmark,ENGESVANG,,2,22.0
56.173085,10.18416,DK,Denmark,AARHUS N,,2,22.0
56.172278,10.140412,DK,Denmark,AARHUS V,,4,22.0
56.17179,10.173119,DK,Denmark,AARHUS V,,2,22.0
56.170568,9.568472,DK,Denmark,SILKEBORG,,4,22.0
56.169889,10.190302,DK,Denmark,AARHUS N,,8,11.0
56.169349,8.972035,DK,Denmark,HERNING,,2,22.0
56.166311,9.53929,DK,Denmark,SILKEBORG,,1,20.0
56.166224,9.55325,DK,Denmark,SILKEBORG,,4,22.0
56.165668,10.174054,DK,Denmark,AARHUS V,,1,22.0
56.164646,9.541975,DK,Denmark,SILKEBORG,,2,22.0
56.16389,9.349546,DK,Denmark,ENGESVANG,,1,22.0
56.163796,8.934581,DK,Denmark,HERNING,,6,22.0
56.162847,10.209327,DK,Denmark,AARHUS C,,2,22.0
56.159346,8.941967,DK,Denmark,HERNING,,4,22.0
56.159328,8.929036,DK,Denmark,HERNING,,4,22.0
56.158076,9.920969,DK,Denmark,GALTEN,,2,22.0
56.157247,10.19005,DK,Denmark,AARHUS C,,2,22.0
56.157132,8.976348,DK,Denmark,HERNING,,2,11.0
56.156751,9.646809,DK,Denmark,SILKEBORG,,7,11.0
56.156629,8.977765,DK,Denmark,HERNING,,1,11.0
56.155827,10.184228,DK,Denmark,AARHUS C,,14,50.0
56.155628,9.506638,DK,Denmark,SILKEBORG,,8,22.0
56.153852,8.936487,DK,Denmark,HERNING,,2,22.0
56.153833,9.559338,DK,Denmark,SILKEBORG,,14,22.0
56.153711,10.039102,DK,Denmark,BRABRAND,,2,11.0
56.153451,8.966412,DK,Denmark,HERNING,,4,22.0
56.153425,8.965533,DK,Denmark,HERNING,,8,22.0
56.152772,8.929919,DK,Denmark,HERNING,,2,22.0
56.152493,8.9856,DK,Denmark,HERNING,,1,22.0
56.152473,10.212232,DK,Denmark,AARHUS C,,2,22.0
56.148752,8.930462,DK,Denmark,HERNING,,2,22.0
56.148609,9.806604,DK,Denmark,LÅSBY,,1,22.0
56.148273,8.960963,DK,Denmark,HERNING,,2,22.0
56.146599,9.44564,DK,Denmark,SILKEBORG,,6,22.0
56.14548,10.519533,DK,Denmark,KNEBEL,,1,22.0
56.145279,8.280534,DK,Denmark,RINGKØBING,,2,22.0
56.144635,8.96119,DK,Denmark,HERNING,,4,22.0
56.144322,8.964949,DK,Denmark,HERNING,,6,22.0
56.144203,8.431404,DK,Denmark,SPJALD,,2,22.0
56.14131,8.941769,DK,Denmark,HERNING,,2,22.0
56.139906,8.994025,DK,Denmark,HERNING,,4,22.0
56.139701,9.559583,DK,Denmark,SILKEBORG,,1,22.0
56.137572,9.065417,DK,Denmark,HERNING,,8,22.0
56.137487,8.951868,DK,Denmark,HERNING,,2,22.0
56.137435,8.897349,DK,Denmark,HERNING,,4,22.0
56.137361,8.953966,DK,Denmark,HERNING,,4,22.0
56.137288,8.973403,DK,Denmark,HERNING,,10,22.0
56.137288,8.966233,DK,Denmark,HERNING,,8,22.0
56.137109,9.566448,DK,Denmark,SILKEBORG,,10,22.0
56.136897,8.973549,DK,Denmark,HERNING,,8,22.0
56.136688,8.952023,DK,Denmark,HERNING,,4,22.0
56.136473,8.972288,DK,Denmark,HERNING,,1,11.0
56.136207,8.922216,DK,Denmark,HERNING,,2,22.0
56.135172,8.977082,DK,Denmark,HERNING,,8,22.0
56.134928,8.942566,DK,Denmark,HERNING,,4,22.0
56.134255,8.971704,DK,Denmark,HERNING,,4,11.0
56.13407,8.982188,DK,Denmark,HERNING,,8,22.0
56.134034,8.996403,DK,Denmark,HERNING,,2,11.0
56.133699,9.01629,DK,Denmark,HERNING,,4,22.0
56.1335,8.999955,DK,Denmark,HERNING,,4,22.0
56.133157,9.054013,DK,Denmark,HERNING,,4,22.0
56.132876,9.034122,DK,Denmark,HERNING,,8,11.0
56.13279,9.347187,DK,Denmark,ENGESVANG,,4,0.0
56.132746,9.020576,DK,Denmark,HERNING,,8,22.0
56.132711,9.071245,DK,Denmark,HERNING,,1,22.0
56.132681,8.966022,DK,Denmark,HERNING,,6,22.0
56.132441,8.903754,DK,Denmark,HERNING,,4,22.0
56.132114,8.96563,DK,Denmark,HERNING,,4,22.0
56.13201,8.898448,DK,Denmark,HERNING,,1,11.0
56.13124,8.957707,DK,Denmark,HERNING,,4,22.0
56.130716,9.005822,DK,Denmark,HERNING,,2,22.0
56.130544,9.021596,DK,Denmark,HERNING,,4,22.0
56.129987,9.147464,DK,Denmark,IKAST,,2,22.0
56.129861,8.967143,DK,Denmark,HERNING,,2,22.0
56.129429,8.178581,DK,Denmark,RINGKØBING,,2,22.0
56.129367,8.181716,DK,Denmark,RINGKØBING,,1,22.0
56.128202,9.156575,DK,Denmark,IKAST,,2,22.0
56.128074,8.887694,DK,Denmark,HERNING,,8,22.0
56.127735,8.504909,DK,Denmark,SPJALD,,2,22.0
56.126909,8.509405,DK,Denmark,SPJALD,,2,22.0
56.123922,8.176385,DK,Denmark,RINGKØBING,,2,22.0
56.123912,10.140551,DK,Denmark,VIBY J,,4,22.0
56.122831,8.939538,DK,Denmark,HERNING,,2,22.0
56.122685,12.308699,DK,Denmark,GILLELEJE,,2,22.0
56.122674,10.166197,DK,Denmark,VIBY J,,2,11.0
56.121448,8.501053,DK,Denmark,SPJALD,,2,22.0
56.119849,8.116083,DK,Denmark,RINGKØBING,,4,11.0
56.118086,8.115257,DK,Denmark,RINGKØBING,,8,150.0
56.117479,8.95018,DK,Denmark,HERNING,,19,22.0
56.113722,10.167285,DK,Denmark,HØJBJERG,,1,22.0
56.112335,8.975064,DK,Denmark,HERNING,,1,22.0
56.110829,8.985345,DK,Denmark,HERNING,,2,22.0
56.109997,8.421978,DK,Denmark,RINGKØBING,,2,22.0
56.109981,8.977851,DK,Denmark,HERNING,,1,11.0
56.107174,9.078598,DK,Denmark,HERNING,,4,22.0
56.106596,8.9817,DK,Denmark,HERNING,,6,22.0
56.106288,8.985715,DK,Denmark,HERNING,,8,22.0
56.105162,8.976583,DK,Denmark,HERNING,,4,22.0
56.103706,8.96855,DK,Denmark,HERNING,,2,22.0
56.10135,8.242944,DK,Denmark,RINGKØBING,,6,22.0
56.101247,8.274717,DK,Denmark,RINGKØBING,,4,22.0
56.095582,8.27086,DK,Denmark,RINGKØBING,,2,22.0
56.09476,8.236125,DK,Denmark,RINGKØBING,,2,22.0
56.093741,8.260225,DK,Denmark,RINGKØBING,,2,22.0
56.091598,8.624851,DK,Denmark,VIDEBÆK,,2,22.0
56.091493,8.247439,DK,Denmark,RINGKØBING,,6,22.0
56.091361,8.242886,DK,Denmark,RINGKØBING,,6,22.0
56.091337,8.238794,DK,Denmark,RINGKØBING,,4,0.0
56.091089,8.704299,DK,Denmark,VIDEBÆK,,2,22.0
56.091085,8.610013,DK,Denmark,VIDEBÆK,,2,22.0
56.090926,8.244255,DK,Denmark,RINGKØBING,,6,22.0
56.090714,8.635382,DK,Denmark,VIDEBÆK,,4,22.0
56.090589,8.252441,DK,Denmark,RINGKØBING,,2,22.0
56.09036,8.241806,DK,Denmark,RINGKØBING,,6,22.0
56.090355,8.261815,DK,Denmark,RINGKØBING,,4,22.0
56.090105,8.629383,DK,Denmark,VIDEBÆK,,2,22.0
56.08851,8.240574,DK,Denmark,RINGKØBING,,6,22.0
56.088211,8.26627,DK,Denmark,RINGKØBING,,1,22.0
56.087969,8.246663,DK,Denmark,RINGKØBING,,4,22.0
56.087134,8.242876,DK,Denmark,RINGKØBING,,6,22.0
56.086364,8.508058,DK,Denmark,SPJALD,,2,150.0
56.084304,8.251038,DK,Denmark,RINGKØBING,,4,22.0
56.08234,12.364954,DK,Denmark,GILLELEJE,,2,22.0
56.081482,8.262702,DK,Denmark,RINGKØBING,,2,22.0
56.080317,9.543924,DK,Denmark,THEM,,1,22.0
56.074214,8.809332,DK,Denmark,KIBÆK,,2,22.0
56.065334,12.285808,DK,Denmark,GRÆSTED,,2,150.0
56.063644,9.084238,DK,Denmark,HERNING,,4,22.0
56.06146,10.152102,DK,Denmark,MÅRSLET,,2,22.0
56.060953,9.08376,DK,Denmark,HERNING,,4,22.0
56.059202,12.296328,DK,Denmark,GRÆSTED,,1,22.0
56.054149,8.39409,DK,Denmark,LEM ST,,1,22.0
56.053797,8.31255,DK,Denmark,RINGKØBING,,2,22.0
56.048804,9.953706,DK,Denmark,SKANDERBORG,,2,22.0
56.048495,9.932572,DK,Denmark,SKANDERBORG,,1,22.0
56.039513,8.85981,DK,Denmark,KIBÆK,,6,22.0
56.03552,8.869492,DK,Denmark,KIBÆK,,1,22.0
56.034182,9.927807,DK,Denmark,SKANDERBORG,,2,22.0
56.033259,12.605724,DK,Denmark,HELSINGØR,,6,22.0
56.031637,9.930303,DK,Denmark,SKANDERBORG,,2,22.0
56.029795,12.186168,DK,Denmark,HELSINGE,,2,22.0
56.029202,12.188103,DK,Denmark,HELSINGE,,2,22.0
56.027837,12.202229,DK,Denmark,HELSINGE,,2,22.0
56.027732,12.204708,DK,Denmark,HELSINGE,,2,22.0
56.027692,8.852654,DK,Denmark,KIBÆK,,4,22.0
56.026732,8.390562,DK,Denmark,LEM ST,,2,22.0
56.024198,9.111295,DK,Denmark,BRANDE,,1,22.0
56.02248,8.530191,DK,Denmark,SKJERN,,2,22.0
56.017819,8.123658,DK,Denmark,HVIDE SANDE,,2,22.0
56.01741,12.200436,DK,Denmark,HELSINGE,,2,22.0
56.011736,8.985272,DK,Denmark,HERNING,,4,22.0
56.00807,8.127178,DK,Denmark,HVIDE SANDE,,4,22.0
56.007486,8.128647,DK,Denmark,HVIDE SANDE,,2,22.0
56.006692,12.22448,DK,Denmark,HELSINGE,,1,11.0
56.003618,8.601241,DK,Denmark,SKJERN,,2,22.0
56.000996,8.129079,DK,Denmark,HVIDE SANDE,,2,22.0
55.99938,8.127978,DK,Denmark,HVIDE SANDE,,2,0.0
55.995637,8.739265,DK,Denmark,VIDEBÆK,,2,22.0
55.993102,12.561065,DK,Denmark,ESPERGÆRDE,,1,22.0
55.987247,10.230897,DK,Denmark,ODDER,,4,22.0
55.98669,10.146079,DK,Denmark,ODDER,,6,22.0
55.985454,9.295782,DK,Denmark,EJSTRUPHOLM,,1,22.0
55.984183,11.945935,DK,Denmark,HUNDESTED,,2,22.0
55.980993,10.133581,DK,Denmark,ODDER,,4,22.0
55.980069,10.249575,DK,Denmark,ODDER,,6,22.0
55.979545,10.150923,DK,Denmark,ODDER,,4,22.0
45.539282,-77.095057,CA,Canada,Eganville,,1,50.0
45.539004,-77.094864,CA,Canada,Eganville,,1,50.0
49.318944,-124.301935,CA,Canada,Parksville,,1,180.0
44.927288,-63.536179,CA,Canada,Nova Scotia,,2,180.0
43.85982,-79.340186,CA,Canada,Markham,,4,7.6
48.421595,-89.273784,CA,Canada,Thunder Bay,,1,0.0
43.68636,-79.60683,CA,Canada,Mississauga,,1,200.0
43.35492,-79.7851,CA,Canada,Burlington,,1,350.0
48.433736,-123.396112,CA,Canada,Esquimalt,,1,6.0
48.492773,-123.416473,CA,Canada,Victoria,,1,6.0
48.453609,-123.398658,CA,Canada,Victoria,,3,180.0
48.453425,-123.3987,CA,Canada,Victoria,,3,180.0
49.873844,-97.23364,CA,Canada,Manitoba,,1,6.6
46.901287,-71.126753,CA,Canada,Boischatel,,1,11.0
49.958395,-97.144129,CA,Canada,Winnipeg,,2,50.0
49.197337,-98.094593,CA,Canada,Morden,,3,200.0
47.47016,-81.84681,CA,Canada,Gogama,,3,200.0
50.70212,-96.553139,CA,Canada,Manitoba,,1,6.7
49.919407,-97.211839,CA,Canada,Manitoba,,2,12.0
49.917553,-97.209571,CA,Canada,Manitoba,,1,6.7
49.767096,-94.503892,CA,Canada,Kenora,,1,60.0
60.896017,-135.198636,CA,Canada,Whitehorse,,1,3.7
60.744838,-135.06865,CA,Canada,Whitehorse,,2,50.0
60.726391,-135.058757,CA,Canada,Whitehorse,,1,3.7
60.72347,-135.05679,CA,Canada,Whitehorse,,1,3.7
60.718613,-135.042976,CA,Canada,Whitehorse,,1,3.7
60.692405,-135.125187,CA,Canada,Whitehorse,,1,3.7
55.176186,-118.821637,CA,Canada,Grande Prairie,,1,50.0
54.718893,-113.246603,CA,Canada,Athabasca,,1,3.7
54.413665,-110.210208,CA,Canada,Cold Lake,,1,50.0
54.271099,-110.752998,CA,Canada,Bonnyville,,1,3.7
54.012897,-132.145588,CA,Canada,Masset,,1,3.7
53.86903,-110.39473,CA,Canada,Frog Lake,,2,50.0
53.67358,-113.243367,CA,Canada,Fort Saskatchewan,,1,50.0
53.620209,-113.612929,CA,Canada,St. Albert,,1,3.7
53.608214,-113.413584,CA,Canada,Edmonton,,1,3.7
53.560798,-113.616754,CA,Canada,Edmonton,,1,3.7
53.560614,-113.616369,CA,Canada,Edmonton,,1,3.7
53.544552,-113.493176,CA,Canada,Edmonton,,1,3.7
53.544102,-113.496002,CA,Canada,Edmonton,,1,3.7
53.540529,-113.520885,CA,Canada,Edmonton,,1,3.7
53.538153,-113.639071,CA,Canada,Edmonton,,1,3.7
53.51845,-113.51917,CA,Canada,Edmonton,,1,3.7
53.516719,-113.500221,CA,Canada,Edmonton,,1,3.7
53.511344,-113.301679,CA,Canada,Sherwood Park,,1,50.0
53.4981,-112.077003,CA,Canada,Vegreville,,1,3.7
53.489154,-113.496294,CA,Canada,Edmonton,,1,3.7
53.449128,-113.483863,CA,Canada,Edmonton,,1,3.7
53.42585,-113.490559,CA,Canada,Edmonton,,1,3.7
53.422212,-113.496474,CA,Canada,Edmonton,,1,3.7
53.42219,-113.49005,CA,Canada,Edmonton,,1,3.7
53.2974,-113.535456,CA,Canada,Leduc,,1,3.7
53.284408,-109.974075,CA,Canada,Lloydminster,,1,3.7
53.276339,-109.978718,CA,Canada,Lloydminster,,1,50.0
53.26041,-110.007241,CA,Canada,Lloydminster,,1,50.0
53.254249,-132.06952,CA,Canada,Daajing Giids,,1,3.7
53.231318,-114.984716,CA,Canada,Drayton Valley,,1,3.7
53.013046,-112.791974,CA,Canada,Camrose,,1,3.7
52.302117,-114.072895,CA,Canada,Sylvan Lake,,1,3.7
52.200189,-106.706364,CA,Canada,Saskatoon,,1,50.0
52.199775,-106.703683,CA,Canada,Saskatoon,,1,50.0
52.181253,-106.661066,CA,Canada,Saskatoon,,1,3.7
52.161391,-106.6859,CA,Canada,Saskatoon,,1,3.7
52.107509,-106.706522,CA,Canada,Saskatoon,,1,3.7
51.936698,-122.990018,CA,Canada,Hanceville,,3,50.0
51.890281,-106.70381,CA,Canada,Whitecap,,1,50.0
51.413005,-114.000872,CA,Canada,Crossfield,,1,50.0
51.397116,-114.015775,CA,Canada,Crossfield,,1,50.0
51.195318,-113.988573,CA,Canada,"Balzac, Rocky View County",,1,3.7
51.189111,-102.4497,CA,Canada,Yorkton,,1,3.7
51.186821,-114.470662,CA,Canada,Cochrane,,1,3.7
51.185241,-115.555454,CA,Canada,Banff,,1,3.7
51.18051,-113.936985,CA,Canada,Calgary,,1,50.0
51.15795,-114.02221,CA,Canada,Calgary,,1,3.7
51.1566,-114.16235,CA,Canada,Calgary,,1,3.7
51.153395,-114.012088,CA,Canada,Calgary,,2,50.0
51.088751,-115.349398,CA,Canada,Canmore,,1,50.0
51.087503,-114.4753,CA,Canada,Calgary,,2,50.0
51.083464,-114.125146,CA,Canada,Calgary,,1,3.7
51.06828,-114.198146,CA,Canada,Calgary,,1,3.7
51.053017,-114.007904,CA,Canada,Calgary,,2,50.0
51.0489,-114.059697,CA,Canada,Calgary,,1,3.7
51.046645,-114.000479,CA,Canada,Calgary,,1,3.7
51.00652,-114.120336,CA,Canada,Calgary,,1,3.7
51.00545,-113.172483,CA,Canada,Strathmore,,1,50.0
50.985184,-114.072527,CA,Canada,Calgary,,1,50.0
50.970813,-113.885409,CA,Canada,Calgary,,1,50.0
50.962567,-114.010262,CA,Canada,Calgary,,1,3.7
50.962557,-114.009338,CA,Canada,Calgary,,1,3.7
50.946296,-113.984284,CA,Canada,Calgary,,1,3.7
50.90833,-114.063761,CA,Canada,Calgary,,1,3.7
50.90151,-114.06358,CA,Canada,Calgary,,1,3.7
50.866402,-116.322029,CA,Canada,Spillimacheen,,1,3.7
50.852278,-113.019734,CA,Canada,Siksika,,2,50.0
50.736875,-113.97644,CA,Canada,Okotoks,,1,3.7
50.702721,-81.173758,CA,Canada,St. Thomas,,1,50.0
50.675244,-123.960324,CA,Canada,qathet,,1,3.7
50.638298,-121.508603,CA,Canada,Ashcroft,,3,50.0
50.467585,-104.607037,CA,Canada,Regina,,1,3.7
50.40875,-97.937529,CA,Canada,St. Laurent,,1,3.7
50.39672,-105.58087,CA,Canada,Moose Jaw,,1,50.0
50.388403,-97.252168,CA,Canada,Teulon,,2,50.0
50.318095,-122.754051,CA,Canada,Pemberton,,1,3.7
50.3041,-80.450726,CA,Canada,Kitchener,,1,50.0
50.303634,-107.783018,CA,Canada,Swift Current,,1,50.0
50.251289,-118.961485,CA,Canada,Lumby,,3,50.0
50.25007,-117.810005,CA,Canada,Nakusp,,1,50.0
50.161809,-101.675747,CA,Canada,Moosomin,,2,50.0
50.158294,-96.885649,CA,Canada,Selkirk,,1,3.7
50.129115,-97.326953,CA,Canada,Stonewall,,2,50.0
50.126035,-97.537469,CA,Canada,Warren,,2,50.0
50.118331,-122.95627,CA,Canada,Whistler,,1,50.0
50.117139,-122.953195,CA,Canada,Whistler,,1,3.7
50.112682,-122.97097,CA,Canada,Whistler,,1,3.7
50.085671,-97.217241,CA,Canada,Stony Mountain,,1,3.7
49.988506,-97.431065,CA,Canada,Rosser,,1,3.7
49.959052,-97.143395,CA,Canada,WINNIPEG,,2,50.0
49.898553,-119.480731,CA,Canada,Kelowna,,1,3.7
49.890421,-97.115324,CA,Canada,Winnipeg,,1,3.7
49.877439,-119.438983,CA,Canada,Kelowna,,1,50.0
49.86149,-97.077737,CA,Canada,Winnipeg,,1,3.7
49.85048,-97.203569,CA,Canada,Winnipeg,,1,50.0
49.822009,-115.761614,CA,Canada,Spillimacheen,,1,3.7
49.815554,-97.180471,CA,Canada,Winnipeg,,1,3.7
49.81214,-126.072808,CA,Canada,TsaXana,,1,3.7
49.78731,-92.82899,CA,Canada,Dryden,,2,50.0
49.786782,-92.824227,CA,Canada,Dryden,,2,50.0
49.767536,-68.735961,CA,Canada,Baie-Comeau,,1,50.0
49.7579,-123.130997,CA,Canada,Squamish,,1,3.7
49.726086,-94.324858,CA,Canada,Longbow Lake,,2,50.0
49.699304,-123.15655,CA,Canada,Squamish,,1,3.7
49.690634,-112.781626,CA,Canada,Lethbridge,,1,50.0
49.60666,-119.67727,CA,Canada,Summerland,,2,50.0
49.508258,-119.57863,CA,Canada,Penticton,,1,3.7
49.501187,-119.59548,CA,Canada,Penticton,,1,3.7
49.45515,-119.586928,CA,Canada,Penticton,,2,50.0
49.374422,-121.428972,CA,Canada,Hope,,1,50.0
49.318199,-124.308998,CA,Canada,Parksville,,1,3.7
49.312817,-123.027866,CA,Canada,North Vancouver,,3,50.0
49.308095,-123.063501,CA,Canada,North Vancouver,,1,3.7
49.307961,-123.007471,CA,Canada,North Vancouver,,2,50.0
49.303314,-121.784759,CA,Canada,Harrison Hot Springs,,1,3.7
49.303162,-121.782049,CA,Canada,Harrison Hot Springs,,1,3.7
49.290188,-123.14033,CA,Canada,Vancouver,,1,3.7
49.287421,-123.113388,CA,Canada,Vancouver,,1,3.7
49.287337,-123.11332,CA,Canada,Vancouver,,1,3.7
49.286874,-123.118851,CA,Canada,Vancouver,,1,3.7
49.286426,-123.119426,CA,Canada,Vancouver,,1,3.7
49.282658,-122.761092,CA,Canada,Port Coquitlam,,1,3.7
49.280996,-123.121683,CA,Canada,Vancouver,,1,3.7
49.27278,-123.0206,CA,Canada,Burnaby,,1,3.7
49.272753,-80.321982,CA,Canada,Guelph,,1,3.7
49.271724,-123.019643,CA,Canada,Burnaby,,1,3.7
49.269501,-123.249001,CA,Canada,Vancouver,,1,3.7
49.267502,-123.100998,CA,Canada,Vancouver,,1,3.7
49.266229,-123.170368,CA,Canada,Vancouver,,1,3.7
49.26546,-123.01304,CA,Canada,Burnaby,,1,3.7
49.264801,-122.877998,CA,Canada,Coquitlam,,1,3.7
49.263873,-123.126124,CA,Canada,Vancouver,,1,3.7
49.261882,-123.232909,CA,Canada,Vancouver,,1,3.7
49.261161,-123.246302,CA,Canada,Vancouver,,1,3.7
49.26088,-80.86916,CA,Canada,Harriston,,1,50.0
49.260144,-123.046199,CA,Canada,Vancouver,,1,50.0
49.244448,-124.799126,CA,Canada,Port Alberni,,3,50.0
49.240999,-122.971804,CA,Canada,Burnaby,,1,3.7
49.240901,-123.126441,CA,Canada,Vancouver,,1,3.7
49.227449,-68.189373,CA,Canada,Baie-Comeau,,2,50.0
49.227446,-123.155603,CA,Canada,Vancouver,,1,3.7
49.226044,-123.00056,CA,Canada,Burnaby,,1,3.7
49.225141,-65.125229,CA,Canada,Grande-Vallée,,1,50.0
49.219878,-123.149211,CA,Canada,Vancouver,,1,3.7
49.217937,-122.650796,CA,Canada,Maple Ridge,,1,50.0
49.21512,-66.071664,CA,Canada,Marsoui,,1,50.0
49.210782,-123.116427,CA,Canada,Vancouver,,1,3.7
49.206893,-122.911098,CA,Canada,New Westminster,,1,3.7
49.19852,-123.11918,CA,Canada,Richmond,,1,3.7
49.198161,-122.842981,CA,Canada,Surrey,,1,3.7
49.198058,-68.285305,CA,Canada,Baie-Comeau,,1,3.7
49.196423,-123.092235,CA,Canada,Richmond,,1,3.7
49.194375,-123.164914,CA,Canada,Richmond,,1,3.7
49.192874,-123.171579,CA,Canada,Richmond,,2,50.0
49.192841,-97.934601,CA,Canada,Winkler,,2,50.0
49.18892,-123.15853,CA,Canada,Richmond,,1,3.7
49.175067,-123.1393,CA,Canada,Richmond,,1,3.7
49.164138,-122.772639,CA,Canada,Surrey,,1,3.7
49.15238,-102.923727,CA,Canada,Estevan,,1,3.7
49.15229,-122.651518,CA,Canada,Langley Township,,1,3.7
49.137371,-123.01762,CA,Canada,Delta,,1,3.7
49.132384,-122.336435,CA,Canada,MISSION,,1,3.7
49.130895,-123.100897,CA,Canada,Richmond,,1,3.7
49.126092,-123.189019,CA,Canada,Richmond,,1,3.7
49.1226,-122.4105,CA,Canada,Pitt Meadows,,1,3.7
49.12256,-122.68076,CA,Canada,Surrey,,1,3.7
49.12064,-123.08146,CA,Canada,Vancouver,,1,3.7
49.113592,-122.665507,CA,Canada,Langley,,1,50.0
49.103432,-121.977355,CA,Canada,Chilliwack,,4,50.0
49.101398,-123.172997,CA,Canada,Delta,,1,3.7
49.091762,-122.958059,CA,Canada,Delta,,1,50.0
49.079124,-122.650822,CA,Canada,Langley,,1,3.7
49.035999,-122.802002,CA,Canada,Surrey,,1,3.7
49.027818,-122.287001,CA,Canada,Abbotsford,,1,3.7
49.026631,-122.285678,CA,Canada,Abbotsford,,4,50.0
49.015421,-88.274626,CA,Canada,Nipigon,,1,3.7
48.979014,-123.804179,CA,Canada,Ladysmith,,1,3.7
48.956436,-57.919478,CA,Canada,Corner Brook,,1,3.7
48.955857,-54.628736,CA,Canada,Gander,,1,3.7
48.933659,-55.645507,CA,Canada,Grand Falls-Windsor,,1,3.7
48.828456,-64.486964,CA,Canada,Gaspé,,1,3.7
48.805281,-123.720066,CA,Canada,Duncan,,1,3.7
48.786695,-67.697038,CA,Canada,Saint-Ulric,,1,3.7
48.782311,-87.101395,CA,Canada,Terrace Bay,,2,50.0
48.624266,-123.420304,CA,Canada,North Saanich,,1,3.7
48.608861,-68.232278,CA,Canada,Sainte-Flavie,,1,3.7
48.60774,-93.428884,CA,Canada,Fort Frances,,2,50.0
48.553345,-70.428046,CA,Canada,Clermont,,1,3.7
48.468841,-123.333541,CA,Canada,Victoria,,1,3.7
48.463142,-68.48873,CA,Canada,Rimouski,,1,3.7
48.460899,-123.334999,CA,Canada,Victoria,,1,3.7
48.452664,-68.493545,CA,Canada,Rimouski,,1,50.0
48.450374,-123.499404,CA,Canada,Langford,,1,3.7
48.429425,-71.059395,CA,Canada,Saguenay,,2,50.0
48.427054,-123.33779,CA,Canada,Victoria,,2,50.0
48.426866,-123.319962,CA,Canada,Victoria,,1,3.7
48.422934,-71.053232,CA,Canada,Chicoutimi,,1,3.7
48.421054,-71.053,CA,Canada,Chicoutimi,,1,3.7
48.407519,-123.489458,CA,Canada,Victoria,,1,3.7
48.395755,-123.627757,CA,Canada,Sooke,,1,3.7
48.38852,-80.684396,CA,Canada,Woodstock,,1,3.7
48.382729,-123.72873,CA,Canada,Sooke,,1,3.7
48.377521,-68.113765,CA,Canada,Les Hauteurs,,1,3.7
48.377348,-73.305786,CA,Canada,St.-Amable,,1,3.7
48.354997,-64.967596,CA,Canada,Port-Daniel,,1,3.7
48.351478,-64.672447,CA,Canada,Chandler,,1,50.0
48.343491,-69.398422,CA,Canada,Les Escoumins,,1,3.7
48.343182,-69.398975,CA,Canada,Les Escoumins,,1,3.7
48.236883,-79.024944,CA,Canada,Rouyn-Noranda,,1,3.7
48.150453,-69.712737,CA,Canada,Tadoussac,,1,3.7
48.115531,-75.09174,CA,Canada,Duhamel,,1,3.7
48.106794,-66.131503,CA,Canada,Carleton-sur-Mer,,1,3.7
48.062381,-77.795075,CA,Canada,Val-d'or,,1,3.7
48.053411,-65.486236,CA,Canada,Bonaventure,,1,3.7
48.049023,-65.490962,CA,Canada,Bonaventure,,1,3.7
48.035611,-73.154864,CA,Canada,La Tuque,,2,50.0
48.027775,-65.26052,CA,Canada,Paspébiac,,2,50.0
48.01134,-66.421664,CA,Canada,Eel River Crossing,,1,3.7
47.903973,-55.768167,CA,Canada,Milltown,,1,3.7
47.822546,-69.512488,CA,Canada,Rivière-du-Loup,,2,50.0
47.816541,-69.151999,CA,Canada,Saint-Hubert-de-Rivière-du-Loup,,1,3.7
47.815798,-69.147583,CA,Canada,Saint-Hubert-de-Rivière-du-Loup,,1,3.7
47.768811,-69.192072,CA,Canada,Saint-Hubert-de-Rivière-du-Loup,,1,3.7
47.741946,-52.813187,CA,Canada,Pouch Cove,,1,3.7
47.691605,-79.426909,CA,Canada,Nedelec,,1,3.7
47.566522,-52.70429,CA,Canada,St John's,,1,3.7
47.562929,-69.873556,CA,Canada,Kamouraska,,1,3.7
47.54068,-79.673675,CA,Canada,Temiskaming Shores,,1,3.7
47.512576,-79.353642,CA,Canada,Saint-Eugène-De-Guigues,,1,3.7
47.50475,-52.974775,CA,Canada,Conception Bay South,,1,3.7
47.436399,-70.503655,CA,Canada,Baie-Saint-Paul,,1,3.7
47.435011,-69.041457,CA,Canada,Rivière-Bleue,,1,3.7
47.434531,-69.043186,CA,Canada,Rivière-Bleue,,1,3.7
47.414001,-69.957944,CA,Canada,St-Pacôme,,1,3.7
47.37544,-61.869952,CA,Canada,Cap-aux-Meules,,2,50.0
47.369822,-70.032147,CA,Canada,La Pocatière,,1,3.7
47.368306,-70.035904,CA,Canada,La Pocatière,,1,3.7
47.117111,-70.859097,CA,Canada,Saint-Ferréol-les-Neiges,,1,3.7
47.073382,-70.905747,CA,Canada,Beaupré,,1,3.7
47.020288,-70.931711,CA,Canada,Sainte-Anne-de-Beaupré,,1,3.7
46.978171,-70.571873,CA,Canada,Montmagny,,1,3.7
46.874361,-71.157258,CA,Canada,Québec,,1,3.7
46.847049,-71.25173,CA,Canada,Québec,,1,3.7
46.844174,-71.265324,CA,Canada,Québec,,1,3.7
46.840345,-71.273754,CA,Canada,Québec,,2,50.0
46.829337,-71.298751,CA,Canada,Québec,,2,50.0
46.826802,-71.23091,CA,Canada,Québec,,1,3.7
46.81874,-71.34614,CA,Canada,Québec,,1,3.7
46.816279,-71.24983,CA,Canada,Québec City,,2,180.0
46.81605,-71.33393,CA,Canada,Quebec,,1,50.0
46.816029,-71.205831,CA,Canada,Québec,,1,3.7
46.807595,-71.361712,CA,Canada,l'Ancienne-Lorette,,1,3.7
46.801068,-71.245817,CA,Canada,Québec,,1,3.7
46.794629,-70.755331,CA,Canada,Saint-Raphaël,,1,3.7
46.773245,-71.197704,CA,Canada,Lévis,,1,3.7
46.767122,-71.291039,CA,Canada,Québec,,1,3.7
46.753847,-71.32397,CA,Canada,Québec,,1,3.7
46.75187,-71.286469,CA,Canada,Québec,,1,3.7
46.751347,-71.695507,CA,Canada,Pont-Rouge,,1,3.7
46.679096,-71.346052,CA,Canada,Saint-Nicolas,,2,50.0
46.669881,-71.769052,CA,Canada,Cap-Santé,,1,3.7
46.617189,-71.928893,CA,Canada,Lotbinière,,1,3.7
46.61437,-75.056297,CA,Canada,Rivière-Rouge,,1,3.7
46.613985,-72.29362,CA,Canada,Saint-Prosper-de-Champlain,,1,3.7
46.570222,-70.088743,CA,Canada,Saint-Just-de-Bretenières,,1,3.7
46.555259,-72.118488,CA,Canada,Deschaillons-sur-Saint-Laurent,,1,3.7
46.550379,-84.321188,CA,Canada,Sault Ste. Marie,,2,50.0
46.547483,-75.45091,CA,Canada,Mont-Laurier,,1,50.0
46.537182,-84.318181,CA,Canada,Sault Ste Marie,,2,50.0
46.529692,-72.339439,CA,Canada,Sainte-Geneviève-de-Batiscan,,1,3.7
46.51191,-84.33645,CA,Canada,Sault Ste Marie,,1,350.0
46.498195,-71.136429,CA,Canada,Saint-Bernard,,1,3.7
46.496858,-80.973861,CA,Canada,Greater Sudbury,,1,3.7
46.48541,-71.663975,CA,Canada,Saint-Janvier-de-Joly,,1,3.7
46.485184,-70.836591,CA,Canada,Frampton,,1,3.7
46.482736,-71.664033,CA,Canada,Saint-Janvier-de-Joly,,1,3.7
46.482141,-71.231851,CA,Canada,Saint-Narcisse-de-Beaurivage,,1,3.7
46.4731,-71.1918,CA,Canada,Québec,,1,3.7
46.468,-72.159892,CA,Canada,Sainte-Cécile-de-Lévrard,,1,3.7
46.458994,-63.308412,CA,Canada,North Rustico,,1,3.7
46.453837,-63.999615,CA,Canada,Wellington,,1,3.7
46.395032,-73.450371,CA,Canada,Repentigny,,1,3.7
46.382866,-71.408331,CA,Canada,Sainte-Agathe-de-Lotbinière,,1,3.7
46.381827,-82.643903,CA,Canada,Elliot Lake,,1,50.0
46.362084,-72.676261,CA,Canada,Trois-Rivières,,1,3.7
46.349478,-72.576917,CA,Canada,Trois-Rivières,,1,3.7
46.348945,-72.575207,CA,Canada,Trois-Rivières,,1,3.7
46.347912,-72.579029,CA,Canada,Trois-Rivières,,1,3.7
46.345715,-72.583276,CA,Canada,Trois-Rivières,,1,3.7
46.334659,-73.479342,CA,Canada,Saint-Damien,,1,3.7
46.310875,-74.209968,CA,Canada,St-Donat-de-Montcalm,,2,50.0
46.290424,-73.390081,CA,Canada,Saint-Gabriel-de-Brandon,,1,3.7
46.28959,-63.139,CA,Canada,Brackley,,1,3.7
46.277983,-70.599231,CA,Canada,Saint-Benjamin,,1,3.7
46.254957,-63.111083,CA,Canada,Charlottetown,,1,3.7
46.239861,-64.510694,CA,Canada,POINTE-DU-CHÊNE,,1,3.7
46.232587,-72.605748,CA,Canada,Nicolet,,1,3.7
46.185195,-82.952585,CA,Canada,Blind River,,2,50.0
46.185106,-72.106229,CA,Canada,Daveluyville,,1,50.0
46.161819,-74.79463,CA,Canada,La Conception,,1,3.7
46.148136,-70.904395,CA,Canada,Saint-Victor,,1,3.7
46.126297,-74.581544,CA,Canada,Mont-Tremblant,,1,3.7
46.123149,-70.681182,CA,Canada,Saint-Georges,,1,3.7
46.099602,-64.773413,CA,Canada,Moncton,,1,50.0
46.098328,-70.652585,CA,Canada,Saint-Georges,,1,3.7
46.06765,-70.790609,CA,Canada,Saint-Benoit-Labre,,1,3.7
46.058551,-73.418678,CA,Canada,Lanaudière,,1,50.0
46.050303,-71.69187,CA,Canada,Sainte-Hélène-de-Chester,,1,3.7
46.030056,-73.09534,CA,Canada,Sorel-Tracy,,1,3.7
46.023756,-75.079945,CA,Canada,Duhamel,,1,3.7
46.008207,-73.440496,CA,Canada,Joliette,,1,3.7
45.993942,-81.478946,CA,Canada,Killarney,,1,3.7
45.975149,-74.634701,CA,Canada,Huberdeau,,1,3.7
45.970787,-61.133796,CA,Canada,Inverness,,2,50.0
45.952632,-74.137097,CA,Canada,Sainte-Adèle,,1,50.0
45.942118,-74.547351,CA,Canada,Montcalm,,1,3.7
45.94189,-74.547281,CA,Canada,Montcalm,,1,3.7
45.932319,-72.426544,CA,Canada,Saint-Cyrille-de-Wendover,,1,3.7
45.92144,-72.18508,CA,Canada,Sainte-Séraphine,,1,3.7
45.891121,-77.265362,CA,Canada,Petawawa,,2,50.0
45.889571,-73.145797,CA,Canada,Saint-Ours,,1,3.7
45.886881,-71.655118,CA,Canada,Ham-Nord,,1,3.7
45.885292,-73.151717,CA,Canada,Saint-Ours,,1,3.7
45.85436,-72.57959,CA,Canada,St.-Germain-de-Grantham,,1,50.0
45.848864,-73.985518,CA,Canada,Sainte-Sophie,,1,3.7
45.837748,-73.95439,CA,Canada,Sainte-Sophie,,1,3.7
45.835839,-73.915781,CA,Canada,Sainte-Sophie,,1,3.7
45.828754,-81.57483,CA,Canada,Tiverton,,1,3.7
45.827991,-73.967572,CA,Canada,Sainte-Sophie,,1,3.7
45.823502,-73.960704,CA,Canada,Sainte-Sophie,,1,3.7
45.822896,-73.450463,CA,Canada,L'Assomption,,1,50.0
45.819419,-73.898117,CA,Canada,Sainte-Sophie,,1,3.7
45.817483,-73.89703,CA,Canada,Sainte-Sophie,,1,3.7
45.798997,-74.006747,CA,Canada,Ville de Saint-Jérôme,,1,3.7
45.794279,-74.043359,CA,Canada,Saint-Jérôme,,1,3.7
45.789125,-73.988647,CA,Canada,Saint-Jérôme,,1,3.7
45.784267,-73.160354,CA,Canada,Saint-Denis-sur-Richelieu,,1,3.7
45.774945,-73.999853,CA,Canada,Saint-Jérôme,,1,3.7
45.774395,-73.999106,CA,Canada,Saint-Jérôme,,2,50.0
45.748506,-73.853985,CA,Canada,Sainte-Anne-des-Plaines,,1,3.7
45.740096,-73.598709,CA,Canada,Mascouche,,1,50.0
45.722643,-70.844379,CA,Canada,Lac-Drolet,,1,3.7
45.701583,-73.479283,CA,Canada,Montréal,,1,3.7
45.70136,-71.461275,CA,Canada,Weedon,,1,3.7
45.698898,-73.920174,CA,Canada,Mirabel,,1,50.0
45.695772,-73.639327,CA,Canada,Terrebonne,,1,3.7
45.694231,-73.626011,CA,Canada,Terrebonne,,1,3.7
45.677956,-73.194584,CA,Canada,Saint-Marc-sur-Richelieu,,1,3.7
45.674784,-74.403582,CA,Canada,Brownsburg,,1,3.7
45.671653,-82.269118,CA,Canada,Providence Bay,,1,3.7
45.656667,-72.576111,CA,Canada,Acton Vale,,1,3.7
45.644826,-72.575218,CA,Canada,Acton Vale,,1,50.0
45.63909,-73.37481,CA,Canada,Varennes,,1,3.7
45.636404,-73.983126,CA,Canada,Mirabel,,1,3.7
45.630818,-73.494951,CA,Canada,Montréal-Est,,1,3.7
45.63058,-73.584082,CA,Canada,Montreal,,1,3.7
45.625298,-74.428936,CA,Canada,Brownsburg,,1,3.7
45.62472,-72.96451,CA,Canada,St.-Hyacinthe,,1,3.7
45.62422,-74.594685,CA,Canada,Grenville,,1,50.0
45.622742,-72.958778,CA,Canada,Saint-Hyacinthe,,1,50.0
45.62016,-73.84587,CA,Canada,Boisbriand,,1,3.7
45.618298,-72.973926,CA,Canada,Saint-Hyacinthe,,1,3.7
45.616824,-72.976158,CA,Canada,Saint-Hyacinthe,,1,3.7
45.615001,-73.649775,CA,Canada,Laval,,1,3.7
45.61141,-73.561459,CA,Canada,Anjou,,1,3.7
45.591475,-74.591348,CA,Canada,Hawkesbury,,1,3.7
45.590584,-73.453704,CA,Canada,Boucherville,,1,3.7
45.581711,-73.52217,CA,Canada,Montreal,,1,3.7
45.581527,-70.881437,CA,Canada,Lac-Mégantic,,1,3.7
45.581497,-73.330078,CA,Canada,Sainte-Julie,,2,50.0
45.578753,-73.305266,CA,Canada,Sainte-Julie,,1,50.0
45.578251,-75.407858,CA,Canada,Gatineau,,1,3.7
45.577003,-73.447841,CA,Canada,Boucherville,,2,50.0
45.575141,-73.75544,CA,Canada,Laval,,1,50.0
45.573786,-70.88318,CA,Canada,Lac-Mégantic,,1,3.7
45.572437,-70.830274,CA,Canada,Frontenac,,1,3.7
45.5675,-73.743,CA,Canada,Laval,,2,50.0
45.565429,-73.479341,CA,Canada,Longueuil,,1,50.0
45.556403,-73.215627,CA,Canada,Beloeil,,1,3.7
45.554702,-73.537395,CA,Canada,Montréal,,1,3.7
45.552797,-73.643975,CA,Canada,Montréal,,1,3.7
45.55274,-73.642636,CA,Canada,Montréal,,1,3.7
45.55208,-73.564889,CA,Canada,Montréal,,1,3.7
45.5511,-72.2623,CA,Canada,Saint-Cyrille-De-Wendover,,1,3.7
45.548856,-73.624447,CA,Canada,Montréal,,2,50.0
45.544711,-73.621538,CA,Canada,Montréal,,1,3.7
45.541476,-73.457441,CA,Canada,Longueuil,,1,3.7
45.54052,-73.2036,CA,Canada,Otterburn Park,,1,3.7
45.528333,-73.932303,CA,Canada,Sainte-Marthe-sur-le-Lac,,1,3.7
45.528013,-73.931361,CA,Canada,Sainte-Marthe-sur-le-Lac,,1,3.7
45.514483,-73.563483,CA,Canada,Montréal,,1,3.7
45.513176,-73.672229,CA,Canada,Montréal,,1,3.7
45.510455,-73.811794,CA,Canada,Montréal,,1,3.7
45.506864,-73.701628,CA,Canada,Montréal,,1,3.7
45.50135,-73.66723,CA,Canada,Montréal,,1,3.7
45.49906,-73.66432,CA,Canada,Mont-Royal,,1,3.7
45.497445,-73.49459,CA,Canada,Longueuil,,1,3.7
45.493163,-75.578379,CA,Canada,Gatineau,,1,3.7
45.490525,-75.605265,CA,Canada,Gatineau,,1,3.7
45.490123,-73.803604,CA,Canada,Dollard-des-Ormeaux,,1,50.0
45.486687,-73.587134,CA,Canada,Westmount,,1,3.7
45.485909,-73.713559,CA,Canada,Montréal,,1,3.7
45.484805,-73.561718,CA,Canada,Montréal,,1,3.7
45.484384,-73.810147,CA,Canada,Dollard-des-Ormeaux,,1,3.7
45.483595,-75.678196,CA,Canada,Gatineau,,1,3.7
45.48326,-73.809008,CA,Canada,Dollard-des-ormeaux,,1,3.7
45.480199,-73.761498,CA,Canada,Montréal,,1,3.7
45.478926,-74.2876,CA,Canada,Rigaud,,2,50.0
45.478843,-74.287943,CA,Canada,Rigaud,,1,50.0
45.475244,-73.706527,CA,Canada,Montréal,,1,3.7
45.47287,-74.309755,CA,Canada,Rigaud,,1,3.7
45.466537,-73.720754,CA,Canada,Dorval,,1,3.7
45.465097,-75.551032,CA,Canada,Ottawa,,1,50.0
45.453488,-75.506774,CA,Canada,Orleans,,2,50.0
45.45264,-73.44021,CA,Canada,Brossard,,1,3.7
45.45242,-72.082709,CA,Canada,Saint-Denis-de-Brompton,,1,3.7
45.452047,-73.75581,CA,Canada,Dorval,,1,3.7
45.45079,-75.688375,CA,Canada,Rockcliffe Park,,1,3.7
45.446004,-73.471384,CA,Canada,Brossard,,1,3.7
45.44525,-75.63585,CA,Canada,Ottawa,,1,3.7
45.444799,-73.693367,CA,Canada,Montréal,,1,3.7
45.443207,-71.86708,CA,Canada,Sherbrooke,,1,3.7
45.442849,-73.585755,CA,Canada,Montréal,,1,3.7
45.441664,-71.689166,CA,Canada,Cookshire-Eaton,,1,3.7
45.440464,-75.628628,CA,Canada,Ottawa,,1,3.7
45.439124,-73.927633,CA,Canada,Sainte-Anne-de-Bellevue,,1,3.7
45.43801,-65.91534,CA,Canada,Quispamsis,,1,3.7
45.437768,-73.443303,CA,Canada,Brossard,,2,50.0
45.43339,-75.69114,CA,Canada,Ottawa,,1,3.7
45.43013,-75.611478,CA,Canada,Gloucester,,1,3.7
45.429722,-73.636031,CA,Canada,Montréal,,2,50.0
45.422941,-75.634139,CA,Canada,Ottawa,,1,3.7
45.422053,-75.694882,CA,Canada,Ottawa,,1,3.7
45.42037,-73.621863,CA,Canada,Montréal,,1,3.7
45.419281,-75.688407,CA,Canada,Ottawa,,1,3.7
45.415924,-75.692317,CA,Canada,Ottawa,,1,3.7
45.411538,-75.640922,CA,Canada,Ottawa,,1,50.0
45.40473,-75.55893,CA,Canada,Orleans,,1,3.7
45.401637,-73.515565,CA,Canada,Candiac,,1,3.7
45.399997,-75.648419,CA,Canada,Ottawa,,1,3.7
45.391151,-75.755331,CA,Canada,Ottawa,,1,3.7
45.390781,-73.985152,CA,Canada,Terrasse-Vaudreuil,,1,3.7
45.390402,-73.986616,CA,Canada,Terrasse-Vaudreuil,,1,3.7
45.386372,-73.559082,CA,Canada,Sainte-Catherine,,1,50.0
45.381758,-75.740825,CA,Canada,Ottawa,,1,50.0
45.381406,-71.946131,CA,Canada,Sherbrooke,,1,3.7
45.380599,-71.947942,CA,Canada,Sherbrooke,,1,3.7
45.3785,-75.73298,CA,Canada,Ottawa,,1,3.7
45.37825,-75.73308,CA,Canada,Ottawa,,1,3.7
45.3778,-75.720802,CA,Canada,Ottawa,,1,3.7
45.37079,-75.77056,CA,Canada,Ottawa,,1,350.0
45.365652,-75.788591,CA,Canada,Ottawa,,1,50.0
45.365119,-75.883768,CA,Canada,Nepean,,1,3.7
45.363804,-71.847364,CA,Canada,Sherbrooke,,1,3.7
45.353087,-75.643794,CA,Canada,Ottawa,,1,50.0
45.348014,-71.992356,CA,Canada,Sherbrooke,,1,3.7
45.34528,-75.442878,CA,Canada,Ottawa,,1,50.0
45.343611,-72.537889,CA,Canada,Waterloo,,1,3.7
45.342457,-80.018975,CA,Canada,Parry Sound,,1,3.7
45.324476,-75.661234,CA,Canada,Ottawa,,2,50.0
45.320791,-66.196492,CA,Canada,Grand Bay-Westfield,,1,3.7
45.316601,-72.65088,CA,Canada,Bromont,,1,3.7
45.313891,-73.264739,CA,Canada,Saint-Jean-sur-Richelieu,,1,3.7
45.31288,-73.875812,CA,Canada,Beauharnois,,1,3.7
45.30232,-73.23986,CA,Canada,Saint-Jean-sur-Richelieu,,1,3.7
45.302008,-73.250855,CA,Canada,Saint-Jean-sur-Richelieu,,1,3.7
45.300746,-73.873352,CA,Canada,Beauharnois,,1,3.7
45.283664,-75.866973,CA,Canada,Kanata,,2,50.0
45.271455,-75.891335,CA,Canada,Ottawa,,1,3.7
45.266312,-72.158374,CA,Canada,Magog,,1,3.7
45.263352,-75.782822,CA,Canada,Ottawa,,1,50.0
45.26199,-81.659985,CA,Canada,Tobermory,,1,3.7
45.258663,-81.659675,CA,Canada,Tobermory,,1,3.7
45.254787,-81.662409,CA,Canada,Tobermory,,1,3.7
45.252569,-81.666444,CA,Canada,Tobermory,,1,3.7
45.247979,-74.115894,CA,Canada,Salaberry-de-Valleyfield,,1,3.7
45.238706,-75.772232,CA,Canada,Ottawa,,1,3.7
45.234649,-81.656752,CA,Canada,Tobermory,,1,3.7
45.230562,-81.630354,CA,Canada,Tobermory,,1,3.7
45.21965,-75.88046,CA,Canada,Ottawa,,1,3.7
45.210178,-72.775351,CA,Canada,Cowansville,,1,3.7
45.196989,-81.651871,CA,Canada,Tobermory,,1,3.7
45.189259,-81.627402,CA,Canada,Tobermory,,1,3.7
45.180461,-72.943673,CA,Canada,Saint-Ignace-de-Stanbridge,,1,3.7
45.1678,-72.0388,CA,Canada,Ayer's Cliff,,2,50.0
45.132451,-76.120819,CA,Canada,Carleton Place,,2,50.0
45.098619,-81.402751,CA,Canada,Miller Lake,,1,3.7
45.066261,-64.448718,CA,Canada,New Minas,,2,50.0
45.065189,-73.165732,CA,Canada,venise-en-quebec,,1,3.7
45.056649,-72.839145,CA,Canada,Frelighsburg,,1,3.7
45.05502,-72.836355,CA,Canada,Frelighsburg,,1,3.7
45.052968,-72.835348,CA,Canada,Frelighsburg,,1,3.7
45.050033,-79.296803,CA,Canada,Bracebridge,,1,3.7
45.048004,-81.477257,CA,Canada,Miller Lake,,1,3.7
45.039011,-79.327175,CA,Canada,Bracebridge,,1,50.0
44.989998,-81.252751,CA,Canada,Lion's Head,,1,3.7
44.980882,-81.346805,CA,Canada,Lion's Head,,1,3.7
44.96888,-81.286996,CA,Canada,Lion's Head,,1,3.7
44.944596,-75.128833,CA,Canada,Morrisburg,,2,50.0
44.879162,-81.353478,CA,Canada,Northern Bruce Peninsula,,1,3.7
44.87514,-66.928986,CA,Canada,Welshpool,,1,3.7
44.869503,-81.32188,CA,Canada,Wiarton,,1,3.7
44.786455,-63.14851,CA,Canada,Musquodoboit Harbour,,1,50.0
44.752154,-79.887776,CA,Canada,Midland,,1,3.7
44.749919,-81.248788,CA,Canada,Wiarton,,1,3.7
44.7235,-63.705922,CA,Canada,Bedford,,1,3.7
44.70439,-63.608857,CA,Canada,Halifax,,1,3.7
44.702286,-63.578642,CA,Canada,Dartmouth,,1,50.0
44.694945,-79.399728,CA,Canada,Orillia,,1,50.0
44.693802,-63.545799,CA,Canada,Dartmouth,,1,3.7
44.69261,-79.39932,CA,Canada,Orillia,,1,50.0
44.689043,-63.879666,CA,Canada,Upper Tantallon,,1,3.7
44.683908,-63.489696,CA,Canada,Dartmouth,,1,50.0
44.662324,-63.614722,CA,Canada,Halifax,,1,3.7
44.657272,-63.59192,CA,Canada,Halifax,,1,3.7
44.616189,-79.425476,CA,Canada,Orillia,,1,3.7
44.588486,-79.454388,CA,Canada,Orillia,,1,3.7
44.55974,-80.970257,CA,Canada,Owen Sound,,2,50.0
44.507931,-80.31613,CA,Canada,Blue Mountains,,1,3.7
44.496255,-80.209942,CA,Canada,Collingwood,,1,3.7
44.4834,-80.21638,CA,Canada,Collingwood,,1,3.7
44.469415,-75.87966,CA,Canada,Front of Yonge,,1,3.7
44.378966,-79.722393,CA,Canada,Barrie,,1,3.7
44.364042,-79.623439,CA,Canada,Barrie,,1,3.7
44.33284,-79.690414,CA,Canada,Barrie,,1,3.7
44.32922,-79.710061,CA,Canada,Barrie,,1,3.7
44.318958,-79.282222,CA,Canada,Georgina,,1,50.0
44.318807,-79.539634,CA,Canada,Innisfil,,1,3.7
44.301385,-79.608464,CA,Canada,Innisfil,,1,3.7
44.293122,-79.534312,CA,Canada,Innisfil,,1,3.7
44.283666,-76.657777,CA,Canada,Odessa,,2,50.0
44.279948,-76.803672,CA,Canada,Odessa,,2,50.0
44.249124,-76.573811,CA,Canada,Kingston,,2,50.0
44.190472,-77.408822,CA,Canada,Belleville,,1,3.7
44.15829,-81.56844,CA,Canada,Ripley,,1,3.7
44.138913,-79.867614,CA,Canada,Alliston,,1,3.7
44.126089,-79.450358,CA,Canada,East Gwillimbury,,1,3.7
44.115119,-81.15127,CA,Canada,Walkerton,,1,3.7
44.05693,-79.46289,CA,Canada,Toronto,,1,3.7
43.9109,-80.7147,CA,Canada,Otterville,,2,50.0
43.9105,-79.380997,CA,Canada,Markham,,2,50.0
43.900823,-79.445291,CA,Canada,Richmond Hill,,1,3.7
43.897423,-79.217574,CA,Canada,St. Catharines,,1,3.7
43.891884,-78.691768,CA,Canada,Bowmanville,,2,50.0
43.878496,-78.950656,CA,Canada,Whitby,,1,3.7
43.870179,-78.719555,CA,Canada,Bowmanville,,1,3.7
43.868053,-78.903318,CA,Canada,Whitby,,1,3.7
43.862789,-79.47377,CA,Canada,Vaughan,,1,3.7
43.86242,-79.474558,CA,Canada,Vaughan,,1,3.7
43.860037,-79.514599,CA,Canada,Maple,,1,3.7
43.854144,-79.008069,CA,Canada,Ajax,,1,3.7
43.850417,-79.550957,CA,Canada,Vaughan,,1,3.7
43.850397,-80.042133,CA,Canada,Alton,,1,3.7
43.848551,-78.946384,CA,Canada,Whitby,,1,3.7
43.848198,-79.280152,CA,Canada,Markham,,1,50.0
43.841391,-79.036509,CA,Canada,Ajax,,2,50.0
43.83448,-79.52835,CA,Canada,Vaughan,,1,3.7
43.834075,-79.525179,CA,Canada,Vaughan,,1,3.7
43.785905,-79.417609,CA,Canada,Toronto,,1,3.7
43.775218,-79.324094,CA,Canada,Toronto,,2,50.0
43.768,-79.381114,CA,Canada,North York,,1,3.7
43.7645,-79.409302,CA,Canada,Toronto,,1,3.7
43.757999,-79.313202,CA,Canada,Toronto,,1,3.7
43.755044,-79.545558,CA,Canada,Toronto,,1,3.7
43.755028,-79.347701,CA,Canada,Toronto,,1,3.7
43.752865,-79.263977,CA,Canada,Scarborough,,2,50.0
43.75,-79.405899,CA,Canada,North York,,1,3.7
43.7491,-79.407204,CA,Canada,North York,,1,3.7
43.733776,-79.344636,CA,Canada,North York,,1,3.7
43.7337,-79.701401,CA,Canada,Brampton,,1,3.7
43.718091,-79.448446,CA,Canada,Toronto,,1,50.0
43.710239,-79.394746,CA,Canada,Toronto,,1,3.7
43.707343,-79.342751,CA,Canada,Toronto,,1,3.7
43.691525,-79.61544,CA,Canada,Mississauga,,1,3.7
43.687454,-79.699898,CA,Canada,BRAMPTON,,2,50.0
43.686419,-79.482549,CA,Canada,North York,,2,50.0
43.68284,-79.348422,CA,Canada,Toronto,,1,3.7
43.682463,-80.425694,CA,Canada,Elora,,1,3.7
43.67684,-79.67728,CA,Canada,Mississauga,,2,50.0
43.675539,-79.343402,CA,Canada,Toronto,,1,3.7
43.669903,-79.300414,CA,Canada,Toronto,,1,3.7
43.66429,-79.73392,CA,Canada,Brampton,,2,50.0
43.661858,-79.60028,CA,Canada,Mississauga,,1,3.7
43.65323,-79.60639,CA,Canada,Mississauga,,1,3.7
43.65245,-79.366066,CA,Canada,Toronto,,1,3.7
43.649427,-79.605058,CA,Canada,Etobicoke,,1,50.0
43.648713,-79.382109,CA,Canada,Toronto,,1,3.7
43.648654,-79.382233,CA,Canada,Toronto,,1,3.7
43.648584,-79.382126,CA,Canada,Toronto,,1,3.7
43.648409,-79.510066,CA,Canada,Toronto,,1,3.7
43.642557,-79.612534,CA,Canada,Mississauga,,1,3.7
43.642152,-79.394692,CA,Canada,Toronto,,1,3.7
43.640783,-79.40405,CA,Canada,Toronto,,1,3.7
43.64076,-79.471432,CA,Canada,Toronto,,1,3.7
43.63524,-79.692598,CA,Canada,Mississauga,,1,3.7
43.63246,-79.395844,CA,Canada,Toronto,,1,3.7
43.63212,-79.35674,CA,Canada,Toronto,,2,50.0
43.630501,-79.658302,CA,Canada,Mississauga,,1,3.7
43.611571,-79.695627,CA,Canada,Mississauga,,2,50.0
43.599595,-79.710233,CA,Canada,Mississauga,,1,50.0
43.586104,-79.648718,CA,Canada,Mississauga,,1,3.7
43.585296,-79.645928,CA,Canada,Mississauga,,1,3.7
43.578161,-79.576722,CA,Canada,Mississauga,,1,3.7
43.577701,-79.576909,CA,Canada,Mississauga,,1,3.7
43.574,-80.1433,CA,Canada,Listwell,,1,3.7
43.568059,-79.559712,CA,Canada,Mississauga,,1,3.7
43.550248,-79.615852,CA,Canada,Mississauga,,1,50.0
43.549724,-79.586235,CA,Canada,Mississauga,,1,3.7
43.543506,-79.871057,CA,Canada,Milton,,1,3.7
43.537562,-79.871323,CA,Canada,Milton,,1,50.0
43.524601,-80.217337,CA,Canada,Guelph,,1,3.7
43.515948,-79.682943,CA,Canada,Oakville,,1,3.7
43.510636,-79.943134,CA,Canada,Milton,,1,3.7
43.506958,-80.538006,CA,Canada,Waterloo,,1,3.7
43.506035,-79.96292,CA,Canada,Milton,,1,3.7
43.503509,-79.922061,CA,Canada,Milton,,1,3.7
43.503328,-79.947895,CA,Canada,Milton,,1,3.7
43.490659,-79.658139,CA,Canada,Oakville,,1,3.7
43.489393,-79.620616,CA,Canada,Mississauga,,1,3.7
43.481827,-79.694648,CA,Canada,Oakville,,1,50.0
43.471187,-80.594354,CA,Canada,Waterloo,,1,3.7
43.470758,-80.594364,CA,Canada,Waterloo,,1,3.7
43.461253,-80.520239,CA,Canada,Waterloo,,1,3.7
43.459586,-80.031084,CA,Canada,Campbellville,,1,3.7
43.457196,-80.437346,CA,Canada,Kitchener,,1,3.7
43.43992,-80.461584,CA,Canada,Kitchener,,1,3.7
43.424116,-80.487171,CA,Canada,Kitchener,,2,50.0
43.418022,-79.881179,CA,Canada,Burlington,,1,3.7
43.397499,-79.764801,CA,Canada,Burlington,,1,3.7
43.3965,-79.763901,CA,Canada,Burlington,,1,3.7
43.385001,-80.454961,CA,Canada,Kitchener,,1,3.7
43.37694,-80.420999,CA,Canada,Kitchener,,1,3.7
43.37197,-79.74925,CA,Canada,Burlington,,1,3.7
43.371059,-79.750377,CA,Canada,Burlington,,1,3.7
43.368761,-79.733246,CA,Canada,Burlington,,1,3.7
43.368714,-79.733257,CA,Canada,Burlington,,1,3.7
43.35424,-79.770214,CA,Canada,Burlington,,1,50.0
43.353157,-79.754003,CA,Canada,Burlington,,1,3.7
43.348504,-79.871279,CA,Canada,Hamilton,,1,50.0
43.301345,-80.461659,CA,Canada,Ayr,,1,3.7
43.2911,-79.876602,CA,Canada,Burlington,,1,3.7
43.246574,-80.259427,CA,Canada,Brant,,1,3.7
43.194198,-80.38042,CA,Canada,Paris,,1,3.7
43.192964,-80.384691,CA,Canada,Brant,,1,3.7
43.187814,-79.478459,CA,Canada,Beamsville,,1,50.0
43.168885,-80.378768,CA,Canada,Brant,,1,3.7
43.119067,-80.727817,CA,Canada,Woodstock,,1,3.7
43.114693,-80.740173,CA,Canada,Woodstock,,1,3.7
43.11294,-80.72648,CA,Canada,Woodstock,,1,3.7
43.102509,-80.426549,CA,Canada,Burford,,1,3.7
43.100099,-80.433206,CA,Canada,Burford,,1,3.7
43.072758,-79.930288,CA,Canada,Haldimand County,,1,3.7
43.072655,-79.12696,CA,Canada,Niagara Falls,,1,50.0
43.0172,-81.154,CA,Canada,London,,1,3.7
43.007988,-79.251574,CA,Canada,Welland,,1,50.0
43.00341,-81.276663,CA,Canada,London,,1,3.7
42.98552,-81.239653,CA,Canada,London,,1,3.7
42.956326,-81.061766,CA,Canada,Dorchester,,2,50.0
42.95611,-81.061756,CA,Canada,Dorchester,,3,50.0
42.936557,-81.282495,CA,Canada,London,,1,50.0
42.931835,-81.282271,CA,Canada,London,,1,3.7
42.93168,-81.28127,CA,Canada,London,,2,480.0
42.899392,-79.251532,CA,Canada,Port Colborne,,1,3.7
42.899128,-79.251927,CA,Canada,Port Colborne,,1,3.7
42.671781,-81.20879,CA,Canada,Port Stanley,,1,3.7
42.649588,-81.556919,CA,Canada,Dutton,,2,50.0
42.395135,-82.191538,CA,Canada,Chatham,,1,3.7
42.274246,-83.006671,CA,Canada,Windsor,,2,50.0
44.28248,-76.566196,CA,Canada, Kingston,,1,12.0
46.518569,-84.279666,CA,Canada,Sault St. marie,,2,100.0
43.846844,-79.431998,CA,Canada,"Richmond Hill, ON",,4,7.6
43.802029,-79.343367,CA,Canada,Toronto,,4,7.6
43.775021,-79.33834,CA,Canada,toronto,,4,7.6
43.706876,-79.398617,CA,Canada,Toronto,,4,7.6
43.671213,-79.383809,CA,Canada,Toronto,,4,6.1
43.567596,-79.664159,CA,Canada,Mississauga,,4,7.6
45.252034,-66.098309,CA,Canada,Saint John,,2,180.0
44.57464,-80.91503,CA,Canada,Owen Sound,,1,350.0
43.93547,-79.50669,CA,Canada,King City,,4,175.0
44.26051,-76.57206,CA,Canada,Kingston,,2,150.0
44.41247,-79.71196,CA,Canada,Barrie,,2,150.0
44.35864,-79.69648,CA,Canada,Barrie,,2,150.0
43.49685,-80.52376,CA,Canada,Waterloo,,2,150.0
43.885,-78.87893,CA,Canada,Oshawa,,2,150.0
43.6452,-79.37075,CA,Canada,Toronto,,2,150.0
43.15377,-79.2656,CA,Canada,St Catharines,,2,150.0
43.684581,-79.415729,CA,Canada,Toronto,,2,150.0
45.268723,-75.742281,CA,Canada,Ottawa,,2,150.0
43.61988,-79.53439,CA,Canada,Etobicoke,,3,120.0
43.5681,-79.63316,CA,Canada,Mississauga,,2,150.0
43.78128,-79.24407,CA,Canada,Scarborough,,3,100.0
49.130118,-122.336077,CA,Canada,Mission,,1,240.0
42.89994,-79.23544,CA,Canada,Port Colborne,,1,280.0
43.61442,-79.68993,CA,Canada,Mississauga,,2,150.0
43.53685,-79.87435,CA,Canada,Milton,,4,175.0
49.850526,-97.204901,CA,Canada,Winnipeg,,2,100.0
45.871098,-64.280346,CA,Canada,Aulac,,2,180.0
45.986078,-66.643222,CA,Canada,Fredericton,,1,0.0
43.665082,-79.769273,CA,Canada,Brampton,,1,55.0
45.411029,-75.641122,CA,Canada,Ottawa,,1,180.0
44.639009,-64.061689,CA,Canada,Hubbards,,2,180.0
45.056692,-64.470019,CA,Canada,New Minas,,2,180.0
45.576088,-62.725686,CA,Canada,Westville,,2,180.0
55.2465,-127.583,CA,Canada,New Hazelton,,2,50.0
54.512,-128.558,CA,Canada,Kitimat-Stikine E,,3,50.0
54.093091,-125.177924,CA,Canada,Burns Lake,,2,50.0
53.90879,-123.585417,CA,Canada,Vanderhoof,,1,3.7
53.726072,-121.1434,CA,Canada,Dome Creek,,1,3.7
53.572021,-116.471779,CA,Canada,Edson,,1,3.7
52.105201,-101.253334,CA,Canada,Swan River,,1,3.7
51.957,-122.986,CA,Canada,Cariboo K,,3,50.0
50.712129,-57.362787,CA,Canada,Port au Choix,,1,3.7
50.708013,-119.253815,CA,Canada,Salmon Arm,,2,50.0
50.638,-121.344,CA,Canada,Thompson-Nicola I,,3,50.0
49.972344,-97.780373,CA,Canada,St. Eustache,,1,3.7
49.273,-122.794,CA,Canada,Coquitlam,,2,50.0
49.263533,-123.154699,CA,Canada,Vancouver,,1,3.7
48.777234,-123.698084,CA,Canada,Duncan,,1,50.0
48.5887,-71.6326,CA,Canada,Alma,,1,3.7
48.58517,-56.02112,CA,Canada,Badger,,2,50.0
48.547523,-58.573406,CA,Canada,Stephenville,,1,3.7
48.437442,-123.39085,CA,Canada,Victoria,,1,3.7
47.524981,-64.91158,CA,Canada,Tracadie-Sheila,,3,50.0
46.421497,-81.138559,CA,Canada,Sudbury,,2,50.0
46.32186,-79.44538,CA,Canada,North Bay,,2,50.0
46.247828,-81.760092,CA,Canada,Espanola,,3,200.0
46.096721,-64.759223,CA,Canada,Dieppe,,3,50.0
46.026624,-73.44253,CA,Canada,Joliette,,1,3.7
45.721094,-73.694438,CA,Canada,Terrebonne,,1,3.7
45.581004,-80.357304,CA,Canada,Pointe au Baril,,2,50.0
45.35123,-81.48087,CA,Canada,Exeter,,2,50.0
45.343441,-74.087871,CA,Canada,Les Cèdres,,2,50.0
45.322773,-72.64485,CA,Canada,Bromont,,2,50.0
45.068139,-64.56513,CA,Canada,Coldbrook,,3,50.0
44.77996,-79.66809,CA,Canada,Waubaushene,,2,50.0
44.568762,-80.927249,CA,Canada,Owen Sound,,2,50.0
44.504328,-80.236187,CA,Canada,Collingwood,,3,50.0
43.89804,-78.9426,CA,Canada,Whitby,,1,3.7
43.788259,-79.556042,CA,Canada,Woodbridge,,1,50.0
43.716287,-79.808954,CA,Canada,Brampton,,2,50.0
43.649587,-79.379501,CA,Canada,Toronto,,1,3.7
43.583515,-79.759777,CA,Canada,Mississauga,,2,50.0
43.487844,-79.675408,CA,Canada,Oakville,,1,3.7
43.446888,-79.694967,CA,Canada,Oakville,,1,3.7
43.401841,-80.32671,CA,Canada,Cambridge,,2,50.0
43.386365,-79.751266,CA,Canada,Burlington,,1,3.7
43.348513,-79.793598,CA,Canada,Burlington,,2,50.0
43.348158,-79.843437,CA,Canada,Burlington,,1,3.7
43.2285,-79.77316,CA,Canada,Hamilton,,2,50.0
43.215863,-79.888042,CA,Canada,Hamilton,,1,3.7
42.988084,-81.246118,CA,Canada,London,,1,3.7
42.987789,-81.246146,CA,Canada,London,,1,3.7
68.377358,-133.74963,CA,Canada,Inuvik,,1,3.7
64.055428,-139.434198,CA,Canada,Dawson City,,1,50.0
62.832077,-116.049087,CA,Canada,Hay River,,2,50.0
62.452,-114.37016,CA,Canada,Yellowknife,,1,3.7
62.446281,-114.408761,CA,Canada,Yellowknife,,2,50.0
61.35395,-138.997826,CA,Canada,Burwash Landing,,1,50.0
60.813076,-115.787334,CA,Canada,Hay River,,1,3.7
60.80982,-115.785893,CA,Canada,Hay River,,1,3.7
60.725729,-135.056183,CA,Canada,Whitehorse,,1,3.7
60.717871,-135.048494,CA,Canada,Whitehorse,,1,3.7
60.717375,-135.051578,CA,Canada,Whitehorse,,1,3.7
60.716275,-135.048662,CA,Canada,Shawinigan,,1,3.7
60.712197,-135.080079,CA,Canada,Whitehorse,,2,50.0
60.558864,-116.144617,CA,Canada,Enterprise,,2,50.0
60.490499,-133.294827,CA,Canada,Johnsons Crossing,,2,50.0
60.167545,-132.707694,CA,Canada,Teslin,,1,50.0
60.069795,-128.711252,CA,Canada,Watson Lake,,1,50.0
60.00485,-131.188155,CA,Canada,Swift River,,1,3.7
60.004445,-111.888567,CA,Canada,Fort Smith,,2,50.0
60.003722,-111.890629,CA,Canada,Hay River,,1,3.7
59.927497,-128.48404,CA,Canada,Stikine Region,,2,50.0
59.573107,-133.705113,CA,Canada,Atlin,,1,3.7
59.424474,-126.106887,CA,Canada,Northern Rockies B,,2,50.0
59.29512,-129.289504,CA,Canada,Good Hope Lake,,3,50.0
58.84737,-125.231747,CA,Canada,Toad River,,3,50.0
58.806188,-122.700409,CA,Canada,Fort Nelson,,2,50.0
58.713531,-111.15172,CA,Canada,Fort Chipewyan,,1,3.7
58.652446,-124.236714,CA,Canada,Northern Rockies B,,2,50.0
58.509676,-117.137745,CA,Canada,High Level,,2,50.0
58.438137,-129.990143,CA,Canada,Dease Lake,,2,50.0
58.088316,-122.712413,CA,Canada,Prophet River,,3,50.0
57.83764,-129.989837,CA,Canada,Iskut,,2,50.0
57.041078,-122.509622,CA,Canada,Pink Mountain,,2,50.0
56.744648,-129.792985,CA,Canada,Kitimat-Stikine A,,2,50.0
56.727617,-121.807184,CA,Canada,Wonowon,,3,50.0
56.602031,-113.419981,CA,Canada,Edmonton,,1,3.7
56.260791,-120.848784,CA,Canada,Fort St. John,,2,50.0
56.245707,-120.834445,CA,Canada,Fort St. John,,1,3.7
56.224589,-120.809109,CA,Canada,Fort St John,,1,3.7
56.028811,-121.909317,CA,Canada,Hudson's Hope,,2,50.0
55.936333,-129.995682,CA,Canada,Stewart,,1,3.7
55.935417,-129.995224,CA,Canada,Stewart,,2,50.0
55.759825,-120.227097,CA,Canada,Dawson Creek,,2,50.0
55.758573,-120.232154,CA,Canada,Dawson Creek,,1,3.7
55.75026,-97.865187,CA,Canada,Thompson,,1,50.0
55.744742,-97.841239,CA,Canada,Thompson,,1,3.7
55.744693,-120.222594,CA,Canada,Dawson Creek,,2,50.0
55.741705,-97.844912,CA,Canada,Thompson,,2,50.0
55.740104,-97.862,CA,Canada,Winnipeg,,1,3.7
55.730231,-117.202638,CA,Canada,Falher,,2,50.0
55.393832,-122.625499,CA,Canada,Fraser-Fort George G,,3,50.0
55.281068,-114.773131,CA,Canada,Slave Lake,,1,50.0
55.222616,-118.797417,CA,Canada,Grande Prairie,,1,50.0
55.206017,-129.077457,CA,Canada,New Aiyansh,,2,50.0
55.191495,-118.796519,CA,Canada,Grande Prairie,,1,3.7
55.175471,-118.848259,CA,Canada,Grande Prairie,,1,3.7
55.171534,-118.837632,CA,Canada,Grande Prairie,,1,3.7
55.171272,-118.848723,CA,Canada,Grande Prairie,,1,3.7
55.165798,-118.870003,CA,Canada,Grande Prairie,,1,3.7
55.112577,-128.022874,CA,Canada,Kitimat-Stikine B,,2,50.0
55.072271,-128.203439,CA,Canada,Kitwanga,,3,50.0
55.053357,-117.281938,CA,Canada,Valleyview,,1,50.0
55.036239,-129.584461,CA,Canada,Laxgalts'ap,,2,50.0
54.9852,-123.05,CA,Canada,McLeod Lake,,2,50.0
54.779278,-127.169874,CA,Canada,Smithers,,1,3.7
54.51677,-128.61502,CA,Canada,Terrace,,1,50.0
54.512903,-128.591336,CA,Canada,Terrace,,1,3.7
54.401,-126.644,CA,Canada,Houston,,2,50.0
54.40031,-126.6493,CA,Canada,Houston,,1,3.7
54.387988,-128.534947,CA,Canada,Terrace,,1,3.7
54.314594,-129.352497,CA,Canada,Terrace,,2,50.0
54.309812,-130.31338,CA,Canada,Prince Rupert,,1,3.7
54.227467,-125.76164,CA,Canada,Burns Lake,,1,3.7
54.160805,-113.848299,CA,Canada,Westlock,,1,3.7
54.141651,-115.668045,CA,Canada,Whitecourt,,1,50.0
54.05759,-128.64223,CA,Canada,Kitimat,,2,50.0
54.0558,-124.851,CA,Canada,Fraser Lake,,2,50.0
54.0535,-128.651,CA,Canada,Kitimat,,2,50.0
54.052895,-128.67203,CA,Canada,Kitimat,,1,3.7
54.05227,-128.65172,CA,Canada,Kitimat,,1,3.7
54.02655,-132.00381,CA,Canada,Masset,,1,3.7
54.017219,-124.009998,CA,Canada,Vanderhoof,,2,50.0
53.997618,-112.45448,CA,Canada,Smoky Lake,,1,3.7
53.950093,-113.595032,CA,Canada,Legal,,1,3.7
53.923489,-106.081993,CA,Canada,Waskesiu Lake,,1,3.7
53.914325,-122.782838,CA,Canada,Prince George,,1,50.0
53.914224,-122.782693,CA,Canada,Prince George,,1,50.0
53.908259,-123.586964,CA,Canada,Vanderhoof,,2,50.0
53.906749,-122.741833,CA,Canada,Prince George,,1,3.7
53.904123,-122.78537,CA,Canada,Prince George,,3,50.0
53.890585,-122.767819,CA,Canada,Prince George,,1,50.0
53.88607,-122.76898,CA,Canada,PRINCE GEORGE,,1,3.7
53.8683,-122.7774,CA,Canada,Prince George,,1,50.0
53.830229,-101.24137,CA,Canada,The Pas,,1,3.7
53.8214,-101.249525,CA,Canada,Winnipeg,,1,3.7
53.802971,-101.250422,CA,Canada,The Pas,,1,3.7
53.64604,-113.57511,CA,Canada,St. Albert,,1,3.7
53.637325,-113.51446,CA,Canada,Edmonton,,1,3.7
53.63548,-113.573064,CA,Canada,St Albert,,1,3.7
53.616963,-113.592524,CA,Canada,St. Albert,,1,3.7
53.600881,-113.570993,CA,Canada,Edmonton,,1,3.7
53.598591,-113.576148,CA,Canada,Edmonton,,1,3.7
53.598301,-113.486999,CA,Canada,Edmonton,,1,3.7
53.590348,-113.541692,CA,Canada,Edmonton,,1,3.7
53.58984,-113.432802,CA,Canada,Edmonton,,1,3.7
53.58557,-116.420913,CA,Canada,Edson,,1,50.0
53.57443,-116.45264,CA,Canada,Edson,,3,50.0
53.573147,-113.583076,CA,Canada,Edmonton,,1,3.7
53.569935,-113.456739,CA,Canada,Edmonton,,1,3.7
53.566414,-113.293953,CA,Canada,Sherwood Park,,1,3.7
53.562322,-113.572053,CA,Canada,Edmonton,,1,3.7
53.560706,-113.565757,CA,Canada,Edmonton,,1,50.0
53.559153,-113.624996,CA,Canada,Edmonton,,1,3.7
53.557924,-114.738151,CA,Canada,Seba Beach,,1,3.7
53.55659,-113.31087,CA,Canada,Sherwood Park,,1,3.7
53.556029,-113.321713,CA,Canada,Sherwood,,2,50.0
53.552544,-113.319176,CA,Canada,Sherwood Park,,1,3.7
53.552529,-113.536829,CA,Canada,Edmonton,,1,3.7
53.552397,-113.3187,CA,Canada,Sherwood Park,,1,3.7
53.549344,-113.537353,CA,Canada,Edmonton,,1,3.7
53.548827,-113.501496,CA,Canada,Edmonton,,1,3.7
53.54744,-113.52739,CA,Canada,Edmonton,,1,3.7
53.54698,-113.5305,CA,Canada,Edmonton,,1,3.7
53.546701,-113.330285,CA,Canada,Sherwood Park,,1,3.7
53.546514,-113.525912,CA,Canada,Edmonton,,1,3.7
53.546147,-113.535008,CA,Canada,Edmonton,,1,3.7
53.54509,-113.62529,CA,Canada,Edmonton,,1,3.7
53.544968,-113.502401,CA,Canada,Edmonton,,1,3.7
53.544922,-113.502576,CA,Canada,Edmonton,,1,3.7
53.5439,-113.491997,CA,Canada,Edmonton,,1,3.7
53.54357,-113.61715,CA,Canada,Edmonton,,1,3.7
53.544179,-113.505017,CA,Canada,Edmonton,,1,3.7
53.542454,-113.495417,CA,Canada,Edmonton,,1,3.7
53.54178,-113.47273,CA,Canada,Edmonton,,1,3.7
53.540589,-113.650789,CA,Canada,Edmonton,,2,50.0
53.537205,-113.50769,CA,Canada,Edmonton,,1,3.7
53.536338,-113.68835,CA,Canada,Edmonton,,1,50.0
53.53269,-113.40708,CA,Canada,Edmonton,,1,3.7
53.529716,-64.003936,CA,Canada,Churchill Falls,,1,50.0
53.5256,-113.529242,CA,Canada,Edmonton,,1,3.7
53.524,-113.62642,CA,Canada,Edmonton,,1,3.7
53.520165,-113.589822,CA,Canada,Edmonton,,1,3.7
53.519364,-113.5005,CA,Canada,Edmonton,,1,3.7
53.517322,-113.507249,CA,Canada,Edmonton,,2,50.0
53.517285,-113.486541,CA,Canada,Edmonton,,1,50.0
53.513084,-113.31833,CA,Canada,Sherwood Park,,1,3.7
53.50055,-112.06482,CA,Canada,Vegreville,,1,50.0
53.493662,-113.440887,CA,Canada,Edmonton,,1,3.7
53.488332,-113.455955,CA,Canada,Edmonton,,1,3.7
53.486557,-113.515102,CA,Canada,Edmonton,,1,50.0
53.483286,-113.49272,CA,Canada,Edmonton,,1,3.7
53.48049,-113.476741,CA,Canada,Edmonton,,1,3.7
53.46715,-113.47774,CA,Canada,Edmonton,,1,3.7
53.456805,-113.427544,CA,Canada,Edmonton,,1,3.7
53.45653,-113.51408,CA,Canada,Edmonton,,1,3.7
53.45181,-113.48939,CA,Canada,Edmonton,,2,50.0
53.447464,-113.49207,CA,Canada,Edmonton,,1,3.7
53.43561,-113.59868,CA,Canada,Edmonton,,1,50.0
53.421391,-113.491122,CA,Canada,Edmonton,,1,3.7
53.4197,-122.585,CA,Canada,Hixon,,2,50.0
53.41156,-113.559333,CA,Canada,Edmonton,,1,3.7
53.39841,-117.59397,CA,Canada,Hinton,,2,50.0
53.372231,-113.416047,CA,Canada,Beaumont,,1,3.7
53.371756,-113.416114,CA,Canada,Beaumont,,1,3.7
53.362585,-113.729582,CA,Canada,Devon,,1,3.7
53.361193,-113.731398,CA,Canada,Devon,,1,3.7
53.313905,-113.559856,CA,Canada,Edmonton,,1,3.7
53.311894,-113.578512,CA,Canada,Nisku,,1,3.7
53.306291,-60.376069,CA,Canada,Happy Valley Goose Bay,,1,50.0
53.305057,-120.160885,CA,Canada,McBride,,1,50.0
53.303274,-113.555407,CA,Canada,Edmonton International Airport,,1,3.7
53.299313,-60.322605,CA,Canada,Happy Valley-Goose Bay,,1,3.7
53.25865,-110.006,CA,Canada,Lloydminster,,2,50.0
53.256919,-110.006539,CA,Canada,Lloydminster,,1,3.7
53.256693,-110.004444,CA,Canada,Lloydminster,,1,3.7
53.248297,-131.997628,CA,Canada,Skidegate,,1,3.7
53.22163,-114.98431,CA,Canada,Drayton Valley,,2,50.0
53.215187,-114.964178,CA,Canada,Drayton Valley,,1,3.7
53.198418,-105.731165,CA,Canada,Prince Albert,,2,50.0
53.181717,-105.75821,CA,Canada,Prince Albert,,1,3.7
53.174167,-105.735972,CA,Canada,Prince Albert,,1,3.7
53.102943,-121.568707,CA,Canada,Wells,,3,50.0
53.034829,-119.229625,CA,Canada,Mt. Robson,,2,50.0
53.018254,-112.804989,CA,Canada,Camrose,,1,50.0
53.013402,-112.794105,CA,Canada,Camrose,,2,50.0
52.449895,-125.283117,CA,Canada,Anahim Lake,,2,50.0
52.9759,-122.496,CA,Canada,Quesnel,,1,50.0
52.966834,-122.440384,CA,Canada,Quesnel,,1,50.0
52.9639,-122.441,CA,Canada,Quesnel,,2,50.0
52.877338,-118.083737,CA,Canada,Jasper,,1,3.7
52.874704,-118.079848,CA,Canada,Jasper,,1,3.7
52.870875,-118.082717,CA,Canada,Jasper,,1,3.7
52.860924,-104.613699,CA,Canada,Melfort,,2,50.0
52.831667,-119.278473,CA,Canada,Valemount,,1,50.0
52.80348,-108.29976,CA,Canada,North Battleford,,1,3.7
52.791806,-111.849246,CA,Canada,Killam,,2,50.0
52.765555,-108.280563,CA,Canada,North Battleford,,1,3.7
52.668297,-106.32421,CA,Canada,Rosthern,,2,50.0
52.639751,-114.218655,CA,Canada,Rimbey,,2,50.0
52.47244,-113.71972,CA,Canada,Lacombe,,2,50.0
52.47074,-113.720801,CA,Canada,Lacombe,,1,50.0
52.411071,-108.699766,CA,Canada,Wilkie,,1,3.7
52.372078,-114.910148,CA,Canada,Rocky Mountain House,,1,3.7
52.36264,-114.90891,CA,Canada,Rocky Mountain House,,2,50.0
52.373177,-126.756504,CA,Canada,Bella Coola,,3,50.0
52.336028,-67.386369,CA,Canada,Fermont,,2,50.0
52.307899,-114.092665,CA,Canada,Sylvan Lake,,1,3.7
52.251899,-113.814659,CA,Canada,Red Deer,,1,50.0
52.216416,-113.815797,CA,Canada,Red Deer County,,1,50.0
52.2027,-105.111959,CA,Canada,Humboldt,,1,3.7
52.186568,-106.672095,CA,Canada,Saskatoon,,1,3.7
52.169052,-106.554747,CA,Canada,Saskatoon,,1,3.7
52.161993,-106.685911,CA,Canada,Saskatoon,,1,3.7
52.147952,-106.615733,CA,Canada,Saskatoon,,3,50.0
52.14489,-113.82569,CA,Canada,Red Deer County,,1,50.0
52.143569,-113.823622,CA,Canada,Penhold,,1,50.0
-36.885917,149.907135,AU,Australia,Merimbula,,1,270.0
-37.965118,145.055526,AU,Australia,Victoria,,1,180.0
-37.981666,145.065733,AU,Australia,Victoria,,1,150.0
-38.024746,145.310032,AU,Australia,Victoria,,1,0.0
-31.792287,132.225121,AU,Australia,Coorabie,,2,160.0
-37.964987,147.079658,AU,Australia,Stratford,,1,50.0
-37.880564,147.986002,AU,Australia,Lakes Entrance,,1,180.0
-35.214682,138.537862,AU,Australia,McLaren Vale,,1,0.0
-35.214817,138.538092,AU,Australia,McLaren Vale,,1,0.0
-35.913838,150.079241,AU,Australia,Moruya,,1,150.0
-31.458201,152.826998,AU,Australia,New South Wales,,1,250.0
-32.077416,152.488261,AU,Australia,Parramatta,,1,4.0
-30.983013,151.592517,AU,Australia,Walcha,,2,0.0
-35.232084,148.994429,AU,Australia,Strathnairn,,1,7.0
-35.230863,148.995172,AU,Australia,Strathnairn,,1,22.0
-35.215295,149.004299,AU,Australia,Holt,,1,11.0
-35.223061,149.01981,AU,Australia,ACT,,2,150.2
-34.572387,150.745962,AU,Australia,New South Wales,,1,150.0
-34.562823,150.840031,AU,Australia,Shellharbour City Centre,,1,180.0
-37.974526,145.203732,AU,Australia,Dandenong,,1,180.0
-41.587805,147.120288,AU,Australia,Longford,,1,22.0
-38.170897,144.392213,AU,Australia,Newcomb,,1,250.0
-37.926335,145.143757,AU,Australia,Springvale,,1,22.0
-36.759209,144.281522,AU,Australia,Bendigo,,1,8.0
-31.886987,115.977876,AU,Australia,Western Australia,,1,160.0
-32.150525,116.014404,AU,Australia,Armadale,,1,250.0
-33.192482,146.017804,AU,Australia,Moorebank,,1,0.0
-30.274111,153.132536,AU,Australia,Coffs Harbour,,2,300.0
-33.706178,150.912764,AU,Australia,Sydney,,1,150.0
-31.481029,118.278225,AU,Australia,Merredin,,3,250.0
-32.334145,117.875592,AU,Australia,Corrigin,,1,20.0
-32.53578,115.744724,AU,Australia,Mandurah,,1,150.0
-32.35433,123.619549,AU,Australia,Balladonia,,2,50.0
-36.378751,141.239081,AU,Australia,Kaniva,,1,250.0
-24.989456,151.953455,AU,Australia,Gin Gin,,1,250.0
-36.065097,146.934235,AU,Australia,North Albury,,1,22.0
-35.001296,148.110563,AU,Australia,Gundagai,,1,60.0
-32.297701,115.984621,AU,Australia,Mundijong,,1,22.0
-34.239944,116.148155,AU,Australia,Manjimup,,4,180.0
-29.820974,115.266119,AU,Australia,Western Australia,,4,180.0
-33.282403,115.740938,AU,Australia,Australind,,1,100.0
-38.758398,143.668922,AU,Australia,Apollo Bay,,2,50.0
-38.38374,142.238585,AU,Australia,Port Fairy,,2,50.0
-32.085915,115.881371,AU,Australia,Jandakot ,,1,100.0
-31.904579,115.806245,AU,Australia,Osbourne Park,,2,120.0
-31.909696,115.812614,AU,Australia,Osbourne Park,,8,250.0
-31.943967,115.828641,AU,Australia,Subiaco,,4,75.0
-38.256545,145.03744,AU,Australia,Mt Martha,,1,0.0
-37.051038,146.086737,AU,Australia,Mansfield,,2,50.0
-36.775224,144.305953,AU,Australia,Bendigo,,1,0.0
-36.77869,144.301537,AU,Australia,Bendigo,,1,0.0
-28.696494,153.509494,AU,Australia,Bangalow,,1,0.0
-37.992656,145.144822,AU,Australia,Keysborough,,1,270.0
-36.332722,141.651506,AU,Australia,Nhill,,1,270.0
-38.075424,144.370256,AU,Australia,Norlane,,1,350.0
-38.199192,144.316987,AU,Australia,Waurn Ponds,,1,150.0
-38.15192,145.165967,AU,Australia,Karingal,,1,180.0
-37.931886,145.152774,AU,Australia,Springvale,,1,120.0
-37.761788,145.168402,AU,Australia,Doncaster East,,1,50.0
-34.924064,148.165824,AU,Australia,Coolac ,,1,300.0
-35.320762,149.097587,AU,Australia,Deakin,,1,22.0
-31.907752,152.462068,AU,Australia,Taree,,1,250.0
-31.634334,152.725159,AU,Australia,Kew,,1,250.0
-30.513427,151.663709,AU,Australia,Armidale,,1,250.0
-37.708328,147.834428,AU,Australia,Bruthen,,2,50.0
-34.418599,150.902263,AU,Australia,Wollongong,,1,22.0
-34.300968,150.939933,AU,Australia,Austinmer,,1,22.0
-34.317708,150.918443,AU,Australia,Thirroul,,1,22.0
-31.531513,115.645767,AU,Australia,Yanchep City,,10,22.0
-31.582449,115.671003,AU,Australia,Wanneroo City,,10,22.0
-41.003623,147.394906,AU,Australia,Bridport,,1,22.0
-41.299767,146.95181,AU,Australia,Exeter,,2,80.0
-32.080533,115.760799,AU,Australia,Fremantle City,,1,22.0
-29.153544,153.296998,AU,Australia,Richmond Valley New Italy,,1,250.0
-32.080491,115.760936,AU,Australia,Fremantle,,2,22.0
-31.772791,115.789035,AU,Australia,Joondalup City,,1,160.0
-31.84452,115.810633,AU,Australia,Stirling City,,2,150.0
-32.152641,116.016539,AU,Australia,Armadale,,2,150.0
-41.483921,146.597764,AU,Australia,Elizabeth Town,,2,180.0
-29.449867,153.200448,AU,Australia,Maclean,,1,22.0
-36.861681,147.277215,AU,Australia,Falls Creek,,1,22.0
-37.558075,149.758306,AU,Australia,Mallacoota,,2,40.0
-33.615314,115.104304,AU,Australia,Dounsborough,,2,400.0
-33.650336,115.341924,AU,Australia,Bussleton,,1,250.0
-25.197621,133.200769,AU,Australia,Ghan,,1,80.0
-38.06062,145.451913,AU,Australia,Packenham,,1,270.0
-37.809085,144.995885,AU,Australia, Vic,,1,250.0
-32.278406,115.733434,AU,Australia,Rockingham,,2,50.0
-36.499332,148.313944,AU,Australia,Thredbo,,5,22.0
-31.090168,150.930096,AU,Australia,Tamworth,,2,300.0
-27.495569,153.016874,AU,Australia,St Lucia,,2,22.0
-29.056098,152.017541,AU,Australia,Tenterfield,,1,250.0
-16.927674,145.740676,AU,Australia,Manunda,,2,150.0
-32.10357,115.761792,AU,Australia,Cockburn,,1,24.0
-33.296246,149.11581,AU,Australia,ORANGE,,1,11.0
-22.12842,133.412916,AU,Australia,Ti Tree,,1,22.0
-30.20442,153.149798,AU,Australia,Moonee Beach,,1,250.0
-32.79757,149.970414,AU,Australia,Rylstone,,1,22.0
-33.280687,149.102997,AU,Australia,Orange,,2,7.0
-33.301609,149.027706,AU,Australia,Nashdale,,1,7.0
-33.883393,151.194597,AU,Australia,Broadway,,1,22.0
-34.938016,138.64258,AU,Australia,Tusmore,,1,0.0
-35.253593,149.070641,AU,Australia,Macquarie,,2,150.0
-33.959076,115.068449,AU,Australia,Margret River,,1,3.0
-33.996815,115.051749,AU,Australia,Margret River,,2,22.0
-34.024717,115.104727,AU,Australia,Witchcliffe ,,1,75.0
-34.023404,115.105173,AU,Australia,Witchcliffe,,1,75.0
-34.023175,115.102964,AU,Australia,Witchcliffe,,1,75.0
-32.109974,116.924724,AU,Australia,Beverly,,1,60.0
-27.913337,153.40053,AU,Australia,Runaway Bay,,1,100.0
-28.093762,153.391303,AU,Australia,Reedy Creek,,2,180.0
-27.714127,153.18963,AU,Australia,Beenleigh,,1,50.0
-27.989984,152.999197,AU,Australia,Beaudesart,,1,50.0
-37.83227,144.960963,AU,Australia,South Melbourne,,1,250.0
-32.085626,115.915856,AU,Australia,Canning Vale,,2,180.0
-33.933123,151.028555,AU,Australia,Bankstown,,1,250.0
-37.650719,145.503015,AU,Australia,Healsville,,2,50.0
-37.654065,145.514281,AU,Australia,Healsville,,2,50.0
-37.761144,145.312076,AU,Australia,Chirnside Park,,2,50.0
-37.915683,145.103279,AU,Australia,Oakleigh South,,1,250.0
-37.956754,145.041343,AU,Australia,Cheltenham,,2,50.0
-37.975702,145.017423,AU,Australia,Black Rock,,2,50.0
-38.059766,145.337775,AU,Australia,Berwick,,2,50.0
-38.653342,146.200905,AU,Australia,Foster,,1,50.0
-38.5774,146.013158,AU,Australia,Meeniyan,,1,50.0
-34.773178,149.692808,AU,Australia,Goulburn,,1,250.0
-37.780947,145.613311,AU,Australia,Yarra Junction,,2,50.0
-38.047901,144.17036,AU,Australia,Bannockburn,,2,50.0
-37.599568,143.840459,AU,Australia,Sebastopol,,1,22.0
-37.793084,144.789602,AU,Australia,Sunshine West,,2,75.0
-37.832781,144.827536,AU,Australia,Altona,,2,75.0
-37.909988,144.613676,AU,Australia,Harpley,,1,50.0
-37.89976,144.665085,AU,Australia,Werribee,,1,180.0
-37.755756,144.741064,AU,Australia,Caroline Springs,,1,150.0
-36.828626,139.849616,AU,Australia,Kingston SE,,3,200.0
-36.957105,140.743529,AU,Australia,Naracoorte,,2,200.0
-35.695258,139.856576,AU,Australia,Coonalpyn,,2,150.0
-27.30501,133.621694,AU,Australia,Marla,,1,7.0
-34.845648,148.915639,AU,Australia,Yass,,1,50.0
-37.831348,144.929827,AU,Australia,Fishermans Bend,,1,50.0
-37.825531,144.998745,AU,Australia,Richmond,,1,50.0
-32.039142,115.907783,AU,Australia,Riverton,,4,75.0
-37.776585,144.963927,AU,Australia,Brunswick,,1,150.0
-36.298064,140.757041,AU,Australia,Bordertown,,1,250.0
-36.309166,140.78029,AU,Australia,Bordertown,,3,200.0
-37.830933,140.780397,AU,Australia,Mount Gambier,,3,200.0
-37.835186,140.802253,AU,Australia,Mount Gambier,,1,250.0
-37.888209,145.084941,AU,Australia,Chadstone,,1,120.0
-37.94162,145.166711,AU,Australia,Sandown,,1,180.0
-37.995715,145.182223,AU,Australia,Keysborough,,1,180.0
-38.346845,141.602832,AU,Australia,Portland,,2,50.0
-37.742657,142.020439,AU,Australia,Hamilton,,2,50.0
-38.12924,144.345427,AU,Australia,Geelong West,,1,22.0
-38.160956,144.305952,AU,Australia,Highton,,2,50.0
-34.562769,148.361036,AU,Australia,Harden,,1,22.0
-34.639805,148.026139,AU,Australia,Cootamundra,,1,22.0
-36.615282,143.258461,AU,Australia,St Arnaud,,2,50.0
-37.09014,143.474453,AU,Australia,Avoca,,1,50.0
-37.388573,144.325394,AU,Australia,Trentham,,2,50.0
-38.450742,145.240428,AU,Australia,Cowes,,2,50.0
-38.197295,146.541419,AU,Australia,Traralgon,,2,50.0
-38.192547,146.527465,AU,Australia,Traralgon,,1,250.0
-37.543339,143.784222,AU,Australia,Lucas,,1,250.0
-38.246207,143.983306,AU,Australia,Winchelsea,,2,180.0
-35.312487,149.146208,AU,Australia,Kingston,,1,22.0
-32.039688,115.832004,AU,Australia,Melville City,,1,22.0
-32.032232,115.832472,AU,Australia,Melville City,,1,60.0
-42.606688,147.718522,AU,Australia,Buckland,,1,22.0
-32.133782,116.003602,AU,Australia,Armadale City,,1,22.0
-20.309215,118.592999,AU,Australia,Port Headland,,2,150.0
-21.295784,116.13808,AU,Australia,Mardie,,2,50.0
-31.953458,115.839123,AU,Australia,Perth,,1,250.0
-19.768818,121.091601,AU,Australia,Sandfire,,2,50.0
-20.838466,117.834094,AU,Australia,Whim Creek,,1,150.0
-32.567163,115.798298,AU,Australia,North Yunderup,,2,180.0
-34.813208,147.20147,AU,Australia,Coolamon,,1,22.0
-34.793407,147.038695,AU,Australia,New South Wales,,1,7.0
-35.12364,147.39928,AU,Australia,New South Wales,,2,25.0
-34.302209,146.082795,AU,Australia,New South Wales,,1,24.0
-34.299877,146.07816,AU,Australia,New South Wales,,1,50.0
-34.292477,146.051143,AU,Australia,Griffith,,1,250.0
-37.285164,142.926453,AU,Australia,Ararat,,2,150.0
-36.735466,144.133982,AU,Australia,Marong,,2,180.0
-36.07624,143.225184,AU,Australia,Wycheproof,,2,150.0
-35.0716,142.31988,AU,Australia,Ouyen,,2,150.0
-32.150681,116.016977,AU,Australia,Armadale,,4,60.0
-32.147986,115.985364,AU,Australia,"Armadale, ",,1,22.0
-34.913123,138.563017,AU,Australia,Torrensville,,3,200.0
-32.509799,115.739813,AU,Australia,Mandurah,,2,120.0
-32.048871,115.865422,AU,Australia,Bull Creek,,1,50.0
-27.596393,152.746209,AU,Australia,Queensland,,2,120.0
-24.862626,151.121518,AU,Australia,Monto,,2,0.0
-18.72135,121.878993,AU,Australia,Lagrange,,2,50.0
-18.749255,126.11372,AU,Australia,Western Australia,,1,75.0
-31.896268,116.01022,AU,Australia,Midland ,,2,120.0
-34.925115,138.595206,AU,Australia,Adelaide,,2,125.0
-32.309835,115.832401,AU,Australia,Western Australia,,1,150.0
-37.875017,145.128082,AU,Australia,Victoria,,1,22.0
-30.07009,114.965543,AU,Australia,Green Head,,6,250.0
-25.286042,152.815804,AU,Australia,Hervey Bay,,1,150.0
-23.752241,114.014304,AU,Australia,Western Australia,,2,50.0
-32.309352,115.830435,AU,Australia,Perth,,1,150.0
-26.199376,152.657057,AU,Australia,Southside,,1,160.0
-27.689171,152.653222,AU,Australia, Willowbank,,1,300.0
-36.304977,150.125192,AU,Australia,Mystery Bay,,1,7.0
-37.703976,145.105218,AU,Australia,Victoria,,1,11.0
-37.689125,144.956625,AU,Australia,Campbellfield,,1,250.0
-36.079284,146.913601,AU,Australia,Albury,,1,250.0
-35.131047,147.339787,AU,Australia,Wagga Wagga,,1,250.0
-38.084896,145.278497,AU,Australia,Cranbourne,,2,50.0
-38.109075,145.281762,AU,Australia,Victoria,,2,120.0
-38.110287,145.264071,AU,Australia,Cranbourne West,,2,75.0
-37.837816,145.134685,AU,Australia,Box Hill South,,1,250.0
-37.907528,145.011178,AU,Australia,Brighton East,,1,250.0
-37.944955,145.001929,AU,Australia,Hampton,,2,180.0
-38.008413,145.084884,AU,Australia,Moordialloc,,2,50.0
-29.251767,114.935337,AU,Australia,Dongara,,2,22.0
-33.485306,150.152046,AU,Australia,Lithgow,,1,22.0
-34.070859,150.806656,AU,Australia,Campbelltown,,2,75.0
-31.979748,115.971976,AU,Australia,Western Australia,,1,75.0
-20.05385,119.827157,AU,Australia,Pardoo,,2,50.0
-33.741939,151.213645,AU,Australia,Frenchs Forest,,1,0.0
-34.18231,139.98631,AU,Australia,Waikerie,,3,200.0
-34.186052,139.996613,AU,Australia,Waikerie,,1,7.0
-32.763743,151.742101,AU,Australia,Raymond Terrace,,1,250.0
-35.25806,149.439899,AU,Australia,Bungendore,,1,22.0
-32.80116,116.475229,AU,Australia,Boddington,,1,22.0
-31.255785,136.80266,AU,Australia,Pimba,,2,150.0
-25.840737,133.29975,AU,Australia,Kulgera,,1,22.2
-33.765457,150.621499,AU,Australia,Glenbrook,,2,150.0
-33.95359,115.070791,AU,Australia,Margaret River,,2,150.0
-30.750111,121.475115,AU,Australia,Kalgoorlie ,,2,150.0
-34.843804,148.914102,AU,Australia,Yass,,1,250.0
-35.722907,147.317193,AU,Australia,Holbrook,,1,250.0
-34.772317,149.692673,AU,Australia,Goulburn,,1,75.0
-38.478117,145.943696,AU,Australia,Leongatha,,2,50.0
-38.476074,145.944966,AU,Australia,Leongatha,,2,50.0
-38.434547,145.825501,AU,Australia,Korumburra,,2,50.0
-38.432933,145.825595,AU,Australia,Korumburra,,2,50.0
-38.167594,145.95341,AU,Australia,Warragul,,2,50.0
-38.152004,145.134938,AU,Australia,Melbourne,,2,120.0
-32.126274,133.672944,AU,Australia,Ceduna,,1,150.0
-28.331645,153.564218,AU,Australia,Bogangar,,4,300.0
-37.282013,142.929725,AU,Australia,Ararat,,2,50.0
-37.054695,142.78142,AU,Australia,Stawell,,1,250.0
-37.057065,142.78104,AU,Australia,Stawell,,2,50.0
-36.551144,145.984257,AU,Australia,Benalla,,2,50.0
-38.224499,145.039643,AU,Australia,Mornington,,3,50.0
-33.597285,151.319979,AU,Australia,New South Wales,,2,25.0
-22.543198,115.501416,AU,Australia,Western Australia,,2,50.0
-28.417955,151.077786,AU,Australia,Inglewood,,1,0.0
-27.303895,133.623174,AU,Australia,Marla,,2,15.0
-33.837545,117.157812,AU,Australia,Kojonup,,1,250.0
-32.937064,117.163992,AU,Australia,Narrogin ,,1,22.0
-32.934143,117.174801,AU,Australia,Narrogin ,,1,22.0
-32.933671,117.176777,AU,Australia,Narrogin,,1,22.0
-31.179598,117.379441,AU,Australia,Wyalkatchem,,1,22.0
-28.217351,152.030866,AU,Australia,Warwick,,2,0.0
-38.389181,142.484993,AU,Australia,Warnambool,,2,50.0
-37.824809,147.63246,AU,Australia,Bairnsdale,,1,250.0
-37.824545,147.632735,AU,Australia,Bairnsdale,,1,250.0
-33.325172,115.642666,AU,Australia,Western Australia,,2,150.0
-26.575093,148.807625,AU,Australia,Roma,,1,22.0
-33.026413,137.532269,AU,Australia,Whyalla Norrie,,1,150.0
-32.48927,137.761219,AU,Australia,Port Augusta,,2,200.0
-26.411845,114.464046,AU,Australia,Western Australia,,2,50.0
-32.055129,115.963391,AU,Australia,Thornlie,,3,0.0
-32.797585,134.198318,AU,Australia,The District Council of Streaky Bay,,1,150.0
-31.936258,115.849701,AU,Australia,North Perth,,1,22.0
-34.460225,138.986695,AU,Australia,Nuriootpa ,,3,120.0
-31.757717,115.771546,AU,Australia,Joondalup,,2,120.0
-27.402355,152.93698,AU,Australia,Brisbane,,1,75.0
-33.047159,135.461943,AU,Australia,Wudinna,,1,150.0
-33.14584,136.415203,AU,Australia,Kimba,,1,150.0
-34.991589,138.575957,AU,Australia,South Australia,,1,22.0
-30.311578,139.336202,AU,Australia,Arkaroola Village,,1,22.0
-32.102866,115.762449,AU,Australia,Western Australia,,1,250.0
-15.779059,128.740438,AU,Australia,Kununurra,,2,150.0
-36.923705,144.710066,AU,Australia,Heathcote,,2,50.0
-37.413967,144.979107,AU,Australia,Wallan,,2,50.0
-34.283447,150.639397,AU,Australia,Pheasants Nest ,,2,150.0
-34.282997,150.636793,AU,Australia,Pheasants Nest,,2,150.0
-37.051215,149.901557,AU,Australia,Eden,,1,22.0
-37.103266,149.879378,AU,Australia,New South Wales,,1,22.0
-33.685303,136.929057,AU,Australia,Cowell,,1,150.0
-30.276214,116.661822,AU,Australia,Dalwallinu,,2,50.0
-21.937405,114.130605,AU,Australia,Exmouth,,2,150.0
-31.735309,115.760571,AU,Australia,Joondalup,,1,22.0
-33.710606,151.102506,AU,Australia,Waitara,,1,0.0
-41.874712,148.304136,AU,Australia,Bicheno,,3,50.0
-30.516875,151.66663,AU,Australia,Armidale,,1,7.0
-37.823659,145.295948,AU,Australia,Kilsyth South,,2,150.0
-35.029504,117.88712,AU,Australia,Albany ,,1,11.0
-32.36748,117.009461,AU,Australia,Brookton,,2,150.0
-30.978296,150.251291,AU,Australia,Gunnedah,,2,50.0
-32.449382,118.865904,AU,Australia,Hyden,,2,150.0
-29.210722,116.008478,AU,Australia,Morawa,,2,22.0
-41.875087,148.301905,AU,Australia,Bicheno,,1,0.0
-37.980352,146.786637,AU,Australia,Heyfield,,1,50.0
-38.188088,144.5552,AU,Australia,Curlewis,,4,50.0
-33.939876,118.920739,AU,Australia,Jerramungup,,2,150.0
-33.580803,120.045778,AU,Australia,Ravensthorpe ,,2,150.0
-33.135121,136.416789,AU,Australia,Kimba,,1,7.0
-25.927965,113.535793,AU,Australia,Denham,,2,150.0
-32.589489,149.584964,AU,Australia,Mudgee,,2,180.0
-20.735388,116.847491,AU,Australia,Karratha,,2,150.0
-30.892839,116.716139,AU,Australia,Wongan Hills,,1,22.0
-31.892484,115.895946,AU,Australia,Morley,,2,22.0
-38.380939,142.518958,AU,Australia,Warnambool,,1,250.0
-38.341376,143.592974,AU,Australia,Colac,,1,250.0
-38.064797,144.382383,AU,Australia,Corio,,1,250.0
-37.210062,145.426147,AU,Australia,Yea,,1,135.0
-35.31872,149.093821,AU,Australia,Deakin,,2,150.0
-42.975674,147.311542,AU,Australia,Kingston,,2,120.0
-33.743034,150.692964,AU,Australia,Penrith,,2,180.0
-31.966752,115.822378,AU,Australia,West Perth,,2,150.0
-33.7675,150.822399,AU,Australia,Mount Druitt,,1,7.4
-33.770837,150.845156,AU,Australia,Rooty Hill,,1,7.4
-33.835625,148.681867,AU,Australia,Cowra,,1,22.0
-33.961508,150.805703,AU,Australia,Leppington,,1,7.0
-34.437232,148.723734,AU,Australia,Boorowa,,1,22.0
-33.76725,150.952041,AU,Australia,Seven Hills,,1,75.0
-27.579063,152.712931,AU,Australia,Blacksoil,,1,75.0
-26.630979,152.960453,AU,Australia,Nambour,,1,75.0
-27.437537,153.07008,AU,Australia,Hamilton,,1,75.0
-37.897374,144.670541,AU,Australia,Werribee,,3,50.0
-27.973719,152.994503,AU,Australia,Beaudesert,,1,40.0
-37.88437,145.083168,AU,Australia,Chadstone,,2,100.0
-31.482505,118.278185,AU,Australia,Merredin,,2,150.0
-24.883472,113.656285,AU,Australia,Carnarvon,,2,150.0
-27.479742,153.043682,AU,Australia,East Brisbane,,1,75.0
-33.919392,151.066694,AU,Australia,Wiley Park,,2,75.0
-27.640357,153.009597,AU,Australia,Larapinta,,2,75.0
-27.622309,153.128192,AU,Australia,Springwood,,2,75.0
-30.291705,153.118334,AU,Australia,Coffs Harbour,,2,75.0
-27.684546,153.189636,AU,Australia,Loganholme,,3,75.0
-37.970797,145.223161,AU,Australia,Dandenong North,,1,75.0
-38.371306,144.827725,AU,Australia,Rye,,1,75.0
-27.357963,152.969446,AU,Australia,Albany Creek,,2,75.0
-33.818996,151.021704,AU,Australia,Rosehill,,1,75.0
-33.916261,151.173113,AU,Australia,St Peters,,1,75.0
-26.655616,153.073501,AU,Australia,Maroochydore,,1,75.0
-34.402998,150.89158,AU,Australia,Fairy Meadow,,1,75.0
-36.439433,146.249903,AU,Australia,Glenrowan,,2,75.0
-36.438336,146.248157,AU,Australia,Glenrowan,,3,75.0
-32.555452,148.941868,AU,Australia,Wellington,,1,22.0
-37.53427,144.898286,AU,Australia,Mickleham,,2,75.0
-38.245141,144.172998,AU,Australia,Victoria,,1,7.0
-32.331102,115.820794,AU,Australia,Baldivis,,2,150.0
-32.240654,115.813557,AU,Australia,Western Australia,,2,60.0
-26.540236,151.838321,AU,Australia,Kingaroy,,3,75.0
-27.984579,153.339021,AU,Australia,Nerang,,2,50.0
-32.70133,152.062738,AU,Australia,Soldiers Point,,2,24.0
-27.960063,153.412315,AU,Australia,Southport,,2,75.0
-28.029581,153.434602,AU,Australia,Broadbeach,,2,75.0
-27.662417,153.040359,AU,Australia,Browns Plains,,2,22.0
-27.663992,153.04112,AU,Australia,Browns Plains,,1,120.0
-28.806512,153.278955,AU,Australia,Lismore,,2,75.0
-28.00185,153.415284,AU,Australia,Surfers Paradise,,2,75.0
-31.428381,152.908821,AU,Australia,Port Macquarie,,1,22.0
-28.643331,153.615697,AU,Australia,Byron Bay,,2,50.0
-37.31033,144.140109,AU,Australia,Hepburn Springs,,2,50.0
-17.017056,128.217757,AU,Australia,Warmun,,2,150.0
-26.816536,114.614109,AU,Australia,Western Australia ,,1,50.0
-32.576825,151.184537,AU,Australia,Singleton,,1,100.0
-23.646873,149.332505,AU,Australia,Dingo,,3,75.0
-27.616322,152.758617,AU,Australia,Ipswich,,3,50.0
-28.004299,153.364566,AU,Australia,Carrara,,2,75.0
-27.552387,153.008801,AU,Australia,Rocklea,,2,75.0
-27.239039,152.420279,AU,Australia,Esk,,3,75.0
-33.240789,151.503252,AU,Australia,Lake Haven,,1,120.0
-28.061726,153.429386,AU,Australia,Miami,,2,75.0
-27.553059,152.975258,AU,Australia,Oxley,,4,50.0
-27.498383,152.973622,AU,Australia,Indooroopilly,,4,50.0
-33.852835,150.995759,AU,Australia,Guildford,,4,50.0
-20.752161,116.848642,AU,Australia,Karratha,,1,22.0
-33.809374,151.208591,AU,Australia,Northbridge,,4,50.0
-33.770379,150.673718,AU,Australia,Jamisontown,,2,350.0
-33.888472,151.2376,AU,Australia,Woollahra,,2,50.0
-33.947906,150.901054,AU,Australia,Casula,,4,50.0
-27.328346,152.987467,AU,Australia,Brendale,,4,50.0
-33.831217,151.243681,AU,Australia,Mosman,,4,50.0
-27.612304,153.124421,AU,Australia,Springwood,,4,50.0
-33.874218,151.12683,AU,Australia,Croydon,,4,50.0
-27.53378,152.948491,AU,Australia,Jindalee,,4,50.0
-33.0833,151.6333,AU,Australia,New South Wales,,4,50.0
-26.400474,153.064833,AU,Australia,Noosaville,,4,50.0
-33.883514,151.150017,AU,Australia,Leichhardt,,4,50.0
-27.586787,153.283694,AU,Australia,Victoria Point,,4,50.0
-28.035351,153.427403,AU,Australia,Broadbeach,,4,50.0
-26.803426,153.12491,AU,Australia,Caloundra,,4,50.0
-34.479065,138.961501,AU,Australia,Nurioopta,,1,150.0
-34.718996,138.666335,AU,Australia,Elizabeth ,,1,120.0
-26.81751,114.614721,AU,Australia,Billabong Hotel Motel,,1,22.0
-27.541346,151.952256,AU,Australia,Harlaxton,,2,350.0
-27.422167,153.034685,AU,Australia,Lutwyche,,4,50.0
-27.485686,153.001208,AU,Australia,West End,,4,50.0
-33.889564,151.123599,AU,Australia,Ashfield,,4,50.0
-27.491547,153.217985,AU,Australia,Birkdale,,4,50.0
-27.588131,152.821959,AU,Australia,Bundamba,,2,350.0
-27.450483,153.044386,AU,Australia,Newstead,,4,50.0
-33.751303,151.243328,AU,Australia,Frenchs Forest,,2,150.0
-12.396092,130.896848,AU,Australia,Marrara,,4,50.0
-34.032952,151.125209,AU,Australia,Caringbah,,4,50.0
-33.892967,151.248028,AU,Australia,Bondi Junction,,4,50.0
-33.703118,151.212917,AU,Australia,Belrose,,4,50.0
-33.823861,151.195326,AU,Australia,St Leonards,,4,50.0
-12.459284,130.836153,AU,Australia,Darwin,,4,50.0
-33.915187,151.240972,AU,Australia,Randwick,,4,50.0
-28.081588,153.381888,AU,Australia,Robina,,2,50.0
-27.980749,153.409711,AU,Australia,Southport,,4,50.0
-33.777566,151.120564,AU,Australia,North Ryde,,4,50.0
-33.850403,150.898402,AU,Australia,Wetherill Park,,1,120.0
-33.736621,151.074339,AU,Australia,Pennant Hills,,1,50.0
-33.621379,151.149448,AU,Australia,Berowra,,1,75.0
-33.97374,151.236646,AU,Australia,Chifley,,8,25.0
-33.855576,151.076681,AU,Australia,Homebush,,1,120.0
-33.935,151.069205,AU,Australia,Roselands,,1,120.0
-33.905521,151.2128,AU,Australia,Zetland,,3,350.0
-33.695602,151.296288,AU,Australia,Warriewood,,1,120.0
-33.895581,151.195812,AU,Australia,Eveleigh,,6,50.0
-33.818453,151.189329,AU,Australia,St Leonards,,2,22.0
-36.752769,144.294018,AU,Australia,East Bendigo,,2,80.0
-41.179441,146.341294,AU,Australia,Devonport,,2,24.0
-42.155391,145.32604,AU,Australia,Strahan,,3,50.0
-37.901931,144.662578,AU,Australia,Werribee,,3,22.0
-42.754949,146.628993,AU,Australia,Maydena,,3,24.0
-42.886808,147.81389,AU,Australia,Dunalley,,2,60.0
-41.149411,147.803691,AU,Australia,Derby,,3,24.0
-41.638,147.9681,AU,Australia,Fingal,,3,24.0
-35.731097,150.197277,AU,Australia,Batehaven,,1,7.0
-43.43165,146.97408,AU,Australia,Southport,,1,22.0
-38.101629,147.065543,AU,Australia,Sale,,1,22.0
-43.161979,147.077723,AU,Australia,Cygnet,,3,24.0
-41.425875,147.139979,AU,Australia,Invermay,,1,22.0
-41.105627,146.823154,AU,Australia,George Town,,2,75.0
-37.841087,145.266619,AU,Australia,Victoria,,2,25.0
-42.50811,147.910027,AU,Australia,Triabunna,,3,24.0
-38.267708,144.658979,AU,Australia,Queenscliff,,4,50.0
-38.231759,144.36928,AU,Australia,Armstrong Creek,,3,22.0
-36.045905,146.943511,AU,Australia,Lavington,,4,7.0
-38.197502,144.343951,AU,Australia,Grovedale,,1,22.0
-38.197594,144.344872,AU,Australia,Grovedale,,1,22.0
-37.884974,145.082431,AU,Australia,Victoria,,6,7.0
-37.723028,145.14218,AU,Australia,Eltham,,2,7.0
-37.796758,145.279827,AU,Australia,Croydon,,2,7.0
-38.363202,142.456107,AU,Australia,Warnambool,,1,22.0
-37.527948,143.858028,AU,Australia,Invermay Park,,3,22.0
-38.196716,144.299354,AU,Australia,Victoria,,2,22.0
-37.759105,145.068768,AU,Australia,Heidelberg,,8,44.0
-37.757458,145.059185,AU,Australia,Heidelberg,,2,22.0
-37.714402,144.601437,AU,Australia,Victoria,,2,22.0
-37.102966,145.616209,AU,Australia,Yarck,,1,7.0
-43.139072,147.854844,AU,Australia,Port Arthur,,2,22.0
-42.485048,146.710091,AU,Australia,Ouse,,3,24.0
-37.754997,145.363726,AU,Australia,Lilydale,,1,11.0
-42.750972,147.278726,AU,Australia,Old Beach,,1,22.0
-37.769132,144.974786,AU,Australia,Brunswick East,,2,7.0
-37.771645,144.961731,AU,Australia,Brunswick,,1,22.0
-37.77168,144.958185,AU,Australia,Brunswick,,1,22.0
-37.765831,144.923526,AU,Australia,Moonee Ponds,,2,22.0
-33.811042,150.8503,AU,Australia,Eastern Creek,,1,75.0
-41.446376,147.122849,AU,Australia,Launceston,,1,7.0
-41.450227,147.141541,AU,Australia,South Launceston,,2,50.0
-42.875389,147.324161,AU,Australia,Hobart,,1,50.0
-41.442956,145.526658,AU,Australia,Waratah,,2,24.0
-42.124627,146.746646,AU,Australia,Waddamana,,2,60.0
-43.3218,147.242259,AU,Australia,Alonnah,,2,25.0
-35.415027,149.063429,AU,Australia,Greenway,,2,22.0
-34.969414,149.030017,AU,Australia,Murrumbateman,,2,50.0
-35.009712,138.759017,AU,Australia,Bridgewater,,3,150.0
-35.3483,149.088909,AU,Australia,Phillip,,2,22.0
-35.312198,149.133309,AU,Australia,,,4,50.0
-34.494976,150.795477,AU,Australia,Dapto,,4,50.0
-34.183568,142.158566,AU,Australia,Mildura,,2,50.0
-36.353617,146.325214,AU,Australia,Wangaratta,,2,50.0
-38.195626,146.532908,AU,Australia,Victoria,,2,50.0
-37.191776,145.711178,AU,Australia,Alexandra,,2,50.0
-37.650175,142.342548,AU,Australia,Dunkeld,,2,50.0
-38.230321,143.145821,AU,Australia,Camperdown,,2,50.0
-37.423052,144.562626,AU,Australia,Macedon,,2,50.0
-36.010175,146.003301,AU,Australia,Yarrawonga,,2,50.0
-36.250683,142.393794,AU,Australia,Warracknabeal,,2,50.0
-35.808384,144.221237,AU,Australia,Cohuna,,2,50.0
-37.881926,147.973489,AU,Australia,Lakes Entrance,,2,50.0
-37.844378,144.076835,AU,Australia,Meredith,,2,50.0
-37.967319,146.974792,AU,Australia,Maffra,,2,50.0
-38.474526,145.018623,AU,Australia,Flinders,,2,50.0
-42.980209,147.30374,AU,Australia,Kingston,,4,50.0
-37.922213,141.276197,AU,Australia,Dartmoor,,2,50.0
-35.734343,143.921685,AU,Australia,Kerang,,2,50.0
-38.088427,145.182527,AU,Australia,Carrum Downs,,4,50.0
-37.906102,145.003635,AU,Australia,Brighton,,4,50.0
-37.828584,144.934439,AU,Australia,Port Melbourne,,3,80.0
-37.806248,144.964016,AU,Australia,Carlton,,2,75.0
-32.064088,115.781807,AU,Australia,Western Australia,,1,22.0
-37.855838,145.029564,AU,Australia,Malvern,,2,50.0
-38.09341,145.341714,AU,Australia,Clyde North,,2,50.0
-38.139833,145.124222,AU,Australia,Frankston,,1,50.0
-37.422568,143.894071,AU,Australia,Creswick,,2,50.0
-38.50547,145.148495,AU,Australia,Summerlands,,2,50.0
-37.87707,145.164445,AU,Australia,Glen Waverley ,,2,100.0
-37.8123,145.011044,AU,Australia,Richmond,,2,100.0
-37.101207,147.591322,AU,Australia,Omeo,,2,50.0
-37.027977,145.142944,AU,Australia,Seymour,,2,25.0
-37.876098,145.043789,AU,Australia,Malvern East,,2,50.0
-36.313777,146.838576,AU,Australia,Yackandandah,,2,50.0
-36.729098,146.962108,AU,Australia,Bright,,2,50.0
-35.535453,144.967298,AU,Australia,Deniliquin,,1,22.0
-32.031412,115.815207,AU,Australia,Melville,,2,180.0
-37.834309,144.698843,AU,Australia,Tarneit,,1,22.0
-37.428866,143.382856,AU,Australia,Beaufort,,3,50.0
-33.772398,150.843483,AU,Australia,Rooty Hill,,1,0.0
-37.805195,144.751989,AU,Australia,Derrimut,,2,180.0
-31.948663,115.869483,AU,Australia,East Perth,,2,180.0
-17.970281,122.235549,AU,Australia,Broome,,2,150.0
-33.795118,151.18644,AU,Australia,Chatswood,,1,120.0
-33.362906,151.444462,AU,Australia,Tumbi Umbi,,2,75.0
-34.609332,150.229848,AU,Australia,Exeter,,1,250.0
-32.896429,151.597587,AU,Australia,Cameron Park,,2,350.0
-33.720704,150.429711,AU,Australia,Lawson,,4,50.0
-33.745253,150.610258,AU,Australia,Blaxland,,1,250.0
-34.071518,150.807301,AU,Australia,Campbelltown,,1,250.0
-32.050444,150.866571,AU,Australia,Scone,,2,50.0
-29.738465,151.736303,AU,Australia,Glen Innes,,2,50.0
-29.774658,151.11462,AU,Australia,Inverell ,,2,70.0
-31.981184,115.86249,AU,Australia,Western Australia,,4,7.0
-33.030105,137.529304,AU,Australia,South Australia,,2,75.0
-32.080051,115.987981,AU,Australia,Gosnells,,2,180.0
-32.022177,115.939168,AU,Australia,Cannington City,,1,2.5
-33.727782,150.976246,AU,Australia,Castle Hill,,4,50.0
-37.825565,147.627688,AU,Australia,Bairnsdale,,2,50.0
-34.72955,143.194304,AU,Australia,Tooleybuc,,2,22.0
-37.530361,144.880473,AU,Australia,Mickleham,,1,22.0
-37.673614,145.166044,AU,Australia,diamond creek,,1,22.0
-28.865746,153.048788,AU,Australia,New South Wales,,2,50.0
-37.8844,144.734036,AU,Australia,Point Cook,,1,7.0
-32.809894,151.844035,AU,Australia,Williamtown,,1,7.2
-42.903116,147.336466,AU,Australia,Tasmania,,2,80.0
-31.946095,115.82509,AU,Australia,Subiaco,,1,22.0
-42.29898,147.37111,AU,Australia,Oatlands,,2,80.0
-38.054823,145.116009,AU,Australia,Chelsea,,4,50.0
-37.913442,145.21853,AU,Australia,Victoria,,2,100.0
-38.234664,145.050947,AU,Australia,Victoria,,1,250.0
-20.39203,148.581206,AU,Australia,Queensland,,2,350.0
-22.693697,117.796254,AU,Australia,Tom Price,,2,25.0
-35.322726,149.165597,AU,Australia,Fyshwick,,2,25.0
-33.030413,116.878312,AU,Australia,Williams,,2,150.0
-37.705692,148.455992,AU,Australia,Orbost,,2,50.0
-34.719135,149.995755,AU,Australia,Marulan,,2,75.0
-34.718611,150.000673,AU,Australia,Marulan,,2,75.0
-34.607285,150.225174,AU,Australia,Sutton Forest Service Centre,,4,350.0
-34.423975,150.891382,AU,Australia,Wollongong,,4,50.0
-38.564408,146.67454,AU,Australia,Yarram,,2,50.0
-37.823977,147.629556,AU,Australia,Bairnsdale,,2,50.0
-37.565206,149.151985,AU,Australia,Cann River,,1,250.0
-37.565129,149.151945,AU,Australia,Cann River,,2,50.0
-34.839415,138.485548,AU,Australia,Semaphore ,,2,25.0
-36.88809,149.908587,AU,Australia,Merimbula,,1,22.0
-32.057696,115.800851,AU,Australia,O'Connor,,1,120.0
-27.489726,153.039222,AU,Australia,Brisbane City,,1,22.0
-37.565097,144.893816,AU,Australia,Mickleham,,1,0.0
-28.657101,151.932694,AU,Australia,Stanthorpe,,3,50.0
-33.784778,150.853058,AU,Australia,Eastern Creek,,1,7.3
-31.77727,115.964162,AU,Australia,Ellenbrook,,2,124.0
-37.862429,145.027453,AU,Australia,Armadale,,4,50.0
-37.820026,145.040303,AU,Australia,Hawthorn,,2,50.0
-37.740667,144.969673,AU,Australia,Melbourne,,1,7.0
-37.294362,144.952084,AU,Australia,Kilmore,,2,25.0
-37.20295,145.048954,AU,Australia,Broadford,,2,25.0
-37.680105,145.123078,AU,Australia,Diamond Creek,,2,75.0
-37.656879,145.374241,AU,Australia,Yarra Glen,,2,50.0
-37.831965,145.213612,AU,Australia,Ringwood,,4,50.0
-37.921311,145.237549,AU,Australia,Rowville,,4,50.0
-38.051153,145.256504,AU,Australia,Lynbrook,,4,50.0
-33.721132,151.04396,AU,Australia,CHERRYBROOK,,1,22.0
-37.900527,145.00702,AU,Australia,Brighton East,,2,75.0
-37.64768,144.99461,AU,Australia,Epping,,1,150.0
-37.772547,144.915133,AU,Australia,Ascot Vale,,4,50.0
-37.82819,144.925654,AU,Australia,Port Melbourne,,2,25.0
-37.864138,144.829593,AU,Australia,Altona,,2,50.0
-37.846404,144.808531,AU,Australia,Altona North,,2,180.0
-37.726166,144.808184,AU,Australia,Keilor Downs,,4,50.0
-36.028833,146.896674,AU,Australia,Hamilton Valley,,2,50.0
-36.002205,146.038649,AU,Australia,Yarrawonga,,2,50.0
-36.440274,145.226059,AU,Australia,Tatura,,2,25.0
-36.998601,144.260963,AU,Australia,Harcourt,,2,25.0
-36.575835,143.867659,AU,Australia,Inglewood,,2,50.0
-36.418009,143.613924,AU,Australia,Wedderburn,,2,50.0
-36.078902,143.226557,AU,Australia,Wycheproof,,2,50.0
-35.50402,142.851666,AU,Australia,Sea Lake,,2,50.0
-34.873034,138.609126,AU,Australia,Enfield,,2,50.0
-35.337903,143.560657,AU,Australia,Swan Hill,,2,50.0
-34.584523,142.774782,AU,Australia,Robinvale,,2,50.0
-35.071065,142.315244,AU,Australia,Ouyen,,2,50.0
-36.757671,144.277157,AU,Australia,Bendigo,,4,50.0
-37.066576,144.217771,AU,Australia,Castlemaine,,2,50.0
-37.355824,144.528818,AU,Australia,Woodend,,2,50.0
-37.71519,144.599676,AU,Australia,Cobblebank,,3,25.0
-35.534375,138.63689,AU,Australia,South Australia,,1,6.6
-34.847827,138.506659,AU,Australia,South Australia,,2,120.0
-26.650073,150.187083,AU,Australia,Miles,,3,75.0
-27.341802,153.010729,AU,Australia,Queensland,,2,150.0
-27.124086,152.978007,AU,Australia,Burpengary East,,1,75.0
-27.123952,152.97639,AU,Australia,Morayfield,,2,75.0
-23.55413,145.2873,AU,Australia,Barcaldine,,3,75.0
-24.42389,145.461917,AU,Australia,Blackall,,3,75.0
-26.414295,146.24102,AU,Australia,Charleville,,3,75.0
-32.480441,137.749615,AU,Australia,Port Augusta,,2,11.0
-35.457039,138.35117,AU,Australia,Yankalilla,,3,11.0
-35.787334,137.771353,AU,Australia,American River,,1,6.6
-35.70877,137.523259,AU,Australia,Cygnet River,,1,6.6
-35.017566,137.609652,AU,Australia,Yorketown,,1,11.0
-32.488881,137.762832,AU,Australia,Port Augusta,,1,22.0
-35.245411,136.977691,AU,Australia,Marion Bay,,1,3.6
-34.767943,137.597571,AU,Australia,Minlaton,,2,11.0
-34.778476,137.863902,AU,Australia,Port Vincent,,1,11.0
-34.422616,137.916796,AU,Australia,Ardrossan,,1,11.0
-37.172487,139.75975,AU,Australia,Robe,,1,11.0
-38.30823,145.191932,AU,Australia,Hastings,,2,50.0
-38.368575,144.905885,AU,Australia,Victoria,,3,50.0
-38.338743,144.737136,AU,Australia,Victoria,,4,50.0
-38.246611,144.540056,AU,Australia,Ocean Grove,,3,50.0
-38.197497,144.321037,AU,Australia,Waurn Ponds,,4,50.0
-36.740447,143.900113,AU,Australia,Newbridge,,2,25.0
-37.050847,143.741489,AU,Australia,Maryborough ,,2,50.0
-37.246931,144.452169,AU,Australia,Kyneton ,,2,50.0
-37.342963,144.142175,AU,Australia,Daylesford,,2,25.0
-38.340153,144.311051,AU,Australia,Jan Juc,,8,350.0
-37.036818,141.296757,AU,Australia,Edenhope ,,2,50.0
-37.564139,143.934273,AU,Australia,Warrenheip ,,2,350.0
-34.460098,138.987775,AU,Australia,Nuriootpa,,3,120.0
-34.999876,138.591603,AU,Australia,Pasadena,,2,50.0
-34.895659,138.641422,AU,Australia,South Australia,,2,75.0
-34.897177,138.638573,AU,Australia,Marden,,2,25.0
-34.911052,138.628841,AU,Australia,Stepney,,2,25.0
-34.915979,138.631503,AU,Australia,Norwood,,2,25.0
-34.920074,138.635624,AU,Australia,Norwood,,4,50.0
-34.890017,138.654394,AU,Australia, Felixstow,,2,50.0
-34.889228,138.655579,AU,Australia,Felixstow,,4,50.0
-36.377666,141.238214,AU,Australia,Kaniva,,2,50.0
-34.759095,138.595526,AU,Australia,Paralowie,,2,350.0
-37.824951,144.681883,AU,Australia,Tarneit,,2,50.0
-35.349167,149.085137,AU,Australia,Phillip,,1,110.0
-22.387029,143.031472,AU,Australia,Winton,,3,75.0
-34.95949,117.366211,AU,Australia,Denmark,,2,7.2
-34.959432,117.365262,AU,Australia,Denmark,,1,3.0
-34.241008,116.147302,AU,Australia,Manjimup,,2,150.0
-34.975686,116.732001,AU,Australia,Walpole,,1,150.0
-20.70476,140.508161,AU,Australia,Cloncurry,,3,75.0
-23.441757,144.247667,AU,Australia,Longreach,,3,75.0
-20.842582,144.199969,AU,Australia,Hughenden,,3,75.0
-20.065747,146.261436,AU,Australia,Richmond Hill,,3,75.0
-31.638378,115.694299,AU,Australia,Butler,,2,124.0
-35.709052,150.17306,AU,Australia,Batemans Bay,,2,75.0
-35.320721,149.097024,AU,Australia,Deakin,,1,1.5
-35.309244,149.187726,AU,Australia,Canberra,,3,50.0
-35.028176,117.880772,AU,Australia,Albany City,,2,150.0
-35.027987,117.88064,AU,Australia,Albany,,1,250.0
-33.787584,150.854268,AU,Australia,Eastern Creek ,,1,11.0
-32.041333,115.762691,AU,Australia,East Fremantle,,1,22.0
-36.17927,146.947538,AU,Australia,Baranduda,,1,11.0
-37.697187,145.407825,AU,Australia,Coldstream,,1,11.0
-37.821362,144.951481,AU,Australia,Port Melbourne,,1,11.0
-37.833348,144.92005,AU,Australia,Port Melbourne,,1,11.0
-33.860051,121.893561,AU,Australia,Esperance,,1,22.0
-33.858185,121.895699,AU,Australia,Esperance,,1,22.0
-33.858973,121.895653,AU,Australia,Esperance,,1,22.0
-32.557562,115.787128,AU,Australia,Mandurah,,1,250.0
-33.837605,117.157742,AU,Australia,Kojonup,,2,150.0
-32.195982,121.780595,AU,Australia,Norseman,,2,150.0
-30.954277,121.161152,AU,Australia,Coolgardie,,2,150.0
-31.652188,116.671922,AU,Australia,Northam,,2,150.0
-18.224881,127.667697,AU,Australia,Halls Creek,,2,150.0
-18.178577,125.568191,AU,Australia,Fitzroy Crossing,,1,150.0
-17.305234,123.630758,AU,Australia,Derby,,2,150.0
-28.351801,114.630819,AU,Australia,Northampton,,2,150.0
-27.709189,114.166887,AU,Australia,Kalbarri,,2,150.0
-30.303031,115.041648,AU,Australia,Jurien Bay,,2,150.0
-31.020608,115.332504,AU,Australia,Lancelin,,2,150.0
-33.859973,121.893515,AU,Australia,Esperance,,2,150.0
-28.776305,114.60373,AU,Australia,Geraldton,,2,150.0
-31.233618,119.328694,AU,Australia,Southern Cross,,2,150.0
-41.235309,146.408387,AU,Australia,Latrobe ,,1,22.0
-33.034536,137.562529,AU,Australia,Whyalla,,1,22.0
-32.719333,134.837101,AU,Australia,Poochera,,2,22.0
-32.800432,134.220707,AU,Australia,Streaky Bay,,1,22.0
-32.122932,133.684728,AU,Australia,Cedune,,1,22.0
-31.924999,133.010484,AU,Australia,Penong,,2,2.4
-27.577966,153.112872,AU,Australia,Rochedale,,1,7.0
-31.876481,115.779539,AU,Australia,Stirling,,1,22.0
-31.876137,115.779778,AU,Australia,Stirling,,4,50.0
-31.973893,115.908116,AU,Australia,Lathlain,,2,75.0
-31.863213,115.821995,AU,Australia,Stirling,,1,22.0
-32.930244,151.760743,AU,Australia,Newcastle,,3,60.0
-32.891835,151.70195,AU,Australia,Callaghan,,4,22.0
-32.895523,151.704151,AU,Australia,Callaghan,,4,22.0
-31.901205,116.165244,AU,Australia,Mundaring,,1,7.0
-27.824748,153.291977,AU,Australia,Pimpama,,6,75.0
-31.935507,115.870768,AU,Australia,Perth,,4,50.0
-27.682118,152.899743,AU,Australia,Springfield Central,,3,50.0
-27.551263,152.334943,AU,Australia,Lawes,,3,50.0
-27.520005,151.849366,AU,Australia,Charlton,,3,50.0
-37.959372,145.017948,AU,Australia,Sandringham,,7,75.0
-33.907827,151.171145,AU,Australia,Sydney,,4,50.0
-32.057555,115.746176,AU,Australia,Fremantle,,1,22.0
-25.794041,113.717466,AU,Australia,Monkey Mia,,2,22.0
-33.676103,151.303896,AU,Australia,Mona Vale,,2,25.0
-31.937804,115.933147,AU,Australia,Belmont,,2,180.0
-33.961219,151.065897,AU,Australia, Peakhurst ,,2,25.0
-33.139832,136.419231,AU,Australia,Kimba,,1,7.0
-32.058744,115.746822,AU,Australia,Fremantle,,3,22.0
-31.278699,149.279176,AU,Australia,Coonabarabran,,2,50.0
-34.311871,148.295098,AU,Australia,Young,,2,50.0
-32.593634,149.586206,AU,Australia,Mudgee,,2,50.0
-33.137407,148.172684,AU,Australia,Parkes,,2,50.0
-32.249307,148.609341,AU,Australia,Dubbo,,2,50.0
-33.28141,149.102787,AU,Australia,Orange,,2,50.0
-33.418859,149.588851,AU,Australia,Bathurst,,2,50.0
-34.717002,138.670088,AU,Australia,Elizabeth,,1,11.0
-34.825132,138.486447,AU,Australia,Largs Bay SA,,1,11.0
-34.856323,138.510852,AU,Australia,Queenstown,,2,25.0
-34.859757,138.512869,AU,Australia,Queenstown,,2,25.0
-34.860886,138.513575,AU,Australia,Queenstown,,2,25.0
-34.882736,138.538256,AU,Australia,Woodville South ,,2,25.0
-34.902576,138.568087,AU,Australia,West Hindmarsh,,2,25.0
-34.906047,138.573316,AU,Australia,Hindmarsh,,2,25.0
-34.993301,138.556051,AU,Australia,,,2,25.0
-35.017308,138.549656,AU,Australia,Marion,,2,25.0
-36.380206,145.400229,AU,Australia,Shepparton ,,2,50.0
-36.394569,145.359713,AU,Australia, Mooroopna ,,2,50.0
-37.510501,145.118408,AU,Australia,Whittlesea,,2,50.0
-34.875725,138.631469,AU,Australia,Klemzig,,2,25.0
-34.871001,138.63722,AU,Australia,Greenacres,,2,25.0
-34.879275,138.67346,AU,Australia,Newton,,2,25.0
-34.885226,138.658964,AU,Australia,Campbelltown,,2,25.0
-34.888449,138.67299,AU,Australia,Campbelltown ,,2,25.0
-34.887676,138.688946,AU,Australia,Rostrevor ,,2,25.0
-35.24011,139.44043,AU,Australia,Tailem Bend,,2,350.0
-35.120564,139.277055,AU,Australia,Murray Bridge,,2,350.0
-36.332766,141.649711,AU,Australia,Nhill,,1,22.0
-33.950633,115.075375,AU,Australia,Margaret River,,1,22.0
-33.445939,116.302308,AU,Australia,Muja,,2,22.0
-34.84425,150.595705,AU,Australia,Bomaderry,,2,4.8
-33.846051,151.069855,AU,Australia,Sydney Olympic Park,,2,50.0
-26.539845,151.840121,AU,Australia,Kingaroy,,2,50.0
-34.033064,151.073883,AU,Australia,Kirrawee,,1,250.0
-35.183475,138.562114,AU,Australia,McLaren Vale,,3,22.0
-36.672817,149.843298,AU,Australia,Bega,,2,50.0
-34.428394,150.900222,AU,Australia,Wollongong,,3,150.0
-33.813964,151.169276,AU,Australia,Lane Cove,,4,50.0
-33.825444,151.241466,AU,Australia,Mosman,,2,50.0
-33.768845,150.735658,AU,Australia,Kinswoid,,3,50.0
-33.706161,150.875571,AU,Australia,Schofields,,4,50.0
-33.8988,150.919944,AU,Australia,Cabramatta,,4,50.0
-33.932015,151.030155,AU,Australia,Bankstown,,4,50.0
-41.179963,146.367338,AU,Australia,Devonport,,1,250.0
-41.525798,146.845109,AU,Australia,Westbury,,2,350.0
-32.270906,125.488173,AU,Australia,Caiguna,,2,30.0
-33.906944,151.213166,AU,Australia,Zetland,,1,165.0
-37.804466,144.993244,AU,Australia,Abbotsford,,4,50.0
-34.034298,151.07343,AU,Australia,Kirrawee,,2,22.0
-32.100726,115.964271,AU,Australia,Southern River ,,2,24.0
-35.354495,145.725005,AU,Australia,Jerilderie,,2,50.0
-36.127317,144.748147,AU,Australia,Echuca,,4,50.0
-37.565839,149.150959,AU,Australia,Cann River,,2,50.0
-33.907071,151.224091,AU,Australia,Kensington,,2,25.0
-36.415899,148.619782,AU,Australia,Jindabyne,,2,50.0
-31.877115,115.776689,AU,Australia,Karringup,,2,22.0
-35.304009,139.501162,AU,Australia,Tailem Bend,,1,250.0
-38.17222,144.367879,AU,Australia,Geelong,,1,22.0
-33.676061,151.303258,AU,Australia,Mona Vale,,2,25.0
-35.709931,150.17774,AU,Australia,Batemans Bay,,2,50.0
-30.02045,148.116002,AU,Australia,Walgett,,2,50.0
-29.960446,146.85743,AU,Australia,Brewarrina,,2,50.0
-30.088249,145.93511,AU,Australia,Bourke,,2,50.0
-31.564631,147.196936,AU,Australia,Nyngan,,2,50.0
-31.498833,145.83757,AU,Australia,Cobar,,2,50.0
-31.55748,143.385908,AU,Australia,Wilcannia,,2,75.0
-31.959755,141.459615,AU,Australia,Broken Hill,,2,50.0
-34.188998,142.162212,AU,Australia,Mildura,,2,150.0
-34.28569,140.603553,AU,Australia,Berri,,2,50.0
-34.524685,138.958041,AU,Australia,Tanunda,,2,50.0
-34.639493,143.564488,AU,Australia,Balranald,,2,50.0
-34.508679,144.842907,AU,Australia,Hay,,2,50.0
-33.923626,147.203663,AU,Australia,West Wyalong,,2,50.0
-34.446028,147.534391,AU,Australia,Temora,,2,50.0
-33.846124,121.90181,AU,Australia,Esperance ,,1,22.0
-34.807703,150.636962,AU,Australia,Jaspers Brush,,1,22.0
-35.108491,147.373804,AU,Australia,Wagga Wagga,,2,50.0
-34.78232,149.266786,AU,Australia,Gunning,,2,7.2
-31.486951,118.259872,AU,Australia,Merredin,,1,7.0
-31.482756,118.268743,AU,Australia,Merredin,,2,24.0
-32.349268,116.049883,AU,Australia,Jarrahdale,,2,14.4
-32.936037,117.167415,AU,Australia,Narrogin,,2,7.0
-33.307721,117.346162,AU,Australia,Wagin,,2,11.0
-34.223273,118.21595,AU,Australia,Amelup,,3,22.0
-34.975593,116.734933,AU,Australia,Walpole,,1,14.4
-34.630654,116.123785,AU,Australia,Northcliffe,,3,11.0
-34.444114,116.036538,AU,Australia,Pemberton,,1,11.0
-33.953752,115.060074,AU,Australia,Margaret River,,2,22.0
-33.102889,115.689087,AU,Australia,Myalup,,3,22.0
-31.949166,115.860507,AU,Australia,Northbridge,,1,22.0
-31.950549,115.860103,AU,Australia,Perth,,1,22.0
-31.955357,115.852921,AU,Australia,Perth,,2,22.0
-31.956912,115.860655,AU,Australia,Perth,,1,22.0
-16.474092,145.34901,AU,Australia,Mossman Gorge Aboriginal Community,,1,7.0
-16.526762,145.462902,AU,Australia,Port Douglas,,3,50.0
-16.920519,145.779033,AU,Australia,Cairns,,3,50.0
-17.523531,146.026797,AU,Australia,Innisfail,,3,50.0
-17.9349,145.924059,AU,Australia,Tully,,3,50.0
-18.262614,146.024621,AU,Australia,Cardwell,,3,50.0
-19.31935,146.828461,AU,Australia,Townsville,,2,350.0
-19.323359,146.758376,AU,Australia,Townsville,,3,50.0
-19.573865,147.405566,AU,Australia,Ayr,,3,50.0
-20.016753,148.248913,AU,Australia,Bowen,,3,50.0
-20.402474,148.581549,AU,Australia,Proserpine,,3,50.0
-21.139355,149.185037,AU,Australia,Mackay,,3,50.0
-21.908503,149.410512,AU,Australia,Carmila,,3,50.0
-22.827929,149.9325,AU,Australia,Marlborough,,3,50.0
-26.40868,153.046133,AU,Australia,Tewantin,,2,50.0
-27.242998,153.014657,AU,Australia,North Lakes,,3,50.0
-33.866027,151.06444,AU,Australia,Sydney,,2,25.0
-34.841804,148.912863,AU,Australia,Yass,,1,22.0
-33.425768,149.58142,AU,Australia,Bathurst,,2,22.0
-33.676973,150.281627,AU,Australia,Medlow Bath,,2,22.0
-33.728025,150.300729,AU,Australia,Katoomba,,1,22.0
-33.769652,150.67187,AU,Australia,Jamisontown‎ ,,1,22.0
-23.382147,150.513552,AU,Australia,Rockhampton,,3,50.0
-24.98953,151.95311,AU,Australia,Gin Gin,,3,50.0
-25.994198,152.562694,AU,Australia,Gunalda,,3,50.0
-26.188543,152.665742,AU,Australia,Gympie,,3,50.0
-27.415112,153.077242,AU,Australia,Brisbane,,8,50.0
-28.163825,153.514927,AU,Australia,Bilinga,,3,50.0
-28.166937,153.536349,AU,Australia,Coolangatta,,2,75.0
-28.635719,153.553301,AU,Australia,Ewingsdale,,2,50.0
-29.688073,152.933538,AU,Australia,Grafton,,2,50.0
-30.709971,152.919823,AU,Australia,Macksville,,2,350.0
-32.292627,115.746645,AU,Australia,Rockingham,,2,22.0
-32.270454,115.75562,AU,Australia,Rockingham,,1,0.0
-31.95221,116.167055,AU,Australia,Mundaring,,1,2.5
-36.218688,149.133632,AU,Australia,Cooma ,,3,350.0
-37.833725,147.606616,AU,Australia,Bairnsdale,,1,22.0
-38.112024,147.063106,AU,Australia,Sale,,2,50.0
-35.71746,147.317752,AU,Australia,Holbrook,,2,50.0
-34.823412,148.325373,AU,Australia,Jugiong,,2,50.0
-31.995656,115.883294,AU,Australia,Kensington,,1,7.0
-32.531116,115.720303,AU,Australia,Mandurah,,1,22.0
-31.995737,115.885649,AU,Australia,Kensington,,1,7.0
-35.277115,147.736113,AU,Australia,Tarcutta,,2,350.0
-27.855203,153.310103,AU,Australia,Coomera,,2,350.0
-31.99911,115.915728,AU,Australia,Bentley,,2,24.0
-31.190204,117.036128,AU,Australia,Dowerin,,2,22.0
-32.27603,115.764266,AU,Australia,Rockingham,,1,0.0
-30.287249,116.666465,AU,Australia,Dalwallinu,,1,11.0
-30.888143,116.715048,AU,Australia,Wongan Hills,,1,4.0
-30.97375,116.212491,AU,Australia,New Norcia,,1,22.0
-31.350965,115.904182,AU,Australia,Gingin,,1,22.0
-31.349754,115.904794,AU,Australia,Gingin,,2,18.0
-31.35613,115.712633,AU,Australia,Gingin,,1,11.0
-31.53858,116.073734,AU,Australia,Lower Chittering,,1,22.0
-31.58142,115.983438,AU,Australia,Muchea,,1,22.0
-31.653838,116.672757,AU,Australia,Northam,,1,11.0
-31.749926,116.682941,AU,Australia,Muresk,,1,11.0
-31.890257,116.776735,AU,Australia,York,,1,11.0
-32.105142,116.926522,AU,Australia,Beverley,,1,11.0
-32.011588,117.400444,AU,Australia,Quairading,,1,22.0
-32.330532,117.874009,AU,Australia,Corrigin,,1,17.0
-32.668976,118.161214,AU,Australia,Kulin,,1,22.0
-30.748154,121.471472,AU,Australia,Kalgoorlie,,1,11.0
-30.75181,121.46736,AU,Australia,Kalgoorlie,,2,22.0
-30.774795,121.441134,AU,Australia,West Kalgoorlie,,1,22.0
-31.261442,120.021154,AU,Australia,Boorabbin,,3,22.0
-27.91421,120.697859,AU,Australia,Leinster,,1,22.0
-19.756168,120.671245,AU,Australia,Eighty Mile Beach,,2,17.0
-22.694425,117.797678,AU,Australia,Tom Price,,1,11.0
-22.818476,127.76376,AU,Australia,Gibson Desert North,,1,17.0
-31.817575,128.224651,AU,Australia,Mundrabilla,,1,11.0
-31.020579,115.33236,AU,Australia,Lancelin,,1,250.0
-31.899687,127.020503,AU,Australia,Madura,,2,22.0
-32.037799,126.097536,AU,Australia,Cocklebiddy,,1,11.0
-30.389555,115.50103,AU,Australia,Badgingarra,,1,11.0
-28.346489,116.68293,AU,Australia,Yalgoo,,1,22.0
-29.199782,115.448077,AU,Australia,Mingenew,,1,17.0
-25.927354,113.532066,AU,Australia,Denham,,1,11.0
-24.883634,113.658332,AU,Australia,Carnarvon,,1,11.0
-24.880058,113.653,AU,Australia,Brockman,,3,22.0
-23.144228,113.769018,AU,Australia,Coral Bay,,1,14.0
-21.64965,115.131574,AU,Australia,Onslow,,1,11.0
-20.737345,116.845387,AU,Australia,Karratha,,1,11.0
-20.840157,117.835765,AU,Australia,Whim Creek,,1,7.0
-20.376884,118.635307,AU,Australia,Port Hedland,,1,22.0
-18.517364,121.815786,AU,Australia,Lagrange,,1,11.0
-18.330537,122.08217,AU,Australia,Broome,,2,17.0
-17.292349,123.611031,AU,Australia,Derby,,1,22.0
-18.210637,125.581718,AU,Australia,Fitzroy Crossing,,2,22.0
-18.799516,126.537726,AU,Australia,Halls Creek,,1,11.0
-18.224647,127.671719,AU,Australia,Halls Creek,,1,11.0
-18.223122,127.670651,AU,Australia,Halls Creek,,1,11.0
-15.597332,128.278635,AU,Australia,Wyndham,,1,11.0
-28.857575,153.561732,AU,Australia,Ballina,,3,84.0
-29.560685,153.149084,AU,Australia,Tyndale,,2,350.0
-32.062489,115.916891,AU,Australia,Canning Vale,,2,22.0
-23.198995,117.670778,AU,Australia,Paraburdoo,,3,50.0
-31.76528,115.98625,AU,Australia,Malvern Springs,,1,22.0
-33.780649,151.134219,AU,Australia,Macquarie Park,,1,8.0
-33.737245,151.07107,AU,Australia,New South Wales,,1,9.0
-33.782541,151.123083,AU,Australia,Macquarie Park,,1,22.0
-37.616202,144.914763,AU,Australia,Roxburgh Park,,1,22.0
-37.72345,144.92112,AU,Australia,Oak Park,,2,22.0
-33.775208,151.109503,AU,Australia,Macquarie University,,1,12.0
-35.192096,149.085026,AU,Australia,Nicholls ,,1,7.0
-34.841097,148.912447,AU,Australia,Yass,,2,50.0
-34.747888,149.749621,AU,Australia,Goulburn,,4,350.0
-37.751176,144.77433,AU,Australia,Deer Park,,1,22.0
-37.722439,144.572334,AU,Australia,Weir Views,,4,50.0
-37.696742,144.782052,AU,Australia,Taylor Lakes,,2,350.0
-34.756141,149.720562,AU,Australia,Goulburn,,1,7.0
-34.74764,149.72931,AU,Australia,Goulburn,,1,22.0
-34.924046,117.790884,AU,Australia,Albany,,1,22.0
57.262984,-3.73989,AU,Australia,,,1,7.4
-37.561235,143.862508,AU,Australia,Ballarat,,1,350.0
-37.682971,145.071017,AU,Australia,Bundoora,,4,50.0
-37.77388,144.961801,AU,Australia,Brunswick,,2,80.0
-37.741042,144.97015,AU,Australia,Coburg,,3,50.0
-37.718938,144.961501,AU,Australia,Coburg North,,2,50.0
-37.70253,144.96952,AU,Australia,Fawkner,,2,25.0
-37.971281,145.223697,AU,Australia,Dandenong,,2,350.0
-37.9073,145.132078,AU,Australia,,,3,50.0
-37.813127,145.228832,AU,Australia,Melbourne,,1,22.0
-36.711119,142.201946,AU,Australia,Horsham,,4,350.0
-36.454711,142.025918,AU,Australia,Dimboola,,1,22.0
-37.281725,142.930629,AU,Australia,Ararat,,1,22.8
-32.670026,118.155632,AU,Australia,Kulin,,2,22.0
-37.698709,144.775277,AU,Australia,Sydenham,,1,22.0
-37.580835,144.7245,AU,Australia,Sunbury,,1,11.0
-17.953544,122.241143,AU,Australia,Broome,,1,7.0
-32.127551,115.927609,AU,Australia,Perth,,2,7.0
-28.79172,114.609894,AU,Australia,Geraldton,,2,22.0
-34.443958,116.035922,AU,Australia,Pemberton,,3,50.0
-34.420276,115.850533,AU,Australia,,,2,22.0
-31.513429,151.717982,AU,Australia,Nowendoc,,1,13.3
-27.591011,151.915394,AU,Australia,Toowoomba,,2,50.0
-32.010144,115.894087,AU,Australia,Perth,,2,24.0
-32.20781,115.978632,AU,Australia,Byford,,2,22.0
-32.222227,116.009671,AU,Australia,Byford,,1,22.0
-33.02464,116.878988,AU,Australia,Williams,,1,250.0
-34.992432,117.856061,AU,Australia,Orana,,1,22.0
-38.228907,144.338974,AU,Australia,Armstrong Creek,,1,7.0
-33.94303,118.921074,AU,Australia,Jerramungup,,1,22.0
-22.376953,118.690774,AU,Australia,,,1,11.0
-42.700694,147.250937,AU,Australia,Brighton,,2,350.0
-31.463751,152.821728,AU,Australia,Thrumster,,2,350.0
-31.458281,152.827456,AU,Australia,Thrumster,,2,50.0
-32.654036,151.962456,AU,Australia,Karuah,,3,350.0
-41.580407,145.938367,AU,Australia,,,1,11.0
-41.442649,145.526853,AU,Australia,Waratah,,2,8.0
-30.317793,153.089704,AU,Australia,North Boambee Valley,,2,350.0
-27.913013,153.304214,AU,Australia,Gold Coast,,2,3.6
-27.637475,153.135497,AU,Australia,Logan City,,3,50.0
-31.943242,152.470641,AU,Australia,New South Wales,,2,350.0
-42.123706,148.075201,AU,Australia,Swansea,,3,50.0
-26.704325,153.131725,AU,Australia,Buddina,,1,7.0
-27.923657,153.338938,AU,Australia,Helensvale,,3,50.0
-26.687135,153.004275,AU,Australia,Forest Glen,,3,50.0
-26.662883,153.050321,AU,Australia,Buderim,,3,50.0
-33.650758,115.341897,AU,Australia,Busselton,,2,32.0
-42.881781,147.333368,AU,Australia,Hobart,,1,22.0
-42.881668,147.335536,AU,Australia,Hobart,,1,22.0
-41.322949,148.248273,AU,Australia,St Helens,,3,50.0
-32.667454,118.15772,AU,Australia,Kulin,,1,22.0
-25.795073,113.71897,AU,Australia,Shire Of Shark Bay,,1,22.0
-25.980245,113.559417,AU,Australia,Denham,,1,5.5
-28.554877,153.502194,AU,Australia,Mullumbimby,,1,22.0
-34.588308,150.865927,AU,Australia,Shellharbour,,2,350.0
-34.437973,150.863362,AU,Australia,Figtree,,1,250.0
-17.982599,122.204605,AU,Australia,Broome,,1,22.0
-17.928468,122.212826,AU,Australia,Broome ,,2,22.0
-25.770052,114.293963,AU,Australia,Wooramel,,2,22.0
-22.543125,115.501177,AU,Australia,Nanutarra,,1,22.0
-29.427083,153.239167,AU,Australia,Harwood,,1,120.0
-23.810718,150.98007,AU,Australia,Mount Larcom,,3,50.0
-34.486378,150.887952,AU,Australia,Warrawong,,1,22.0
-30.762973,121.456186,AU,Australia,Kalgoorlie,,1,22.0
-33.716801,115.046274,AU,Australia,Western Australia,,1,7.0
-30.511645,151.669545,AU,Australia,Armidale,,2,50.0
-32.44813,118.867195,AU,Australia,Hyden,,1,22.0
-34.397985,119.381833,AU,Australia,Bremer Bay,,1,22.0
-35.023178,117.88228,AU,Australia,Albany,,1,22.0
-33.578686,120.053428,AU,Australia,Ravensthorpe,,2,22.0
-33.704739,120.860503,AU,Australia,Munglinup,,1,22.0
-33.844135,121.883017,AU,Australia,Chadwick ,,1,22.0
-33.767099,150.954883,AU,Australia,Seven Hills,,2,350.0
-41.177518,146.359337,AU,Australia,Devonport,,3,50.0
-31.89946,115.976362,AU,Australia,Guildford,,2,60.0
37.184993,138.27182,JP,Japan,,,1,90.0
42.961623,141.29843,JP,Japan,,,1,90.0
36.131721,138.268558,JP,Japan,,,1,90.0
36.678159,137.853659,JP,Japan,,,1,90.0
35.836464,138.428595,JP,Japan,,,1,90.0
36.057807,140.014089,JP,Japan,,,1,90.0
35.968169,140.624792,JP,Japan,,,1,90.0
37.097697,138.251297,JP,Japan,,,1,90.0
36.796156,138.217107,JP,Japan,,,1,90.0
42.902922,141.577032,JP,Japan,,,1,90.0
36.574674,138.15542,JP,Japan,,,1,90.0
36.362541,138.356763,JP,Japan,,,1,90.0
42.977177,141.459972,JP,Japan,,,1,90.0
36.390322,138.259204,JP,Japan,,,1,90.0
36.130378,137.955777,JP,Japan,,,1,90.0
43.001342,141.433846,JP,Japan,,,1,90.0
34.200931,134.624316,JP,Japan,,,1,130.0
35.497025,134.227913,JP,Japan,,,1,250.0
33.571556,133.55496,JP,Japan,,,1,72.0
34.309366,134.061514,JP,Japan,,,1,250.0
36.307802,139.097401,JP,Japan,,,1,130.0
36.572115,138.200325,JP,Japan,,,1,130.0
36.598764,136.624286,JP,Japan,,,1,250.0
37.395763,140.332751,JP,Japan,,,1,250.0
33.588451,130.497234,JP,Japan,,,1,130.0
36.085923,136.250501,JP,Japan,,,1,250.0
34.715366,135.255294,JP,Japan,,,1,250.0
34.835577,135.218017,JP,Japan,,,1,250.0
35.337682,139.445481,JP,Japan,,,1,130.0
35.425664,139.537478,JP,Japan,,,1,130.0
39.685291,141.127986,JP,Japan,,,1,130.0
35.653193,138.547622,JP,Japan,,,1,130.0
32.790292,130.781127,JP,Japan,,,1,250.0
34.879982,138.302426,JP,Japan,,,1,250.0
34.840437,137.748006,JP,Japan,,,1,130.0
35.817911,139.934066,JP,Japan,,,1,250.0
33.809448,132.779707,JP,Japan,,,1,72.0
35.642276,139.804322,JP,Japan,,,1,72.0
35.65951,139.72853,JP,Japan,,,1,130.0
35.684656,139.761252,JP,Japan,,,1,130.0
35.617642,139.776912,JP,Japan,,,1,130.0
35.667834,139.740463,JP,Japan,,,1,130.0
35.66308,139.524978,JP,Japan,,,1,72.0
35.670848,139.752783,JP,Japan,,,1,250.0
35.688274,139.693443,JP,Japan,,,1,250.0
35.649858,139.699927,JP,Japan,,,1,250.0
35.435641,139.924715,JP,Japan,,,1,130.0
37.878943,139.060622,JP,Japan,,,1,250.0
35.299458,138.938742,JP,Japan,,,1,130.0
34.372908,132.40441,JP,Japan,,,1,72.0
35.534434,139.694654,JP,Japan,,,1,250.0
35.832434,139.735652,JP,Japan,,,1,250.0
35.303584,136.691785,JP,Japan,,,1,130.0
38.192848,140.311353,JP,Japan,,,1,250.0
36.692628,137.20812,JP,Japan,,,1,72.0
38.26918,140.946521,JP,Japan,,,1,250.0
34.757145,135.461759,JP,Japan,,,1,130.0
34.701676,135.510266,JP,Japan,,,1,250.0
34.9785,135.969208,JP,Japan,,,1,250.0
35.160984,136.984164,JP,Japan,,,1,72.0
35.18822,136.904113,JP,Japan,,,1,130.0
41.83071,140.73577,JP,Japan,,,1,250.0
34.578439,133.76944,JP,Japan,,,1,130.0
36.295481,139.604964,JP,Japan,,,1,130.0
34.756146,136.157611,JP,Japan,,,1,250.0
38.342928,140.837815,JP,Japan,,,1,130.0
35.003283,135.720936,JP,Japan,,,1,250.0
34.986664,135.752828,JP,Japan,,,1,72.0
36.0585,140.061595,JP,Japan,,,1,250.0
35.274653,139.684379,JP,Japan,,,1,250.0
35.457837,139.625966,JP,Japan,,,1,250.0
35.549347,139.618354,JP,Japan,,,1,250.0
35.426286,139.666649,JP,Japan,,,1,250.0
35.545572,139.525478,JP,Japan,,,1,250.0
36.632043,139.847501,JP,Japan,,,1,250.0
34.665385,135.522533,JP,Japan,,,1,250.0
35.94431,139.385679,JP,Japan,,,1,250.0
35.078771,137.124669,JP,Japan,,,1,250.0
35.422887,139.358209,JP,Japan,,,1,250.0
35.587964,139.571373,JP,Japan,,,1,250.0
35.679191,139.76922,JP,Japan,,,1,250.0
35.732357,139.65654,JP,Japan,,,1,250.0
35.714447,139.616654,JP,Japan,,,1,250.0
35.636582,139.619671,JP,Japan,,,1,250.0
35.660398,139.729241,JP,Japan,,,1,250.0
35.667184,139.613119,JP,Japan,,,1,250.0
35.728339,139.707603,JP,Japan,,,1,250.0
35.63811,139.792695,JP,Japan,,,1,250.0
35.700806,139.77301,JP,Japan,,,1,250.0
35.763606,139.789502,JP,Japan,,,1,250.0
35.810548,139.531897,JP,Japan,,,1,250.0
33.718148,135.403251,JP,Japan,,,1,130.0
34.461312,136.514313,JP,Japan,,,1,250.0
36.138078,137.244287,JP,Japan,,,1,250.0
34.858081,135.645229,JP,Japan,,,1,250.0
34.967372,138.381691,JP,Japan,,,1,250.0
35.890916,139.614389,JP,Japan,,,1,250.0
35.893561,139.607404,JP,Japan,,,1,130.0
34.652018,135.512975,JP,Japan,,,1,250.0
34.704981,135.567761,JP,Japan,,,1,250.0
34.663134,133.92085,JP,Japan,,,1,250.0
33.194379,131.659564,JP,Japan,,,1,130.0
35.33786,139.152016,JP,Japan,,,1,250.0
37.04014,140.013251,JP,Japan,,,1,250.0
34.506658,135.761344,JP,Japan,,,1,250.0
35.057084,136.941046,JP,Japan,,,1,250.0
35.224683,136.88547,JP,Japan,,,1,250.0
35.17927,136.879177,JP,Japan,,,1,250.0
35.120799,136.911463,JP,Japan,,,1,250.0
35.835528,139.879156,JP,Japan,,,1,250.0
35.028306,136.677948,JP,Japan,,,1,250.0
36.174376,137.960396,JP,Japan,,,1,250.0
34.691565,135.197837,JP,Japan,,,1,250.0
33.874359,130.810411,JP,Japan,,,1,250.0
35.239037,136.94246,JP,Japan,,,1,250.0
36.339563,138.632761,JP,Japan,,,1,250.0
34.448598,135.371509,JP,Japan,,,1,250.0
34.78505,135.383474,JP,Japan,,,1,250.0
35.770591,139.691224,JP,Japan,,,1,250.0
35.499948,137.816552,JP,Japan,,,1,250.0
34.809112,135.558316,JP,Japan,,,1,250.0
36.407052,140.589264,JP,Japan,,,1,250.0
35.589064,139.35034,JP,Japan,,,1,250.0
34.738991,137.764682,JP,Japan,,,1,250.0
35.355694,139.235784,JP,Japan,,,1,250.0
43.061917,141.358337,JP,Japan,,,1,250.0
33.595626,130.405569,JP,Japan,,,1,72.0
33.577468,130.43238,JP,Japan,,,1,250.0
35.16224,138.617329,JP,Japan,,,1,250.0
40.786211,140.762853,JP,Japan,,,1,250.0
35.332746,139.37595,JP,Japan,,,1,250.0
35.897725,139.954783,JP,Japan,,,1,250.0
35.65119,140.045449,JP,Japan,,,1,250.0
35.655566,140.118665,JP,Japan,,,1,250.0
31.895607,131.416895,JP,Japan,,,1,250.0
31.527168,130.534102,JP,Japan,鹿児島市,,1,250.0
34.661093,133.897415,JP,Japan,岡山,,1,90.0
34.815673,134.979836,JP,Japan,,,1,44.0
34.817511,134.981468,JP,Japan,,,1,44.0
45.396557,141.700455,JP,Japan,天塩郡 (Teshio District),,1,50.0
44.369972,143.344666,JP,Japan,紋別郡,,1,50.0
44.16367,142.395477,JP,Japan,剣淵町,,1,50.0
44.066803,143.528122,JP,Japan,遠軽町,,1,50.0
44.011299,144.230637,JP,Japan,網走市,,1,44.0
43.934959,141.65863,JP,Japan,増毛郡,,1,50.0
43.900906,144.657333,JP,Japan,斜里町,,1,50.0
43.829388,144.124298,JP,Japan,美幌町,,1,50.0
43.798698,143.864975,JP,Japan,常呂郡 (Tokoro District),,1,50.0
43.796707,142.375778,JP,Japan,雨竜郡,,1,50.0
43.57375,141.916565,JP,Japan,滝川市,,1,50.0
43.501736,144.453537,JP,Japan,川上郡,,1,50.0
43.319595,145.593079,JP,Japan,根室市,,1,50.0
43.221085,140.957901,JP,Japan,小樽市,,1,50.0
43.090862,141.267792,JP,Japan,札幌市,,1,50.0
43.01926,142.890518,JP,Japan,清水町,,1,50.0
42.817429,141.680984,JP,Japan,千歳市,,1,50.0
42.342381,142.357132,JP,Japan,新冠郡,,1,50.0
41.297844,141.216446,JP,Japan,下北郡,,2,50.0
40.642544,141.200226,JP,Japan,十和田市,,1,50.0
40.296524,141.300568,JP,Japan,二戸市,,1,50.0
40.274048,140.531906,JP,Japan,大館市,,1,50.0
40.179741,140.020233,JP,Japan,山本郡,,1,50.0
39.703617,141.152679,JP,Japan,紫波郡,,1,50.0
39.66621,140.170029,JP,Japan,秋田市,,1,50.0
39.327656,141.53363,JP,Japan,気仙郡,,1,50.0
39.3153,140.555695,JP,Japan,横手市,,1,50.0
39.257797,141.823776,JP,Japan,釜石市,,1,50.0
39.188671,140.50145,JP,Japan,雄勝郡,,1,50.0
38.600559,140.977707,JP,Japan,大崎市,,1,50.0
38.423454,140.376572,JP,Japan,東村山郡,,2,50.0
37.921741,139.077789,JP,Japan,北蒲原郡,,1,50.0
37.817066,138.977814,JP,Japan,,,2,50.0
37.801617,140.918976,JP,Japan,相馬市,,1,50.0
37.404308,138.834137,JP,Japan,南魚沼郡,,1,50.0
37.381592,136.909363,JP,Japan,輪島市,,1,50.0
37.37566,138.833267,JP,Japan,南魚沼郡,,1,50.0
37.371906,138.55899,JP,Japan,刈羽郡,,1,50.0
37.29945,140.366119,JP,Japan,須賀川市,,1,50.0
37.080238,138.885056,JP,Japan,南魚沼郡,,1,50.0
37.050419,140.88768,JP,Japan,双葉郡,,1,50.0
37.035545,136.952469,JP,Japan,七尾市,,1,50.0
36.740868,139.500351,JP,Japan,塩谷郡 (Shioya),,2,50.0
36.733582,139.704697,JP,Japan,塩谷郡 (Shioya),,1,50.0
36.646641,136.961227,JP,Japan,砺波市,,1,50.0
36.607494,138.638474,JP,Japan,中之条町,,1,50.0
36.555122,140.625687,JP,Japan,日立市,,1,50.0
36.531155,139.880508,JP,Japan,塩谷郡 (Shioya),,1,50.0
36.527168,136.572968,JP,Japan,白山市,,1,50.0
36.457893,139.912567,JP,Japan,河内郡,,1,50.0
36.395473,139.073227,JP,Japan,佐波郡,,1,50.0
36.393642,138.266342,JP,Japan,埴科郡,,5,50.0
36.362724,139.024597,JP,Japan,佐波郡,,1,50.0
36.324574,139.168961,JP,Japan,佐波郡,,1,50.0
36.32373,139.044678,JP,Japan,高崎市,,1,50.0
36.306332,136.353439,JP,Japan,加賀市,,1,50.0
36.259895,138.889938,JP,Japan,富岡市,,1,50.0
36.227879,137.966873,JP,Japan,東筑摩郡 (Higashi-Chikuma),,1,50.0
36.185394,137.962769,JP,Japan,東筑摩郡 (Higashi-Chikuma),,1,50.0
36.121853,137.616898,JP,Japan,東筑摩郡 (Higashi-Chikuma),,1,50.0
36.068058,138.16185,JP,Japan,諏訪市,,1,50.0
36.041943,139.537003,JP,Japan,北本市,,1,50.0
36.021168,136.965256,JP,Japan,高山市,,1,50.0
35.979744,139.975845,JP,Japan,守谷市,,1,50.0
35.946491,139.882797,JP,Japan,野田市,,1,50.0
35.884094,139.626099,JP,Japan,北足立郡,,1,50.0
35.879295,139.828262,JP,Japan,北葛飾郡,,1,50.0
35.873817,140.471558,JP,Japan,香取市,,1,50.0
35.871063,139.684143,JP,Japan,北足立郡,,1,50.0
35.74485,139.629562,JP,Japan,練馬区,,1,50.0
35.740059,139.381424,JP,Japan,武蔵村山市,,1,50.0
35.710407,139.933212,JP,Japan,鬼高三丁目,,1,50.0
35.692211,139.42099,JP,Japan,立川市,,1,50.0
35.691586,139.697769,JP,Japan,新宿区,,2,50.0
35.688072,139.69342,JP,Japan,新宿区,,1,50.0
35.683239,139.778061,JP,Japan,千代田区,,1,50.0
35.647057,139.748703,JP,Japan,南青山六丁目,,1,50.0
35.643322,139.756592,JP,Japan,港区,,2,50.0
35.599213,139.380753,JP,Japan,町田市,,1,50.0
35.546951,139.790527,JP,Japan,大田区,,1,50.0
35.54253,139.599197,JP,Japan,三浦郡,,1,50.0
35.534412,139.585831,JP,Japan,三浦郡,,2,50.0
35.528824,139.321732,JP,Japan,愛甲郡,,1,50.0
35.525661,134.114319,JP,Japan,岩美郡,,1,50.0
35.52243,137.851959,JP,Japan,下伊那郡 (Shimo-Ina),,2,50.0
35.498207,139.422577,JP,Japan,中郡,,1,50.0
35.491219,139.425781,JP,Japan,大和市,,1,50.0
35.471245,139.36824,JP,Japan,中郡,,1,50.0
35.46806,133.04837,JP,Japan,仁多郡,,2,50.0
35.459885,139.629959,JP,Japan,三浦郡,,1,50.0
35.448006,135.305817,JP,Japan,与謝郡,,1,50.0
35.44228,133.390137,JP,Japan,米子市,,1,50.0
35.437256,133.343872,JP,Japan,西伯郡,,1,50.0
35.436268,139.356796,JP,Japan,中郡,,2,50.0
35.427689,133.339142,JP,Japan,西伯郡,,2,50.0
35.425514,137.045212,JP,Japan,可児市,,1,50.0
35.402252,139.939163,JP,Japan,木更津市,,1,50.0
35.389084,133.537781,JP,Japan,大山町,,1,50.0
35.371136,139.374619,JP,Japan,高座郡,,1,50.0
35.335011,139.467911,JP,Japan,藤沢市,,1,50.0
35.332947,136.027863,JP,Japan,高島市,,1,50.0
35.324886,139.650375,JP,Japan,三浦郡,,1,50.0
35.30685,139.31131,JP,Japan,中郡,,1,50.0
35.275303,139.682022,JP,Japan,三浦郡,,1,50.0
35.26001,139.738541,JP,Japan,三浦郡,,1,50.0
35.252571,139.641632,JP,Japan,三浦郡,,1,50.0
35.251038,139.684113,JP,Japan,三浦郡,,1,50.0
35.228333,139.682556,JP,Japan,三浦郡,,2,50.0
35.224003,136.840225,JP,Japan,西春日井郡,,2,50.0
35.210403,137.008286,JP,Japan,尾張旭市,,1,50.0
35.196346,139.025955,JP,Japan,足柄下郡,,3,50.0
35.184128,137.048767,JP,Japan,愛知郡,,1,50.0
35.156605,138.661835,JP,Japan,富士市,,1,50.0
35.155159,139.129715,JP,Japan,足柄下郡,,1,50.0
35.144665,134.190475,JP,Japan,奈義町,,1,50.0
35.100521,138.872849,JP,Japan,沼津市,,1,50.0
35.065735,136.915939,JP,Japan,名古屋市,,1,50.0
35.062225,134.001785,JP,Japan,津山市,,1,50.0
35.041134,138.482605,JP,Japan,静岡市,,1,50.0
35.036926,135.780289,JP,Japan,京都市,,1,50.0
35.010059,135.588974,JP,Japan,乙訓郡,,1,50.0
34.997299,139.889465,JP,Japan,館山市,,1,50.0
34.979061,135.723999,JP,Japan,乙訓郡,,1,50.0
34.960625,138.377533,JP,Japan,静岡市,,1,50.0
34.945072,134.759308,JP,Japan,福崎町,,1,50.0
34.923527,132.110291,JP,Japan,邑智郡,,1,50.0
34.912182,133.947144,JP,Japan,久米郡,,2,50.0
34.828156,134.720154,JP,Japan,揖保郡,,1,50.0
34.820698,134.490326,JP,Japan,たつの市,,1,50.0
34.816597,135.654633,JP,Japan,三島郡 (Mishima District),,1,50.0
34.813217,135.67955,JP,Japan,枚方市,,1,50.0
34.795338,138.179596,JP,Japan,牧之原市,,1,50.0
34.786415,137.387238,JP,Japan,額田郡,,1,50.0
34.774353,137.989578,JP,Japan,掛川市,,1,50.0
34.745598,135.764801,JP,Japan,相楽郡,,1,50.0
34.702602,137.85054,JP,Japan,磐田市,,1,50.0
34.69989,133.115784,JP,Japan,世羅郡,,1,50.0
34.692711,137.645309,JP,Japan,浜松市,,1,50.0
34.688416,135.411987,JP,Japan,泉北郡,,1,50.0
34.684319,133.99472,JP,Japan,岡山市,,1,90.0
34.682743,138.950516,JP,Japan,下田市,,1,50.0
34.602535,133.778839,JP,Japan,倉敷市,,2,50.0
34.601261,133.944778,JP,Japan,岡山市,,1,50.0
34.558449,135.008743,JP,Japan,加古郡,,1,50.0
34.491627,133.400314,JP,Japan,神石郡,,2,50.0
34.466034,133.398529,JP,Japan,神石郡,,1,50.0
34.379528,132.423141,JP,Japan,山県郡,,1,50.0
34.335548,134.055527,JP,Japan,三木郡,,1,50.0
34.302258,135.559921,JP,Japan,,,1,50.0
34.295414,133.175156,JP,Japan,尾道市,,1,50.0
34.249271,132.565811,JP,Japan,呉市,,1,50.0
34.210423,135.185745,JP,Japan,和歌山市,,1,50.0
34.161991,131.489151,JP,Japan,山口市,,1,50.0
34.160358,134.591949,JP,Japan,板野郡,,1,50.0
34.061535,135.197784,JP,Japan,有田川町,,1,50.0
34.042011,134.063919,JP,Japan,美馬郡,,1,50.0
34.027527,133.819397,JP,Japan,三好郡,,1,50.0
34.01833,131.00177,JP,Japan,下関市,,1,50.0
33.859451,130.847321,JP,Japan,北九州市,,1,50.0
33.646648,130.7202,JP,Japan,飯塚市,,1,50.0
33.593887,131.196136,JP,Japan,中津市,,3,50.0
33.568012,130.23111,JP,Japan,糸島市,,1,50.0
33.474857,131.731201,JP,Japan,国東市,,1,50.0
33.409187,130.654648,JP,Japan,朝倉市,,1,50.0
33.312893,130.937576,JP,Japan,玖珠郡,,1,50.0
33.234039,131.681503,JP,Japan,大分市,,1,50.0
33.220116,130.058289,JP,Japan,大町町,,1,50.0
33.215973,131.606308,JP,Japan,速見郡,,7,50.0
33.188751,131.581802,JP,Japan,大分市,,1,50.0
33.177578,130.399445,JP,Japan,柳川市,,1,50.0
32.831711,130.001495,JP,Japan,諫早市,,1,50.0
32.798985,129.854156,JP,Japan,西彼杵郡,,1,50.0
32.768391,130.724335,JP,Japan,熊本市,,2,50.0
32.692181,128.849579,JP,Japan,南松浦郡,,1,50.0
32.546196,131.677048,JP,Japan,東臼杵郡 (Higashiusuki),,1,50.0
32.450054,130.206436,JP,Japan,葦北郡,,2,50.0
32.111115,130.341476,JP,Japan,出水市,,1,50.0
31.978304,130.998352,JP,Japan,小林市,,1,50.0
31.92318,131.390289,JP,Japan,東諸県郡,,1,50.0
31.753229,131.0802,JP,Japan,都城市,,1,50.0
31.744625,130.762543,JP,Japan,姶良郡 (Aira),,1,50.0
31.594507,131.388474,JP,Japan,日南市,,1,50.0
31.577356,131.008682,JP,Japan,曽於市,,1,50.0
30.431194,130.568832,JP,Japan,屋久島町,,1,50.0
33.589599,130.395646,JP,Japan,福岡市,,1,0.0
35.668447,139.74666,JP,Japan,東京,,1,0.0
35.940418,140.269719,JP,Japan,稲敷市,,1,0.0
35.6222,139.737005,JP,Japan,東京,,1,0.0
36.818146,137.581561,JP,Japan,黒部市,,1,0.0
35.625908,134.814827,JP,Japan,豊岡市,,1,0.0
35.664689,139.743311,JP,Japan,東京,,1,0.0
35.109104,134.67705,JP,Japan,神崎郡,,1,0.0
34.808328,135.498017,JP,Japan,豊中市,,1,0.0
34.937613,139.126078,JP,Japan,伊東市,,1,0.0
38.256466,140.876208,JP,Japan,仙台市,,1,0.0
35.682527,139.769425,JP,Japan,千代田区,,1,0.0
34.677368,138.971922,JP,Japan,下田市,,1,0.0
34.68886,135.488,JP,Japan,大阪市,,1,0.0
36.34395,138.618486,JP,Japan,北佐久郡,,1,0.0
35.35057,140.134328,JP,Japan,市原市,,1,0.0
35.146682,139.831461,JP,Japan,安房郡,,1,0.0
35.627007,139.875051,JP,Japan,浦安市,,1,0.0
34.904658,139.875453,JP,Japan,南房総市,,1,0.0
36.651715,139.869979,JP,Japan,宇都宮市,,1,0.0
35.627596,139.419324,JP,Japan,多摩市,,1,0.0
35.669737,139.768053,JP,Japan, 東京,,1,0.0
35.503294,139.488579,JP,Japan,横浜市,,1,0.0
35.515815,139.568536,JP,Japan,横浜市,,1,0.0
34.657427,135.225098,JP,Japan,神戸市,,1,0.0
35.426015,139.537548,JP,Japan,横浜市,,1,0.0
35.617718,139.777127,JP,Japan,江東区,,1,0.0
34.701437,135.510436,JP,Japan,大阪市,,1,0.0
35.68465,139.761435,JP,Japan,千代田区,,1,0.0
35.660078,139.728321,JP,Japan,港区,,1,0.0
36.569026,136.626806,JP,Japan,金沢市,,1,0.0
36.79654,137.4184,JP,Japan,魚津市,,1,0.0
36.873663,137.449013,JP,Japan,黒部市,,1,0.0
37.525963,137.324419,JP,Japan,珠洲市,,2,0.0
36.343691,138.61305,JP,Japan,佐久郡軽井沢町,,2,0.0
36.345183,138.615026,JP,Japan,北佐久郡軽井沢町,,1,3.0
36.339088,138.632538,JP,Japan,北佐久郡軽井沢町,,5,20.0
35.625873,139.546089,JP,Japan,"川崎市,",,1,50.0
33.994647,130.925074,JP,Japan,,,1,48.0
34.306034,130.88612,JP,Japan,,,1,48.0
35.410225,136.75422,JP,Japan,,,1,48.0
35.402349,139.314362,JP,Japan,,,1,48.0
34.365326,132.531178,JP,Japan,,,1,48.0
34.826784,137.375578,JP,Japan,,,1,48.0
35.432894,133.385224,JP,Japan,,,1,48.0
35.393122,134.202954,JP,Japan,,,1,48.0
35.502407,134.231997,JP,Japan,,,1,48.0
34.598157,133.769003,JP,Japan,,,1,48.0
34.685412,135.80372,JP,Japan,,,1,48.0
34.05093,131.562754,JP,Japan,,,1,48.0
35.00464,136.227992,JP,Japan,,,1,48.0
36.296714,139.625248,JP,Japan,,,1,48.0
35.005369,135.973679,JP,Japan,,,1,48.0
35.21267,134.794552,JP,Japan,,,1,48.0
36.228357,139.179497,JP,Japan,,,1,48.0
38.020858,138.363432,JP,Japan,,,1,48.0
38.071429,138.443,JP,Japan,,,1,48.0
38.398856,140.270883,JP,Japan,,,1,48.0
38.487146,140.38231,JP,Japan,,,1,48.0
34.71868,135.417752,JP,Japan,,,1,48.0
38.255436,140.339604,JP,Japan,,,1,48.0
35.26344,136.981844,JP,Japan,,,1,48.0
34.259674,135.219934,JP,Japan,,,1,48.0
26.732087,128.169277,JP,Japan,,,1,48.0
24.788133,125.280529,JP,Japan,,,1,48.0
26.194656,127.723661,JP,Japan,,,1,48.0
26.244842,127.698144,JP,Japan,,,1,48.0
31.801617,130.713693,JP,Japan,,,1,48.0
30.405289,130.430295,JP,Japan,,,1,48.0
30.267665,130.421538,JP,Japan,,,1,48.0
30.321516,130.655419,JP,Japan,,,1,48.0
32.219612,131.540117,JP,Japan,,,1,48.0
32.682937,131.19649,JP,Japan,,,1,48.0
33.305167,131.49724,JP,Japan,,,1,48.0
33.272063,131.508462,JP,Japan,,,1,48.0
33.266491,131.360375,JP,Japan,,,1,48.0
33.556345,131.436078,JP,Japan,,,1,48.0
32.965198,131.838446,JP,Japan,,,1,48.0
33.188112,131.579321,JP,Japan,,,1,48.0
33.211212,131.608201,JP,Japan,,,1,48.0
32.761675,130.68904,JP,Japan,,,1,48.0
32.811357,130.774425,JP,Japan,,,1,48.0
32.214384,130.741766,JP,Japan,,,1,48.0
32.770966,130.720412,JP,Japan,,,1,48.0
33.123035,131.064673,JP,Japan,,,1,48.0
32.93673,131.080844,JP,Japan,,,1,48.0
32.811039,130.697781,JP,Japan,,,1,48.0
32.194691,130.026818,JP,Japan,,,1,48.0
32.458668,130.193234,JP,Japan,,,1,48.0
32.22297,130.732347,JP,Japan,,,1,48.0
32.77519,130.695983,JP,Japan,,,1,48.0
32.784535,130.767038,JP,Japan,,,1,48.0
32.841457,130.778659,JP,Japan,,,1,48.0
32.915887,129.95035,JP,Japan,,,1,48.0
32.761872,129.860359,JP,Japan,,,1,48.0
33.445981,129.96959,JP,Japan,,,1,48.0
33.096582,129.985555,JP,Japan,,,1,48.0
33.369462,130.492156,JP,Japan,,,1,48.0
33.196459,130.024822,JP,Japan,,,1,48.0
33.370122,130.405877,JP,Japan,,,1,48.0
33.442717,130.120336,JP,Japan,,,1,48.0
33.421864,130.276127,JP,Japan,,,1,48.0
33.334331,130.39343,JP,Japan,,,1,48.0
33.21534,129.849919,JP,Japan,,,1,48.0
33.21474,130.049239,JP,Japan,,,1,48.0
33.411536,130.531329,JP,Japan,,,1,48.0
33.111894,130.086146,JP,Japan,,,1,48.0
33.463701,129.94067,JP,Japan,,,1,48.0
33.252099,130.274913,JP,Japan,,,1,48.0
33.568274,130.344582,JP,Japan,,,1,48.0
33.787325,130.738714,JP,Japan,,,1,48.0
33.602086,130.41714,JP,Japan,,,1,48.0
33.050118,130.443744,JP,Japan,,,1,48.0
33.872312,130.849253,JP,Japan,,,1,48.0
33.769631,130.496093,JP,Japan,,,1,48.0
33.758247,130.720861,JP,Japan,,,1,48.0
33.542302,130.486743,JP,Japan,,,1,48.0
33.775955,130.980502,JP,Japan,,,1,48.0
33.881736,130.883111,JP,Japan,,,1,48.0
33.57139,130.450395,JP,Japan,,,1,48.0
33.728813,130.982754,JP,Japan,,,1,48.0
33.867754,130.870982,JP,Japan,,,1,48.0
33.870764,130.803507,JP,Japan,,,1,48.0
33.88055,130.873779,JP,Japan,,,1,48.0
33.85074,130.896398,JP,Japan,,,1,48.0
33.615362,130.409718,JP,Japan,,,1,48.0
33.581282,130.399324,JP,Japan,,,1,48.0
33.58439,130.402868,JP,Japan,,,1,48.0
33.270218,130.538601,JP,Japan,,,1,48.0
33.566396,130.455067,JP,Japan,,,1,48.0
33.874848,130.853867,JP,Japan,,,1,48.0
33.567625,130.34642,JP,Japan,,,1,48.0
33.590935,130.429112,JP,Japan,,,1,48.0
33.770344,130.485122,JP,Japan,,,1,48.0
33.513985,130.475151,JP,Japan,,,1,48.0
33.581986,130.438626,JP,Japan,,,1,48.0
33.581222,130.43104,JP,Japan,,,1,48.0
33.597645,130.448816,JP,Japan,,,1,48.0
33.39373,132.926681,JP,Japan,,,1,48.0
33.503891,133.897745,JP,Japan,,,1,48.0
33.569836,133.561339,JP,Japan,,,1,48.0
33.834912,132.709384,JP,Japan,,,1,48.0
33.827985,132.725297,JP,Japan,,,1,48.0
33.849681,132.787121,JP,Japan,,,1,48.0
33.84429,132.772823,JP,Japan,,,1,48.0
33.807733,132.78124,JP,Japan,,,1,48.0
33.813482,132.777626,JP,Japan,,,1,48.0
34.064448,132.995166,JP,Japan,,,1,48.0
34.318112,134.073937,JP,Japan,,,1,48.0
34.068785,134.34669,JP,Japan,,,1,48.0
34.038448,134.568687,JP,Japan,,,1,48.0
34.015153,131.84843,JP,Japan,,,1,48.0
34.06986,131.787047,JP,Japan,,,1,48.0
34.055369,131.584378,JP,Japan,,,1,48.0
34.303426,131.576326,JP,Japan,,,1,48.0
34.017627,131.839414,JP,Japan,,,1,48.0
34.053719,131.556881,JP,Japan,,,1,48.0
34.408006,131.399066,JP,Japan,,,1,48.0
34.149801,131.434478,JP,Japan,,,1,48.0
34.368609,131.182392,JP,Japan,,,1,48.0
34.172562,132.219487,JP,Japan,,,1,48.0
33.969009,130.937453,JP,Japan,,,1,48.0
34.028932,131.843472,JP,Japan,,,1,48.0
34.381654,132.428649,JP,Japan,,,1,48.0
34.518252,132.507808,JP,Japan,,,1,48.0
34.392237,132.456318,JP,Japan,,,1,48.0
34.420039,132.398013,JP,Japan,,,1,48.0
34.396559,132.459582,JP,Japan,,,1,48.0
34.377298,132.502765,JP,Japan,,,1,48.0
34.390156,132.421224,JP,Japan,,,1,48.0
34.311907,132.304723,JP,Japan,,,1,48.0
34.777792,132.866566,JP,Japan,,,1,48.0
34.424989,133.238207,JP,Japan,,,1,48.0
34.905663,133.266327,JP,Japan,,,1,48.0
34.217543,132.678044,JP,Japan,,,1,48.0
34.370418,132.525297,JP,Japan,,,1,48.0
34.397462,133.103556,JP,Japan,,,1,48.0
34.406161,132.961639,JP,Japan,,,1,48.0
34.413368,132.459064,JP,Japan,,,1,48.0
34.343945,132.912174,JP,Japan,,,1,48.0
35.180025,134.335454,JP,Japan,,,1,48.0
34.991624,134.133043,JP,Japan,,,1,48.0
34.856224,133.907287,JP,Japan,,,1,48.0
35.223302,133.922889,JP,Japan,,,1,48.0
35.095372,134.325531,JP,Japan,,,1,48.0
34.977064,133.470188,JP,Japan,,,1,48.0
34.796242,133.615425,JP,Japan,,,1,48.0
35.175859,133.571989,JP,Japan,,,1,48.0
35.075581,133.75276,JP,Japan,,,1,48.0
35.276874,133.623328,JP,Japan,,,1,48.0
34.744946,134.19298,JP,Japan,,,1,48.0
34.549009,133.735949,JP,Japan,,,1,48.0
34.669558,133.927411,JP,Japan,,,1,48.0
34.661729,133.934969,JP,Japan,,,1,48.0
34.603227,133.946582,JP,Japan,,,1,48.0
34.656559,133.915065,JP,Japan,,,1,48.0
34.761269,133.854657,JP,Japan,,,1,48.0
34.603404,133.764147,JP,Japan,,,1,48.0
34.603395,133.74576,JP,Japan,,,1,48.0
34.527792,133.740261,JP,Japan,,,1,48.0
34.58507,133.771953,JP,Japan,,,1,48.0
34.525587,133.732539,JP,Japan,,,1,48.0
34.533039,133.735344,JP,Japan,,,1,48.0
35.222122,132.513942,JP,Japan,,,1,48.0
35.389196,132.686159,JP,Japan,,,1,48.0
34.99901,132.713669,JP,Japan,,,1,48.0
35.089968,132.784728,JP,Japan,,,1,48.0
35.409527,133.312433,JP,Japan,,,1,48.0
35.491104,133.176694,JP,Japan,,,1,48.0
35.340086,134.40078,JP,Japan,,,1,48.0
35.498067,133.761812,JP,Japan,,,1,48.0
35.539628,133.231504,JP,Japan,,,1,48.0
35.456303,133.361972,JP,Japan,,,1,48.0
35.439499,133.844302,JP,Japan,,,1,48.0
35.429756,133.825507,JP,Japan,,,1,48.0
35.410987,133.896238,JP,Japan,,,1,48.0
35.506633,133.662611,JP,Japan,,,1,48.0
35.387397,133.396322,JP,Japan,,,1,48.0
35.444071,133.498808,JP,Japan,,,1,48.0
35.504411,133.502683,JP,Japan,,,1,48.0
35.394999,133.530466,JP,Japan,,,1,48.0
35.445527,133.384806,JP,Japan,,,1,48.0
35.304794,133.325357,JP,Japan,,,1,48.0
35.575949,134.332077,JP,Japan,,,1,48.0
35.514342,134.216651,JP,Japan,,,1,48.0
35.47904,133.848922,JP,Japan,,,1,48.0
35.508212,134.201075,JP,Japan,,,1,48.0
35.539648,134.237528,JP,Japan,,,1,48.0
35.502833,134.238369,JP,Japan,,,1,48.0
34.315778,135.603705,JP,Japan,,,1,48.0
34.415973,134.79289,JP,Japan,,,1,48.0
35.62414,134.449002,JP,Japan,,,1,48.0
35.458061,134.965963,JP,Japan,,,1,48.0
35.378939,134.784415,JP,Japan,,,1,48.0
34.338233,134.734826,JP,Japan,,,1,48.0
34.833638,134.56372,JP,Japan,,,1,48.0
34.664997,135.163361,JP,Japan,,,1,48.0
34.666218,135.581479,JP,Japan,,,1,48.0
34.816524,135.556272,JP,Japan,,,1,48.0
34.758584,135.628121,JP,Japan,,,1,48.0
34.573743,135.482886,JP,Japan,,,1,48.0
34.609478,135.511632,JP,Japan,,,1,48.0
34.731743,135.499075,JP,Japan,,,1,48.0
34.690118,135.410581,JP,Japan,,,1,48.0
35.421952,135.329499,JP,Japan,,,1,48.0
35.4748,135.386219,JP,Japan,,,1,48.0
34.893238,135.746258,JP,Japan,,,1,48.0
34.725898,135.790595,JP,Japan,,,1,48.0
34.891655,135.747233,JP,Japan,,,1,48.0
35.310572,135.639373,JP,Japan,,,1,48.0
35.300578,135.260949,JP,Japan,,,1,48.0
35.539512,135.192608,JP,Japan,,,1,48.0
35.01448,135.566714,JP,Japan,,,1,48.0
35.155291,135.427936,JP,Japan,,,1,48.0
35.338304,134.930586,JP,Japan,,,1,48.0
35.291904,135.133343,JP,Japan,,,1,48.0
35.6083,135.082711,JP,Japan,,,1,48.0
35.674687,135.068412,JP,Japan,,,1,48.0
34.951203,135.810347,JP,Japan,,,1,48.0
35.010482,135.766218,JP,Japan,,,1,48.0
35.010829,135.766079,JP,Japan,,,1,48.0
34.97501,135.74674,JP,Japan,,,1,48.0
34.984484,135.754625,JP,Japan,,,1,48.0
35.004137,135.713164,JP,Japan,,,1,48.0
35.050974,135.766291,JP,Japan,,,1,48.0
34.947382,135.750433,JP,Japan,,,1,48.0
34.995071,135.714614,JP,Japan,,,1,48.0
35.02178,135.755399,JP,Japan,,,1,48.0
35.326136,136.029965,JP,Japan,,,1,48.0
34.99876,135.911478,JP,Japan,,,1,48.0
35.243754,136.249842,JP,Japan,,,1,48.0
35.029717,135.99294,JP,Japan,,,1,48.0
35.004952,136.130763,JP,Japan,,,1,48.0
35.062231,136.683808,JP,Japan,,,1,48.0
34.556754,136.524378,JP,Japan,,,1,48.0
35.168982,136.901977,JP,Japan,,,1,48.0
34.880175,136.831218,JP,Japan,,,1,48.0
34.705983,137.35398,JP,Japan,,,1,48.0
35.341769,136.92632,JP,Japan,,,1,48.0
34.991166,137.127286,JP,Japan,,,1,48.0
35.140121,136.914066,JP,Japan,,,1,48.0
34.769236,137.39151,JP,Japan,,,1,48.0
35.10564,138.920662,JP,Japan,,,1,48.0
34.762605,137.824211,JP,Japan,,,1,48.0
34.760606,137.720872,JP,Japan,,,1,48.0
34.724614,137.776558,JP,Japan,,,1,48.0
34.85428,138.246891,JP,Japan,,,1,48.0
34.872582,137.81624,JP,Japan,,,1,48.0
34.710851,137.726171,JP,Japan,,,1,48.0
34.707407,137.728166,JP,Japan,,,1,48.0
35.001021,138.43371,JP,Japan,,,1,48.0
34.793253,138.181549,JP,Japan,,,1,48.0
34.727451,137.851921,JP,Japan,,,1,48.0
34.976428,138.38316,JP,Japan,,,1,48.0
34.975475,138.387265,JP,Japan,,,1,48.0
34.750404,137.841991,JP,Japan,,,1,48.0
35.106664,138.857031,JP,Japan,,,1,48.0
35.290099,138.928684,JP,Japan,,,1,48.0
35.179458,138.662586,JP,Japan,,,1,48.0
35.428867,136.991755,JP,Japan,,,1,48.0
35.364129,137.442798,JP,Japan,,,1,48.0
35.265276,136.558507,JP,Japan,,,1,48.0
35.359475,137.194972,JP,Japan,,,1,48.0
35.365648,136.486891,JP,Japan,,,1,48.0
35.824453,136.888806,JP,Japan,,,1,48.0
36.146125,137.252184,JP,Japan,高山市,,1,48.0
35.323665,137.202575,JP,Japan,,,1,48.0
36.348327,138.596982,JP,Japan,,,1,48.0
36.238128,137.972586,JP,Japan,,,1,48.0
36.164208,137.655263,JP,Japan,,,1,48.0
35.965815,137.814504,JP,Japan,,,1,48.0
36.276838,138.332038,JP,Japan,,,1,48.0
36.23107,137.945772,JP,Japan,,,1,48.0
36.133039,137.954754,JP,Japan,,,1,48.0
36.06602,138.072116,JP,Japan,,,1,48.0
36.121848,137.624962,JP,Japan,,,1,48.0
36.235322,137.968392,JP,Japan,,,1,48.0
35.676247,138.507212,JP,Japan,,,1,48.0
35.478767,138.773302,JP,Japan,,,1,48.0
35.407496,138.869314,JP,Japan,,,1,48.0
35.502852,138.989002,JP,Japan,,,1,48.0
35.504575,138.734443,JP,Japan,,,1,48.0
35.497368,138.755019,JP,Japan,,,1,48.0
35.633592,136.048004,JP,Japan,,,1,48.0
35.883798,136.177996,JP,Japan,,,1,48.0
35.488541,135.595754,JP,Japan,,,1,48.0
35.395179,135.584518,JP,Japan,,,1,48.0
35.453733,135.565594,JP,Japan,,,1,48.0
35.482928,135.619447,JP,Japan,,,1,48.0
35.984087,136.487249,JP,Japan,,,1,48.0
36.09639,136.250233,JP,Japan,,,1,48.0
36.079064,136.220267,JP,Japan,,,1,48.0
36.679328,136.7204,JP,Japan,,,1,48.0
36.53305,136.606958,JP,Japan,,,1,48.0
36.524684,136.572739,JP,Japan,,,1,48.0
36.559667,136.656533,JP,Japan,,,1,48.0
36.557463,136.875407,JP,Japan,,,1,48.0
36.860745,137.541671,JP,Japan,,,1,48.0
36.698565,137.362827,JP,Japan,,,1,48.0
36.74395,137.124714,JP,Japan,,,1,48.0
36.689519,136.87664,JP,Japan,,,1,48.0
36.873642,137.449012,JP,Japan,,,1,48.0
36.727398,137.019868,JP,Japan,,,1,48.0
36.696005,137.24662,JP,Japan,,,1,48.0
36.827405,137.409075,JP,Japan,,,1,48.0
36.747945,136.983634,JP,Japan,,,1,48.0
36.754106,137.025719,JP,Japan,,,1,48.0
36.629336,137.205076,JP,Japan,,,1,48.0
36.695907,137.21092,JP,Japan,,,1,48.0
37.134393,138.76136,JP,Japan,,,1,48.0
36.926299,138.824445,JP,Japan,,,1,48.0
37.0033,137.729454,JP,Japan,,,1,48.0
37.395217,138.576572,JP,Japan,,,1,48.0
37.706711,138.998567,JP,Japan,,,1,48.0
35.543378,139.642246,JP,Japan,,,1,48.0
35.333321,139.382355,JP,Japan,,,1,48.0
35.464415,139.356643,JP,Japan,,,1,48.0
35.260051,139.177673,JP,Japan,,,1,48.0
35.373555,139.20199,JP,Japan,,,1,48.0
35.532547,139.706052,JP,Japan,,,1,48.0
35.538154,139.664667,JP,Japan,,,1,48.0
35.333203,139.46264,JP,Japan,,,1,48.0
35.335534,139.512072,JP,Japan,,,1,48.0
35.426471,139.483631,JP,Japan,,,1,48.0
35.420513,139.62617,JP,Japan,,,1,48.0
35.452407,139.609231,JP,Japan,,,1,48.0
35.36241,139.575977,JP,Japan,,,1,48.0
35.571426,139.373039,JP,Japan,,,1,48.0
35.59067,139.294039,JP,Japan,,,1,48.0
35.591104,139.349535,JP,Japan,,,1,48.0
35.420963,139.428928,JP,Japan,,,1,48.0
35.489325,139.425436,JP,Japan,,,1,48.0
35.488925,139.408704,JP,Japan,,,1,48.0
35.43489,139.466521,JP,Japan,,,1,48.0
35.491653,139.45865,JP,Japan,,,1,48.0
35.487037,139.457878,JP,Japan,,,1,48.0
35.568158,139.562468,JP,Japan,,,1,48.0
35.543744,139.602808,JP,Japan,,,1,48.0
35.514554,139.687858,JP,Japan,,,1,48.0
35.524964,139.683077,JP,Japan,,,1,48.0
35.406468,139.346338,JP,Japan,,,1,48.0
35.347339,139.375863,JP,Japan,,,1,48.0
35.482084,139.276479,JP,Japan,,,1,48.0
35.363227,139.398336,JP,Japan,,,1,48.0
35.334399,139.406237,JP,Japan,,,1,48.0
35.443276,139.362257,JP,Japan,,,1,48.0
35.37312,139.384392,JP,Japan,,,1,48.0
35.462244,139.390821,JP,Japan,,,1,48.0
35.327841,139.346756,JP,Japan,,,1,48.0
35.328302,139.360313,JP,Japan,,,1,48.0
35.338351,139.34998,JP,Japan,,,1,48.0
35.371514,139.202202,JP,Japan,,,1,48.0
35.339781,139.162334,JP,Japan,,,1,48.0
35.330744,139.218841,JP,Japan,,,1,48.0
35.342807,139.128109,JP,Japan,,,1,48.0
35.142135,139.15903,JP,Japan,,,1,48.0
35.142059,139.093052,JP,Japan,,,1,48.0
35.194202,139.027008,JP,Japan,,,1,48.0
35.242069,139.001236,JP,Japan,,,1,48.0
35.283704,139.187457,JP,Japan,,,1,48.0
35.262558,139.15275,JP,Japan,,,1,48.0
35.625837,139.546111,JP,Japan,,,1,48.0
35.59876,139.564183,JP,Japan,,,1,48.0
35.530503,139.713802,JP,Japan,,,1,48.0
35.299059,139.574132,JP,Japan,,,1,48.0
35.535294,139.395411,JP,Japan,,,1,48.0
35.398961,139.536328,JP,Japan,,,1,48.0
35.338703,139.49094,JP,Japan,,,1,48.0
35.319576,139.546823,JP,Japan,,,1,48.0
35.327666,139.523074,JP,Japan,,,1,48.0
35.243433,139.688659,JP,Japan,,,1,48.0
35.252743,139.639146,JP,Japan,,,1,48.0
35.388703,139.483905,JP,Japan,,,1,48.0
35.33947,139.484663,JP,Japan,,,1,48.0
35.330151,139.457435,JP,Japan,,,1,48.0
35.309012,139.487178,JP,Japan,,,1,48.0
35.37639,139.589247,JP,Japan,,,1,48.0
35.481252,139.663045,JP,Japan,,,1,48.0
35.489175,139.605285,JP,Japan,,,1,48.0
35.457032,139.634131,JP,Japan,,,1,48.0
35.455032,139.631287,JP,Japan,,,1,48.0
35.463473,139.62614,JP,Japan,,,1,48.0
35.448383,139.641567,JP,Japan,,,1,48.0
35.688405,139.683083,JP,Japan,,,1,48.0
35.619135,139.677026,JP,Japan,,,1,48.0
35.586534,139.411366,JP,Japan,,,1,48.0
35.547163,139.44469,JP,Japan,,,1,48.0
35.806116,139.759277,JP,Japan,,,1,48.0
35.667392,139.764397,JP,Japan,,,1,48.0
35.690695,139.616442,JP,Japan,,,1,48.0
35.776218,139.842766,JP,Japan,,,1,48.0
35.701304,139.348672,JP,Japan,,,1,48.0
35.746427,139.384917,JP,Japan,,,1,48.0
35.735827,139.654078,JP,Japan,,,1,48.0
35.732606,139.656506,JP,Japan,,,1,48.0
35.738898,139.713015,JP,Japan,,,1,48.0
35.755515,139.688666,JP,Japan,,,1,48.0
35.656353,139.699433,JP,Japan,,,1,48.0
35.694143,139.814039,JP,Japan,,,1,48.0
35.672756,139.817309,JP,Japan,,,1,48.0
35.668656,139.790859,JP,Japan,,,1,48.0
35.681266,139.776854,JP,Japan,,,1,48.0
35.662015,139.782318,JP,Japan,,,1,48.0
35.688838,139.788247,JP,Japan,,,1,48.0
35.690948,139.75743,JP,Japan,,,1,48.0
35.685165,139.769457,JP,Japan,,,1,48.0
35.678036,139.768541,JP,Japan,,,1,48.0
35.670784,139.772682,JP,Japan,,,1,48.0
35.693975,139.753652,JP,Japan,,,1,48.0
35.658424,139.754123,JP,Japan,,,1,48.0
35.665611,139.738849,JP,Japan,,,1,48.0
35.676894,139.766113,JP,Japan,,,1,48.0
35.678952,139.763077,JP,Japan,,,1,48.0
35.73618,139.795094,JP,Japan,,,1,48.0
35.733033,139.78452,JP,Japan,,,1,48.0
35.719316,139.857337,JP,Japan,,,1,48.0
35.752471,139.852539,JP,Japan,,,1,48.0
35.743455,139.847242,JP,Japan,,,1,48.0
35.632454,139.72523,JP,Japan,,,1,48.0
35.601632,139.731483,JP,Japan,,,1,48.0
35.549527,139.788239,JP,Japan,,,1,48.0
35.698735,139.409989,JP,Japan,,,1,48.0
35.683901,139.442248,JP,Japan,,,1,48.0
35.710789,139.364003,JP,Japan,,,1,48.0
35.724074,139.05372,JP,Japan,,,1,48.0
35.726956,139.148726,JP,Japan,,,1,48.0
35.651779,139.542299,JP,Japan,,,1,48.0
35.663283,140.01772,JP,Japan,,,1,48.0
35.434698,139.935588,JP,Japan,,,1,48.0
35.731087,140.824448,JP,Japan,,,1,48.0
35.802264,140.112212,JP,Japan,,,1,48.0
35.712008,139.978813,JP,Japan,,,1,48.0
35.864461,139.96886,JP,Japan,,,1,48.0
35.954524,139.661951,JP,Japan,,,1,48.0
36.085722,139.558595,JP,Japan,,,1,48.0
35.817702,139.6764,JP,Japan,,,1,48.0
35.829371,139.872247,JP,Japan,,,1,48.0
35.92469,139.487302,JP,Japan,,,1,48.0
35.954138,139.705275,JP,Japan,,,1,48.0
36.131051,139.601656,JP,Japan,,,1,48.0
35.941179,139.716352,JP,Japan,,,1,48.0
35.932087,139.638129,JP,Japan,,,1,48.0
35.856155,139.610309,JP,Japan,,,1,48.0
35.93527,139.654338,JP,Japan,,,1,48.0
35.925228,139.579617,JP,Japan,,,1,48.0
35.906473,139.628678,JP,Japan,,,1,48.0
35.909833,139.627311,JP,Japan,,,1,48.0
35.930042,139.620844,JP,Japan,,,1,48.0
35.859787,139.865977,JP,Japan,,,1,48.0
36.042473,139.399393,JP,Japan,,,1,48.0
35.99865,139.085766,JP,Japan,,,1,48.0
35.977798,139.13519,JP,Japan,,,1,48.0
35.861508,139.645451,JP,Japan,,,1,48.0
36.350764,139.006165,JP,Japan,,,1,48.0
36.324948,139.014846,JP,Japan,,,1,48.0
36.650878,139.062632,JP,Japan,,,1,48.0
36.614718,138.589981,JP,Japan,,,1,48.0
36.321903,139.003163,JP,Japan,,,1,48.0
36.10921,138.898176,JP,Japan,,,1,48.0
36.311397,139.196845,JP,Japan,,,1,48.0
36.469406,139.094349,JP,Japan,,,1,48.0
36.331448,139.096191,JP,Japan,,,1,48.0
36.389036,139.064714,JP,Japan,,,1,48.0
36.77272,139.225302,JP,Japan,,,1,48.0
36.687927,139.105938,JP,Japan,,,1,48.0
36.728988,138.890062,JP,Japan,,,1,48.0
36.764875,138.968279,JP,Japan,,,1,48.0
36.697854,138.981101,JP,Japan,,,1,48.0
36.696659,138.907787,JP,Japan,,,1,48.0
36.441372,139.035344,JP,Japan,,,1,48.0
36.646083,139.044156,JP,Japan,,,1,48.0
36.650522,139.042209,JP,Japan,,,1,48.0
36.612804,139.068914,JP,Japan,,,1,48.0
36.558088,139.889018,JP,Japan,,,1,48.0
36.693454,139.859181,JP,Japan,,,1,48.0
36.807676,139.920615,JP,Japan,,,1,48.0
37.096857,140.004339,JP,Japan,,,1,48.0
36.789071,139.701795,JP,Japan,,,1,48.0
36.49006,139.908186,JP,Japan,,,1,48.0
36.528649,139.86243,JP,Japan,,,1,48.0
36.76459,140.136002,JP,Japan,,,1,48.0
36.327401,139.843315,JP,Japan,,,1,48.0
36.438693,139.909119,JP,Japan,,,1,48.0
36.406814,139.810448,JP,Japan,,,1,48.0
36.396466,139.883826,JP,Japan,,,1,48.0
36.343822,139.572135,JP,Japan,,,1,48.0
36.308204,139.760462,JP,Japan,,,1,48.0
36.325242,139.810118,JP,Japan,,,1,48.0
37.042424,140.010577,JP,Japan,,,1,48.0
36.459685,139.912734,JP,Japan,,,1,48.0
36.741073,139.492384,JP,Japan,,,1,48.0
36.929434,139.687942,JP,Japan,,,1,48.0
36.726144,139.684022,JP,Japan,,,1,48.0
36.749665,139.610421,JP,Japan,,,1,48.0
36.722678,139.708633,JP,Japan,,,1,48.0
36.463615,140.086561,JP,Japan,,,1,48.0
36.56617,139.867458,JP,Japan,,,1,48.0
36.565873,139.883559,JP,Japan,,,1,48.0
35.983378,140.237682,JP,Japan,,,1,48.0
36.130035,140.091565,JP,Japan,,,1,48.0
36.5992,140.651508,JP,Japan,,,1,48.0
37.358205,140.367275,JP,Japan,,,1,48.0
36.935139,140.847926,JP,Japan,,,1,48.0
38.149563,140.267874,JP,Japan,,,1,48.0
38.24045,140.363712,JP,Japan,,,1,48.0
39.700111,140.731062,JP,Japan,,,1,48.0
38.265923,140.880779,JP,Japan,,,1,48.0
38.627214,141.188259,JP,Japan,,,1,48.0
38.436081,141.425481,JP,Japan,,,1,48.0
38.275999,140.868302,JP,Japan,,,1,48.0
39.339589,141.536306,JP,Japan,,,1,48.0
40.832889,140.690671,JP,Japan,,,1,48.0
40.429211,140.894353,JP,Japan,,,1,48.0
40.578272,140.992963,JP,Japan,,,1,48.0
40.612636,141.205052,JP,Japan,,,1,48.0
41.083925,141.256885,JP,Japan,,,1,48.0
40.979349,141.335061,JP,Japan,,,1,48.0
40.577879,140.300124,JP,Japan,,,1,48.0
40.717026,141.156077,JP,Japan,,,1,48.0
40.603724,140.468839,JP,Japan,,,1,48.0
40.788934,140.738502,JP,Japan,,,1,48.0
43.047079,141.412765,JP,Japan,,,1,48.0
42.349786,141.038742,JP,Japan,,,1,48.0
45.417441,141.677517,JP,Japan,,,1,48.0
44.069027,144.990721,JP,Japan,,,1,48.0
43.750307,142.382257,JP,Japan,,,1,48.0
43.102432,141.307399,JP,Japan,,,1,48.0
42.845085,141.61726,JP,Japan,,,1,48.0
41.822718,140.740019,JP,Japan,,,1,48.0
43.804054,142.424865,JP,Japan,,,1,48.0
43.094463,141.401961,JP,Japan,,,1,48.0
43.125467,141.345828,JP,Japan,,,1,48.0
43.046661,141.343187,JP,Japan,,,1,48.0
43.011433,141.434123,JP,Japan,,,1,48.0
41.777399,140.814801,JP,Japan,,,1,48.0
34.880263,136.584634,JP,Japan,,,1,48.0
35.218066,136.28318,JP,Japan,,,1,48.0
35.278322,136.846286,JP,Japan,,,1,48.0
36.271024,137.932189,JP,Japan,,,1,48.0
36.026935,138.078057,JP,Japan,,,1,48.0
35.679079,138.512574,JP,Japan,,,1,48.0
35.628288,139.046232,JP,Japan,,,1,48.0
26.274538,127.779841,JP,Japan,,,1,48.0
26.837978,128.287909,JP,Japan,,,1,48.0
26.630986,128.153755,JP,Japan,,,1,48.0
26.552181,127.970482,JP,Japan,,,1,48.0
26.21235,127.656991,JP,Japan,,,1,48.0
26.267582,127.716933,JP,Japan,,,1,48.0
26.677746,127.891355,JP,Japan,,,1,48.0
26.634073,128.035262,JP,Japan,,,1,48.0
26.523779,128.021274,JP,Japan,,,1,48.0
26.44914,127.849955,JP,Japan,,,1,48.0
26.461685,127.814949,JP,Japan,,,1,48.0
26.328459,127.902145,JP,Japan,,,1,48.0
26.321069,127.793008,JP,Japan,,,1,48.0
26.324973,127.755066,JP,Japan,,,1,48.0
26.19982,127.760766,JP,Japan,,,1,48.0
26.095078,127.699168,JP,Japan,,,1,48.0
32.695472,128.843518,JP,Japan,,,1,48.0
32.666569,128.670143,JP,Japan,,,1,48.0
32.846079,129.06151,JP,Japan,,,1,48.0
32.985815,129.114777,JP,Japan,,,1,48.0
32.984662,129.073492,JP,Japan,,,1,48.0
32.845905,128.943134,JP,Japan,,,1,48.0
32.738626,128.690374,JP,Japan,,,1,48.0
32.619582,128.613666,JP,Japan,,,1,48.0
32.695628,128.849949,JP,Japan,,,1,48.0
34.655545,133.905875,JP,Japan,,,1,48.0
35.219993,136.285009,JP,Japan,,,1,48.0
35.018856,136.590476,JP,Japan,,,1,48.0
35.240472,136.806532,JP,Japan,,,1,48.0
35.033667,137.135161,JP,Japan,,,1,48.0
34.954823,137.175156,JP,Japan,,,1,48.0
34.978518,138.292712,JP,Japan,,,1,48.0
35.153905,138.805903,JP,Japan,,,1,48.0
35.314047,138.961763,JP,Japan,,,1,48.0
35.16096,138.61754,JP,Japan,,,1,48.0
37.341557,138.598144,JP,Japan,,,1,48.0
37.944912,139.089206,JP,Japan,,,1,48.0
37.388621,138.571167,JP,Japan,,,1,48.0
35.553915,139.415134,JP,Japan,,,1,48.0
35.566988,139.564682,JP,Japan,,,1,48.0
35.432172,139.398833,JP,Japan,,,1,48.0
35.881873,139.828251,JP,Japan,,,1,48.0
43.099182,141.263761,JP,Japan,,,1,48.0
43.096138,141.26015,JP,Japan,,,1,48.0
42.976185,141.336402,JP,Japan,,,1,48.0
43.074612,141.401925,JP,Japan,,,1,48.0
34.685239,135.195467,JP,Japan,,,1,48.0
34.662895,135.445349,JP,Japan,,,1,48.0
33.849661,132.749329,JP,Japan,,,1,48.0
31.415879,130.321216,JP,Japan,,,1,48.0
31.260371,130.627714,JP,Japan,,,1,48.0
31.381525,130.826176,JP,Japan,,,1,48.0
31.786056,130.312788,JP,Japan,,,1,48.0
31.589004,130.547361,JP,Japan,,,1,48.0
31.538214,130.537514,JP,Japan,,,1,48.0
31.921516,131.400908,JP,Japan,,,1,48.0
32.002792,131.469455,JP,Japan,,,1,48.0
32.393292,131.62799,JP,Japan,,,1,48.0
31.759409,131.085081,JP,Japan,,,1,48.0
32.59373,131.676263,JP,Japan,,,1,48.0
31.950744,131.433049,JP,Japan,,,1,48.0
32.122863,131.521053,JP,Japan,,,1,48.0
31.921588,131.393398,JP,Japan,,,1,48.0
31.953055,131.433993,JP,Japan,,,1,48.0
33.118639,131.781152,JP,Japan,,,1,48.0
33.196567,131.609074,JP,Japan,,,1,48.0
32.984389,131.599735,JP,Japan,,,1,48.0
33.300476,131.502453,JP,Japan,,,1,48.0
33.231374,131.611386,JP,Japan,,,1,48.0
33.214823,131.611381,JP,Japan,,,1,48.0
32.812576,130.75031,JP,Japan,,,1,48.0
32.93466,131.061698,JP,Japan,,,1,48.0
32.503935,130.609586,JP,Japan,,,1,48.0
32.212801,130.744875,JP,Japan,,,1,48.0
32.784045,130.373254,JP,Japan,,,1,48.0
32.833278,130.044424,JP,Japan,,,1,48.0
32.729808,129.862596,JP,Japan,,,1,48.0
32.800268,130.363607,JP,Japan,,,1,48.0
32.911124,129.951611,JP,Japan,,,1,48.0
33.209065,129.69481,JP,Japan,,,1,48.0
33.14749,129.782698,JP,Japan,,,1,48.0
33.277861,129.869431,JP,Japan,,,1,48.0
33.429166,129.982829,JP,Japan,,,1,48.0
33.258265,130.304466,JP,Japan,,,1,48.0
33.718317,130.98338,JP,Japan,,,1,48.0
33.852942,130.89575,JP,Japan,,,1,48.0
33.763554,130.993288,JP,Japan,,,1,48.0
33.322596,130.551331,JP,Japan,,,1,48.0
33.863958,130.740535,JP,Japan,,,1,48.0
33.564119,133.662381,JP,Japan,,,1,48.0
33.55232,133.495187,JP,Japan,,,1,48.0
33.557404,133.700642,JP,Japan,,,1,48.0
35.524584,127.753213,KR,South Korea,Hamyang-gun,,1,115.0
37.7003,127.056,KR,South Korea,Uijeongbu-si,,1,250.0
37.229946,127.297904,KR,South Korea,Yongin-si,,1,250.0
37.27461,127.21222,KR,South Korea,Yongin-si,,1,250.0
37.225226,127.121328,KR,South Korea,Yongin-si,,1,250.0
34.72175,127.69938,KR,South Korea,South Jeolla,,1,250.0
37.179749,128.447012,KR,South Korea,Yeongwol-gun,,1,250.0
37.292869,127.659924,KR,South Korea,,,1,250.0
37.240252,127.613783,KR,South Korea,Yeoju-si,,1,250.0
38.0543,128.66041,KR,South Korea,Yangyang-gun,,1,250.0
38.15794,128.609466,KR,South Korea,Yangyang-gun,,1,250.0
35.327591,129.011813,KR,South Korea,Yangsan-si,,1,250.0
37.435072,127.818718,KR,South Korea,Wonju-si,,1,115.0
37.3455,127.9276,KR,South Korea,Wonju-si,,1,250.0
35.987115,127.117546,KR,South Korea,Wanju-gun,,1,250.0
35.5771,129.3571,KR,South Korea,Ulsan,,1,250.0
37.099472,129.02228,KR,South Korea,Taebaek-si,,1,250.0
37.2456,127.0624,KR,South Korea,Suwon-si,,1,250.0
37.264011,126.996636,KR,South Korea,Suwon-si,,1,115.0
37.293424,127.070232,KR,South Korea,Suwon-si,,1,250.0
37.2663,126.9997,KR,South Korea,Suwon-si,,1,250.0
34.96316,127.52554,KR,South Korea,Jorye-dong,,1,250.0
38.2081,128.5265,KR,South Korea,Sokcho-si,,1,250.0
37.5785,126.8944,KR,South Korea,Seoul,,1,250.0
37.5717,126.9834,KR,South Korea,Seoul,,1,250.0
37.4897,127.0298,KR,South Korea,Seoul,,1,250.0
37.507,127.0654,KR,South Korea,Seoul,,1,250.0
37.539341,126.997137,KR,South Korea,Seoul,,1,115.0
37.532244,126.961476,KR,South Korea,Seoul,,1,250.0
37.52526,126.925714,KR,South Korea,Seoul,,1,250.0
37.5604,127.0386,KR,South Korea,Seoul,,1,250.0
37.4839,126.9303,KR,South Korea,Seoul,,1,250.0
37.63714,127.02334,KR,South Korea,Seoul,,1,250.0
37.513534,127.106174,KR,South Korea,Seoul,,1,250.0
37.51996,127.01902,KR,South Korea,Seoul,,1,250.0
37.544,127.0442,KR,South Korea,Seoul,,1,250.0
37.48406,127.01732,KR,South Korea,Seoul,,1,250.0
37.513236,127.102418,KR,South Korea,Seoul,,1,115.0
37.5121,127.0992,KR,South Korea,Seoul,,1,250.0
37.497972,126.860485,KR,South Korea,Seoul,,2,250.0
37.563265,126.803108,KR,South Korea,Seoul,,1,115.0
37.478,126.8872,KR,South Korea,,,2,250.0
37.509215,127.06079,KR,South Korea,Seoul,,1,115.0
37.499873,127.032354,KR,South Korea,Seoul,,1,115.0
37.567697,127.160247,KR,South Korea,Seoul,,1,250.0
37.6632,127.0085,KR,South Korea,Seoul,,1,250.0
37.5442,127.0544,KR,South Korea,Seoul,,1,250.0
37.5813,127.0489,KR,South Korea,Seoul,,1,250.0
37.503216,127.04162,KR,South Korea,Seoul,,1,250.0
37.52929,126.92484,KR,South Korea,Seoul,,1,250.0
37.525418,127.02887,KR,South Korea,Seoul,,1,115.0
37.385984,127.120595,KR,South Korea,Seongnam-si,,1,250.0
37.395519,127.112237,KR,South Korea,Gyeonggi,,1,250.0
37.3953,127.1104,KR,South Korea,Gyeonggi,,1,250.0
37.40366,127.109138,KR,South Korea,Gyeonggi,,1,250.0
37.340546,127.106848,KR,South Korea,Seongnam-si,,1,115.0
37.377553,127.105428,KR,South Korea,Seongnam-si,,1,250.0
37.384,127.1234,KR,South Korea,Seongnam-si,,1,250.0
36.4691,127.26856,KR,South Korea,Sejong,,1,250.0
36.5003,127.25686,KR,South Korea,Sejong,,1,250.0
37.429375,129.182856,KR,South Korea,Samcheok-si,,1,250.0
37.053291,127.080239,KR,South Korea,Pyeongtaek-si,,1,250.0
36.99065,127.08598,KR,South Korea,Pyeongtaek-si,,1,250.0
37.586293,128.322665,KR,South Korea,Pyeongchang-gun,,1,250.0
36.059093,129.320555,KR,South Korea,Pohang-si,,1,250.0
37.726815,126.783557,KR,South Korea,Paju-si,,1,250.0
37.192217,127.046432,KR,South Korea,Osan-si,,1,250.0
36.128824,127.12962,KR,South Korea,Nonsan-si,,1,115.0
37.654,127.3198,KR,South Korea,Namyangju-si,,1,250.0
35.13275,128.0987,KR,South Korea,Jinju-si,,1,250.0
35.180263,128.13972,KR,South Korea,Jinju-si,,1,250.0
36.9422,127.43131,KR,South Korea,Jincheon-gun,,1,250.0
35.80698,127.11566,KR,South Korea,Jeonju-si,,1,250.0
35.841771,127.173774,KR,South Korea,Jeonju-si,,1,250.0
33.249844,126.409044,KR,South Korea,Seogwipo-si,,1,115.0
33.492611,126.50715,KR,South Korea,Jeju,,1,250.0
37.071991,128.192024,KR,South Korea,Jecheon-si,,1,250.0
34.686232,126.899384,KR,South Korea,Jangheung-gun,,1,250.0
38.0053,128.289,KR,South Korea,Inje-gun,,1,250.0
37.428561,126.636262,KR,South Korea,Yeonsu-gu,,1,250.0
37.4398,126.4561,KR,South Korea,Jung-gu,,1,250.0
37.44031,126.45744,KR,South Korea,Incheon,,1,250.0
37.378678,126.662796,KR,South Korea,Incheon,,1,250.0
37.51,126.6478,KR,South Korea,Incheon,,1,250.0
37.470798,126.665855,KR,South Korea,Incheon,,1,250.0
37.39627,126.66357,KR,South Korea,Incheon,,1,250.0
37.53236,126.64166,KR,South Korea,Incheon,,1,250.0
35.630464,127.303925,KR,South Korea,Imsil-gun,,1,250.0
37.1965,127.4459,KR,South Korea,Icheon-si,,1,250.0
37.2188,127.05464,KR,South Korea,Hwaseong-si,,1,250.0
37.200831,127.097432,KR,South Korea,Hwaseong-si,,1,250.0
37.1934,127.0999,KR,South Korea,Hwaseong-si,,1,250.0
37.13485,126.895718,KR,South Korea,Hwaseong-si,,1,250.0
37.545551,127.223682,KR,South Korea,Hanam-si,,1,115.0
37.568141,127.196951,KR,South Korea,Hanam-si,,1,250.0
35.03,127.9039,KR,South Korea,Hadong-gun,,1,250.0
35.85035,129.27715,KR,South Korea,Gyeongju-si,,1,250.0
35.820553,129.213584,KR,South Korea,Gyeongju-si,,1,250.0
37.403323,127.223379,KR,South Korea,Gwangju-si,,1,250.0
34.961835,127.565427,KR,South Korea,Gwangyang-si,,1,250.0
37.415607,126.882543,KR,South Korea,Gwangmyeong,,1,250.0
37.419172,126.882118,KR,South Korea,Gwangmyeong,,1,250.0
35.1597,126.8818,KR,South Korea,Gwangju,,1,250.0
35.21649,126.84926,KR,South Korea,Gwangju,,1,250.0
37.28656,127.05594,KR,South Korea,Suwon-si,,1,250.0
37.6333,127.1159,KR,South Korea,Guri-si,,1,250.0
35.937086,126.855631,KR,South Korea,Gunsan-si,,1,115.0
37.3729,126.9443,KR,South Korea,Gunpo-si,,1,250.0
36.10851,128.345842,KR,South Korea,Gumi-si,,1,250.0
37.6034,126.8217,KR,South Korea,Goyang-si,,1,250.0
37.661945,126.750771,KR,South Korea,Goyang-si,,1,115.0
37.6654,126.7548,KR,South Korea,Goyang-si,,1,250.0
37.62986,126.7909,KR,South Korea,Goyang-si,,1,250.0
37.632701,126.864688,KR,South Korea,Goyang-si,,1,250.0
38.3161,128.5311,KR,South Korea,Goseong-gun,,1,250.0
37.646358,126.630319,KR,South Korea,Gimpo-si,,1,250.0
35.230323,128.841529,KR,South Korea,Gimhae-si,,1,250.0
36.1551,128.28075,KR,South Korea,Gimcheon-si,,1,250.0
37.686451,127.49363,KR,South Korea,Gapyeong-gun,,1,115.0
37.695736,128.892684,KR,South Korea,Gangneung-si,,1,250.0
37.617614,126.499057,KR,South Korea,Ganghwa-gun,,1,250.0
36.985446,127.583801,KR,South Korea,Geumwang,,1,250.0
36.976692,127.486966,KR,South Korea,Eumseong-gun,,1,250.0
37.375636,127.009472,KR,South Korea,Uiwang-si,,1,250.0
37.514458,129.103181,KR,South Korea,Donghae-si,,1,250.0
36.909503,126.694075,KR,South Korea,Dangjin-si,,1,115.0
36.940999,126.81087,KR,South Korea,Dangjin-si,,1,250.0
36.34076,127.38949,KR,South Korea,Daejeon,,1,250.0
37.68522,128.757668,KR,South Korea,Pyeongchang-gun,,1,250.0
35.82726,128.62369,KR,South Korea,Suseong-gu,,1,250.0
35.9229,128.63571,KR,South Korea,Daegu,,1,250.0
35.907022,128.613115,KR,South Korea,Daegu,,1,115.0
36.961,127.8998,KR,South Korea,Chungju-si,,1,250.0
37.0016,127.83573,KR,South Korea,Chungju-si,,1,250.0
37.86326,127.74814,KR,South Korea,Chuncheon-si,,1,250.0
36.66529,127.4993,KR,South Korea,Cheongju-si,,1,250.0
36.6154,127.4213,KR,South Korea,Cheongju-si,,1,250.0
35.654118,128.749351,KR,South Korea,Cheongdo-gun,,1,250.0
36.841505,127.151312,KR,South Korea,Cheonan-si,,1,250.0
35.223019,128.681022,KR,South Korea,Changwon-si,,1,250.0
36.305926,126.900338,KR,South Korea,Buyeo-gun,,1,250.0
35.188372,129.110238,KR,South Korea,Busan,,1,115.0
35.219655,129.08299,KR,South Korea,Busan,,1,250.0
35.148279,129.065439,KR,South Korea,Busan,,1,115.0
35.172067,129.128469,KR,South Korea,Busan,,1,250.0
35.160676,129.163823,KR,South Korea,Busan,,1,115.0
35.1068,128.9664,KR,South Korea,Busan,,1,250.0
35.1931,129.2115,KR,South Korea,Gijang-gun,,1,250.0
35.219392,128.988331,KR,South Korea,Busan,,1,115.0
35.169604,129.13121,KR,South Korea,Busan,,1,250.0
37.50255,126.775018,KR,South Korea,Bucheon-si,,1,250.0
37.792542,128.919027,KR,South Korea,Gangneung-si,,1,250.0
37.8051,128.9039,KR,South Korea,Gangneung-si,,1,250.0
38.180856,128.611593,KR,South Korea,Sokcho-si,,2,250.0
36.515931,128.163432,KR,South Korea,Sangju-si,,2,250.0
36.423696,127.419877,KR,South Korea,Daedeok-gu,,2,250.0
35.147782,126.837552,KR,South Korea,Gwangju,,1,115.0
34.8073,126.4259,KR,South Korea,Mokpo-si,,1,250.0
36.9886,127.2669,KR,South Korea,,,1,250.0
37.39301,126.96228,KR,South Korea,,,1,250.0
36.591,128.6313,KR,South Korea,,,1,250.0
28.116721,120.979576,CN,China,Beibaixiang ,,1,0.0
31.480277,104.744961,CN,China,四川省,,1,0.0
30.718824,113.8104,CN,China,无,,1,2.7
31.131407,121.400099,CN,China,Shanghai,,1,120.0
31.228989,121.479302,CN,China,Huangpu,,0,0.0
30.651599,104.067022,CN,China,Jinjiang District,,1,120.0
29.301123,120.084763,CN,China,Yiwu,,1,120.0
28.115022,113.001719,CN,China,Changsha City,,1,6.0
36.66823,117.008772,CN,China,济南,,1,0.0
22.649116,113.820076,CN,China,广东省,,1,0.0
29.498771,106.633971,CN,China,Chongqing,,1,0.0
28.122568,116.985147,CN,China,??,,1,0.0
32.022413,118.789415,CN,China,??,,1,0.0
36.046687,103.898161,CN,China,??,,1,0.0
22.424269,114.233192,CN,China,New Territories,,1,2.7
-16.68359,-49.23671,BR,Brazil,Goiânia,,1,84.0
-16.710586,-49.267279,BR,Brazil,Goiânia,,1,23.0
-15.602148,-47.681353,BR,Brazil,Planaltina,,1,23.0
-19.938452,-43.947518,BR,Brazil,Belo Horizonte,,3,60.0
-23.464269,-46.500459,BR,Brazil,GUARULHOS,,2,74.0
-15.903647,-48.068748,BR,Brazil,Recanto das Emas,,2,23.0
-22.962478,-43.390163,BR,Brazil,RIO DE JANEIRO,,1,7.0
-23.612169,-46.667748,BR,Brazil,São Paulo,,1,23.0
-15.81745,-47.874233,BR,Brazil,Brasília,,2,60.0
-18.473304,-47.40489,BR,Brazil,Abadia dos Dourados,,1,40.0
-5.112663,-42.80386,BR,Brazil,Teresina,,1,60.0
-16.657897,-49.324826,BR,Brazil,Goiânia,,1,23.0
-23.785255,-45.558636,BR,Brazil,Maresias São Sebastião,,1,7.0
-15.795499,-48.042895,BR,Brazil,Vicente Pires,,1,30.0
-18.409258,-40.217371,BR,Brazil,Pinheiros,,2,60.0
-17.983301,-48.637542,BR,Brazil,Marzagão,,1,40.0
-16.739188,-43.818235,BR,Brazil,Montes Claros,,2,60.0
-20.223031,-42.643199,BR,Brazil,Rio Casca,,3,240.0
-15.763122,-47.890202,BR,Brazil,Brasília,,2,60.0
-15.795734,-47.930532,BR,Brazil,Brasília,,2,60.0
-15.822284,-48.02374,BR,Brazil,Vicente Pires,,2,21.0
-23.539249,-46.768938,BR,Brazil,São Paulo,,1,30.0
-23.520964,-46.748319,BR,Brazil,São Paulo,,2,100.0
-13.796638,-47.460687,BR,Brazil,Cavalcante,,1,7.0
-14.133582,-47.515894,BR,Brazil,Alto Paraíso de Goiás,,1,7.0
-14.916038,-51.080925,BR,Brazil,Aruanã,,1,7.0
-15.715503,-47.886686,BR,Brazil,Brasília,,2,23.0
-15.760597,-47.885159,BR,Brazil,Brasília,,2,30.0
-15.762056,-47.911242,BR,Brazil,Brasília,,1,22.0
-15.764118,-47.911357,BR,Brazil,Brasília,,1,22.0
-15.773283,-47.875341,BR,Brazil,Brasília,,2,60.0
-15.774282,-47.888806,BR,Brazil,Brasília,,1,23.0
-15.787181,-47.986983,BR,Brazil,Brasília,,3,60.0
-15.790195,-47.885367,BR,Brazil,Brasília,,1,22.0
-15.791365,-47.945064,BR,Brazil,Brasília,,2,60.0
-15.793309,-47.892486,BR,Brazil,Brasília,,2,30.0
-15.796806,-47.924236,BR,Brazil,Brasília,,1,23.0
-15.797646,-47.931977,BR,Brazil,Brasília,,2,23.0
-15.798524,-47.937544,BR,Brazil,Brasília,,1,22.0
-15.798734,-47.915751,BR,Brazil,Brasília,,1,23.0
-15.800197,-47.922172,BR,Brazil,Brasília,,1,23.0
-15.803662,-48.067242,BR,Brazil,Brasília,,1,23.0
-15.803867,-47.957795,BR,Brazil,Brasília,,4,80.0
-15.806597,-48.061607,BR,Brazil,Brasília,,1,23.0
-15.806722,-47.897808,BR,Brazil,Brasília,,2,60.0
-15.8144,-47.9073,BR,Brazil,Brasília,,2,60.0
-15.826516,-47.952864,BR,Brazil,Brasília,,2,40.0
-15.828037,-47.927234,BR,Brazil,Brasília,,2,23.0
-15.832057,-48.017318,BR,Brazil,Brasília,,2,40.0
-15.833572,-48.036768,BR,Brazil,Brasília,,1,22.0
-15.834887,-47.977325,BR,Brazil,Brasília,,1,22.0
-15.835354,-47.912788,BR,Brazil,Brasília,,2,23.0
-15.835429,-47.867791,BR,Brazil,Brasília,,1,22.0
-15.836162,-47.95085,BR,Brazil,Brasília,,2,22.0
-15.83622,-47.868351,BR,Brazil,Brasília,,2,40.0
-15.842488,-48.023346,BR,Brazil,Águas Claras,,2,60.0
-15.846862,-47.905774,BR,Brazil,Brasília,,1,22.0
-15.896637,-48.110938,BR,Brazil,Brasília,,2,30.0
-15.906625,-47.771612,BR,Brazil,Brasília,,1,23.0
-15.954675,-48.050568,BR,Brazil,Brasília,,2,60.0
-16.015069,-48.064325,BR,Brazil,Brasília,,1,23.0
-16.071367,-57.67778,BR,Brazil,Cáceres,,2,7.0
-16.076779,-47.979792,BR,Brazil,Valparaíso de Goiás,,2,30.0
-16.079642,-47.995244,BR,Brazil,Valparaíso de Goiás,,1,7.0
-16.089453,-48.508102,BR,Brazil,Alexânia,,1,23.0
-16.120889,-48.429156,BR,Brazil,Alexânia,,1,23.0
-16.613624,-49.205596,BR,Brazil,Goiânia,,1,23.0
-16.646162,-49.241531,BR,Brazil,Goiânia,,2,60.0
-16.663134,-49.490154,BR,Brazil,Trindade,,1,23.0
-16.666301,-49.308455,BR,Brazil,Goiânia,,2,23.0
-16.683322,-49.266561,BR,Brazil,Goiânia,,2,40.0
-16.686146,-49.269181,BR,Brazil,Goiânia,,2,23.0
-16.687639,-49.260418,BR,Brazil,Goiânia,,1,7.0
-16.687972,-49.234734,BR,Brazil,Goiânia,,6,23.0
-16.689112,-49.266343,BR,Brazil,Goiânia,,1,23.0
-16.691453,-49.263274,BR,Brazil,Goiânia,,2,23.0
-16.692511,-49.235269,BR,Brazil,Goiânia,,1,22.0
-16.69379,-49.246137,BR,Brazil,Goiânia,,1,22.0
-16.694388,-49.273478,BR,Brazil,Goiânia,,1,22.0
-16.695398,-49.258038,BR,Brazil,Goiânia,,1,7.0
-16.696743,-49.269934,BR,Brazil,Goiânia,,1,7.0
-16.697596,-49.24344,BR,Brazil,Goiânia,,1,30.0
-16.701843,-49.254505,BR,Brazil,Goiânia,,1,7.0
-16.702085,-49.262609,BR,Brazil,Goiânia,,2,23.0
-16.702765,-49.24262,BR,Brazil,Goiânia,,1,23.0
-16.702874,-49.265301,BR,Brazil,Goiânia,,1,7.0
-16.702969,-49.272717,BR,Brazil,Goiânia,,1,22.0
-16.703003,-49.261782,BR,Brazil,Goiânia,,1,22.0
-16.703293,-49.255318,BR,Brazil,Goiânia,,2,22.0
-16.704345,-49.24159,BR,Brazil,Goiânia,,3,60.0
-16.706236,-49.240656,BR,Brazil,Goiânia,,1,22.0
-16.70656,-49.272719,BR,Brazil,Goiânia,,1,22.0
-16.707939,-49.254291,BR,Brazil,Goiânia,,1,23.0
-16.709666,-49.314233,BR,Brazil,Goiânia,,2,23.0
-16.709697,-49.2675,BR,Brazil,Goiânia,,1,22.0
-16.71028,-49.255191,BR,Brazil,Goiânia,,1,22.0
-16.71067,-49.263687,BR,Brazil,Goiânia,,1,7.0
-16.711054,-49.313932,BR,Brazil,Goiânia,,2,60.0
-16.712794,-49.273195,BR,Brazil,Goiânia,,1,23.0
-16.713669,-49.23471,BR,Brazil,Goiânia,,2,7.0
-16.714177,-49.257292,BR,Brazil,Goiânia,,2,7.0
-16.714189,-49.263945,BR,Brazil,Goiânia,,4,60.0
-16.714369,-49.269858,BR,Brazil,Goiânia,,2,60.0
-16.714533,-49.274711,BR,Brazil,Goiânia,,1,7.0
-16.719161,-49.258979,BR,Brazil,Goiânia,,1,23.0
-16.722477,-49.307602,BR,Brazil,Goiânia,,2,60.0
-16.730009,-49.229307,BR,Brazil,Goiânia,,1,23.0
-16.745457,-49.241053,BR,Brazil,Aparecida de Goiânia,,1,7.0
-16.746807,-49.29776,BR,Brazil,Aparecida de Goiânia,,2,40.0
-16.773378,-49.271644,BR,Brazil,Aparecida de Goiânia,,1,23.0
-16.821116,-49.291638,BR,Brazil,Aparecida de Goiânia,,1,7.0
-16.840863,-49.244093,BR,Brazil,Aparecida de Goiânia,,1,7.0
-16.95092,-53.527347,BR,Brazil,Alto Garças,,1,23.0
-17.011458,-49.219072,BR,Brazil,Hidrolândia,,1,7.0
-17.549098,-52.544609,BR,Brazil,Mineiros,,1,7.0
-18.040978,-49.267356,BR,Brazil,Goiatuba,,1,30.0
-21.110115,-44.235487,BR,Brazil,Minas Gerais,,2,40.0
-21.763843,-41.291326,BR,Brazil,Campos dos Goytacazes,,4,30.0
-21.768525,-41.320166,BR,Brazil,Rio de Janeiro,,2,23.0
-21.815313,-41.283796,BR,Brazil,Campos dos Goytacazes,,1,23.0
-22.151497,-41.735416,BR,Brazil,Carapebus,,2,23.0
-22.89571,-43.196078,BR,Brazil,Rio de Janeiro,,2,60.0
-23.50329,-46.643504,BR,Brazil,São Paulo,,2,7.0
-23.528518,-46.701479,BR,Brazil,São Paulo,,2,7.0
-23.538505,-46.65506,BR,Brazil,São Paulo,,1,7.0
-23.565497,-46.682119,BR,Brazil,São Paulo,,1,23.0
0.926942,-60.430123,BR,Brazil,Rorainópolis,,3,60.0
-2.492464,-44.262461,BR,Brazil,São Luis,,1,7.0
-3.105969,-60.026462,BR,Brazil,Manaus,,1,7.0
-3.735603,-38.565617,BR,Brazil,Fortaleza,,2,7.0
-3.745553,-40.309908,BR,Brazil,Sobral,,3,60.0
-3.764526,-38.575518,BR,Brazil,Fortaleza,,1,7.0
-3.879382,-38.621865,BR,Brazil,Maracanaú,,2,7.0
-5.080174,-42.760295,BR,Brazil,Teresina,,1,7.0
-5.587055,-36.952976,BR,Brazil,Açu,,3,60.0
-5.722488,-39.008581,BR,Brazil,Solonopole,,3,30.0
-5.851415,-35.21021,BR,Brazil,Natal,,1,7.0
-6.226685,-35.065192,BR,Brazil,Tibau do Sul ,,2,11.0
-7.119686,-34.843101,BR,Brazil,João Pessoa,,2,150.0
-7.119905,-34.851989,BR,Brazil,João Pessoa,,1,7.0
-8.065202,-39.130774,BR,Brazil,Salgueiro,,2,7.0
-8.110314,-34.910682,BR,Brazil,Recife,,1,7.0
-9.384083,-37.997043,BR,Brazil,Delmiro Gouveia,,1,7.0
-9.969024,-39.163439,BR,Brazil,Canudos,,3,30.0
-10.934016,-37.083101,BR,Brazil,Aracaju,,1,7.0
-11.778444,-55.472222,BR,Brazil,Sinop,,3,30.0
-12.094085,-45.808024,BR,Brazil,Luís Eduardo Magalhães,,3,60.0
-12.339364,-38.843496,BR,Brazil,Feira de Santana,,3,30.0
-12.419323,-41.838787,BR,Brazil,Seabra,,3,60.0
-12.86159,-49.105947,BR,Brazil,,,1,7.0
-12.919982,-38.356914,BR,Brazil,Salvador,,1,7.0
-12.988256,-38.448286,BR,Brazil,Salvador,,1,22.0
-13.349157,-39.060558,BR,Brazil,Valença,,2,11.0
-13.859135,-56.089514,BR,Brazil,Nova Mutum ,,3,30.0
-13.915997,-49.066776,BR,Brazil,,,1,7.0
-14.135076,-47.506515,BR,Brazil,Alto Paraiso de Goias - GO,,2,11.0
-15.573775,-54.325337,BR,Brazil,Primavera do Leste,,3,30.0
-15.606425,-56.083461,BR,Brazil,Cuiabá,,1,7.0
-15.697908,-48.698533,BR,Brazil,,,1,7.0
-15.772749,-47.875363,BR,Brazil,Brasília,,1,7.0
-15.804951,-47.969409,BR,Brazil,Brasília,,1,7.0
-15.83131,-48.041095,BR,Brazil,Brasília,,3,7.0
-15.845194,-47.89482,BR,Brazil,Brasília,,1,7.0
-16.420745,-54.706308,BR,Brazil,Rondonópolis,,3,60.0
-16.706699,-49.237872,BR,Brazil,Goiânia,,1,7.0
-17.210802,-46.873864,BR,Brazil,Paracatu,,3,60.0
-17.519317,-44.053013,BR,Brazil,,,1,7.0
-17.986424,-44.169579,BR,Brazil,Buenópolis,,1,7.0
-18.186311,-47.946163,BR,Brazil,Catalão,,3,120.0
-18.242274,-45.208541,BR,Brazil,Três Marias,,3,30.0
-18.415471,-49.199999,BR,Brazil,Itumbiara,,3,60.0
-18.519558,-39.912699,BR,Brazil,,,1,7.0
-18.745912,-39.859565,BR,Brazil,São Mathes,,2,22.0
-18.865206,-39.939312,BR,Brazil,,,1,7.0
-18.928827,-48.243734,BR,Brazil,Uberlândia,,1,7.0
-18.962362,-44.369589,BR,Brazil,,,1,7.0
-19.022604,-48.204478,BR,Brazil,Uberlândia,,1,7.0
-19.657531,-46.215256,BR,Brazil,Campos Altos,,2,22.0
-19.806107,-40.367531,BR,Brazil,Ibiraçu,,1,7.0
-19.959089,-43.957424,BR,Brazil,Belo Horizonte,,1,7.0
-20.282625,-40.301761,BR,Brazil,Vitória,,1,7.0
-20.468327,-54.589989,BR,Brazil,Campo Grande,,1,7.0
-20.604425,-46.051646,BR,Brazil,Capitólio,,2,30.0
-20.757679,-51.69521,BR,Brazil,Três Lagoas,,2,7.0
-20.824736,-49.384931,BR,Brazil,São José do Rio Preto,,3,60.0
-20.857392,-49.411449,BR,Brazil,São José do Rio Preto,,1,7.0
-20.877866,-40.964946,BR,Brazil,,,1,7.0
-20.884746,-51.368188,BR,Brazil,Andradina,,3,30.0
-21.220553,-47.828814,BR,Brazil,Ribeirão Preto,,2,7.0
-21.237236,-47.80301,BR,Brazil,Ribeirão Preto,,2,7.0
-21.239271,-47.758943,BR,Brazil,Ribeirão Preto,,8,30.0
-21.411879,-50.098581,BR,Brazil,Penápolis,,3,30.0
-22.115603,-51.406958,BR,Brazil,Presidente Prudente,,3,60.0
-22.311192,-49.06237,BR,Brazil,Bauru,,1,30.0
-22.528884,-41.952981,BR,Brazil,Rio das Ostras,,1,7.0
-22.611964,-42.408502,BR,Brazil,Rio de Janeiro,,3,60.0
-22.628589,-47.337556,BR,Brazil,Limeira,,3,60.0
-22.721808,-45.567548,BR,Brazil,Campos do Jordão,,2,7.0
-22.740649,-45.567179,BR,Brazil,Campos do Jordão,,2,7.0
-22.832097,-42.092185,BR,Brazil,São Pedro da Aldeia,,3,60.0
-22.884298,-47.041569,BR,Brazil,Campinas,,1,7.0
-22.885971,-47.059847,BR,Brazil,Campinas,,1,22.0
-22.892459,-47.027591,BR,Brazil,Campinas,,1,3.0
-22.894325,-47.058011,BR,Brazil,Campinas,,1,22.0
-22.910631,-47.045314,BR,Brazil,Campinas,,1,7.0
-22.918516,-43.217594,BR,Brazil,Rio de Janeiro,,1,3.0
-22.940016,-45.462195,BR,Brazil,Pindamonhangaba,,1,7.0
-22.945036,-43.185301,BR,Brazil,Rio de Janeiro,,1,7.0
-22.95657,-43.187544,BR,Brazil,Rio de Janeiro,,2,120.0
-22.957854,-48.864386,BR,Brazil,Avaré,,3,50.0
-22.969271,-44.299348,BR,Brazil,Angra dos Reis,,3,30.0
-22.983355,-47.003501,BR,Brazil,Valinhos,,1,7.0
-23.009541,-43.302941,BR,Brazil,Rio de Janeiro,,1,7.0
-23.020193,-43.487166,BR,Brazil,Rio de Janeiro,,2,120.0
-23.042409,-45.528838,BR,Brazil,São Paulo,,2,7.0
-23.059818,-45.607179,BR,Brazil,Taubaté,,2,7.0
-23.117221,-47.712544,BR,Brazil,Tietê,,1,30.0
-23.155783,-45.697918,BR,Brazil,Caçapava,,1,7.0
-23.200982,-45.909631,BR,Brazil,São José dos Campos,,1,7.0
-23.203907,-45.909004,BR,Brazil,São José dos Campos,,2,7.0
-23.274864,-47.29244,BR,Brazil,Itu,,1,40.0
-23.282374,-45.861041,BR,Brazil,São José dos Campos,,1,7.0
-23.299582,-51.188695,BR,Brazil,Londrina,,1,7.0
-23.324734,-46.126373,BR,Brazil,Guararema,,3,60.0
-23.378824,-46.145524,BR,Brazil,Guararema ,,1,7.0
-23.42226,-51.909607,BR,Brazil,Maringá,,1,7.0
-23.43053,-51.890245,BR,Brazil,Maringá ,,3,30.0
-23.442227,-45.069538,BR,Brazil,Ubatuba,,3,60.0
-23.457031,-46.618062,BR,Brazil,São Paulo,,2,22.0
-23.466295,-46.846335,BR,Brazil,Tamboré,,1,7.0
-23.468939,-46.408875,BR,Brazil,Guarulhos,,1,7.0
-23.498867,-46.836279,BR,Brazil,Barueri,,1,7.0
-23.501316,-47.478989,BR,Brazil,Sorocaba,,1,7.0
-23.50484,-46.847545,BR,Brazil,Barueri,,2,11.0
-23.511542,-46.879832,BR,Brazil,Barueri ,,1,7.0
-23.523279,-46.657661,BR,Brazil,São Paulo,,1,7.0
-23.539995,-46.637025,BR,Brazil,São Paulo,,1,7.0
-23.543964,-46.590131,BR,Brazil,São Paulo,,1,7.0
-23.544237,-46.568994,BR,Brazil,São Paulo,,1,7.0
-23.547079,-46.692582,BR,Brazil,São Paulo,,2,22.0
-23.547844,-46.691425,BR,Brazil,São Paulo,,2,22.0
-23.550575,-46.695744,BR,Brazil,São Paulo,,2,7.0
-23.550967,-46.619468,BR,Brazil,São Paulo,,2,60.0
-23.554159,-46.69668,BR,Brazil,São Paulo,,2,7.0
-23.556153,-46.69256,BR,Brazil,São Paulo,,2,3.0
-23.55623,-46.688928,BR,Brazil,São Paulo,,1,3.0
-23.563403,-46.6874,BR,Brazil,São Paulo,,1,7.0
-23.564306,-46.668757,BR,Brazil,São Paulo,,2,7.0
-23.566032,-46.66502,BR,Brazil,São Paulo,,1,7.0
-23.571479,-46.681053,BR,Brazil,São Paulo,,1,7.0
-23.57272,-46.655087,BR,Brazil,São Paulo,,1,7.0
-23.57756,-46.680662,BR,Brazil,São Paulo,,1,7.0
-23.578856,-48.02958,BR,Brazil,Itapetininga,,2,22.0
-23.58621,-46.721495,BR,Brazil,São Paulo,,1,7.0
-23.587736,-46.620244,BR,Brazil,São Paulo,,1,7.0
-23.593975,-46.72105,BR,Brazil,São Paulo,,2,30.0
-23.603095,-46.625043,BR,Brazil,São Paulo,,1,7.0
-23.603357,-47.27232,BR,Brazil,Ibiúna,,1,7.0
-23.60755,-46.661547,BR,Brazil,São Paulo,,2,7.0
-23.611468,-46.701101,BR,Brazil,São Paulo,,1,7.0
-23.615582,-46.739476,BR,Brazil,São Paulo,,1,7.0
-23.620981,-46.56384,BR,Brazil,São Caetano do Sul,,1,7.0
-23.633728,-46.728989,BR,Brazil,São Paulo,,1,7.0
-23.636513,-46.543007,BR,Brazil,Santo André,,1,7.0
-23.667771,-46.53356,BR,Brazil,Santo André,,2,7.0
-23.765871,-45.406667,BR,Brazil,São Sebastião,,2,7.0
-23.787918,-45.561077,BR,Brazil,Maresias São Sebastião,,1,7.0
-23.789101,-46.032267,BR,Brazil,Bertioga,,3,60.0
-23.790939,-45.560926,BR,Brazil,Maresias São Sebastião,,2,7.0
-23.866456,-46.495389,BR,Brazil,São Bernardo do Campo,,1,7.0
-23.926579,-46.431147,BR,Brazil,Cubatão,,1,7.0
-24.000593,-48.345569,BR,Brazil,Capão Bonito,,2,22.0
-24.503405,-50.718926,BR,Brazil,Imbaú ,,3,30.0
-24.780208,-48.185642,BR,Brazil,Cajati,,3,150.0
-24.953743,-53.42117,BR,Brazil,Cascavel,,1,7.0
-26.07937,-49.771232,BR,Brazil,Rio Negro,,2,60.0
-27.582894,-48.614654,BR,Brazil,São José,,2,22.0
-29.168814,-51.214192,BR,Brazil,Caxias do Sul,,1,7.0
-29.176689,-51.556211,BR,Brazil,Bento Gonçalves,,1,7.0
-30.049802,-51.228923,BR,Brazil,Porto Alegre,,1,7.0
-30.058887,-51.21745,BR,Brazil,Porto Alegre,,1,7.0
-31.358713,-52.728994,BR,Brazil,,,1,7.0
-31.48973,-52.213241,BR,Brazil,,,1,7.0
-31.76503,-52.375253,BR,Brazil,Pelotas,,2,60.0
-31.852449,-52.326471,BR,Brazil,,,1,7.0
-5.894452,-35.261408,BR,Brazil,Parnamirim,,2,180.0
-14.00913,-46.21381,BR,Brazil,Guarani de Goiás,,1,40.0
-23.553872,-46.742704,BR,Brazil,São Paulo,,1,80.0
-20.009987,-48.928541,BR,Brazil,Frutal ,,1,30.0
-3.78677,-38.697895,BR,Brazil,CEARA,,2,30.0
-3.373162,-39.295222,BR,Brazil,TRAIRI,,1,40.0
-3.481972,-39.573963,BR,Brazil,ITAPIPOCA,,1,10.0
-2.91195,-40.340514,BR,Brazil,Cruz,,1,10.0
-2.91243,-40.345113,BR,Brazil,CRUZ,,1,20.0
-18.571152,-46.512097,BR,Brazil,Patos de Minas ,,1,60.0
-2.905735,-40.442622,BR,Brazil,Jijoca de Jericoacoara,,1,22.0
-3.690066,-39.582135,BR,Brazil,Ceará,,1,30.0
-3.746403,-40.311528,BR,Brazil,Sobral,,2,60.0
-2.877946,-40.956466,BR,Brazil,Ceará,,1,22.0
-2.876549,-40.857215,BR,Brazil,Camocim,,1,7.0
-3.468507,-41.55959,BR,Brazil,COCAL,,1,60.0
-23.725567,-46.569486,BR,Brazil,São Bernardo do Campo,,2,40.0
-25.43573,-49.991102,BR,Brazil,Palmeira,,1,60.0
-21.212864,-47.758042,BR,Brazil,São Paulo,,2,80.0
-19.646524,-46.946102,BR,Brazil,Araxá,,1,80.0
-23.589296,-46.682189,BR,Brazil,São Paulo,,1,7.0
-23.557499,-46.746482,BR,Brazil,São Paulo,,1,22.0
-12.425867,-41.769433,BR,Brazil,Seabra ,,3,17.0
-15.822577,-47.917841,BR,Brazil,Brasilia,,1,23.0
-15.822569,-47.917857,BR,Brazil,Brasilia,,1,23.0
-19.536913,-40.636735,BR,Brazil,Colatina,,1,60.0
-3.11738,-40.835511,BR,Brazil,Granja,,1,40.0
-3.117338,-40.835527,BR,Brazil,Granja,,1,40.0
-22.479469,-46.011334,BR,Brazil,Estiva,,1,80.0
-22.479404,-46.011331,BR,Brazil,Estiva,,1,80.0
-14.423075,-54.0561,BR,Brazil,Paranatinga-MT,,2,40.0
-20.352178,-43.667247,BR,Brazil,Ouro Preto,,1,40.0
-14.819429,-39.303568,BR,Brazil,Itabuna,,1,40.0
-20.229865,-40.272686,BR,Brazil,,,1,80.0
-20.229947,-40.272636,BR,Brazil,,,1,80.0
-20.275557,-42.058172,BR,Brazil,Manhuaçu,,1,60.0
-22.45319,-47.398025,BR,Brazil,Cordeirópolis,,1,120.0
-22.529402,-47.385929,BR,Brazil,Limeira,,1,120.0
-3.727109,-38.49478,BR,Brazil,FORTALEZA,,3,24.0
-3.73539,-38.490961,BR,Brazil,FORTALEZA,,3,24.0
-3.87037,-38.46677,BR,Brazil,Eusébio,,2,22.0
-8.178586,-34.919185,BR,Brazil,Jaboatão dos Guararapes,,3,60.0
-9.643734,-35.716614,BR,Brazil,Maceió,,2,60.0
-15.81531,-48.00978,BR,Brazil,Brasília,,2,60.0
-15.84693,-47.892988,BR,Brazil,Brasília,,2,60.0
-16.39304,-39.04316,BR,Brazil,Porto Seguro,,1,22.0
-16.42368,-39.05679,BR,Brazil,Porto Seguro,,1,22.0
-17.863796,-41.515534,BR,Brazil,Teófilo Otoni,,2,100.0
-18.18383,-45.26004,BR,Brazil,São Gonçalo do Abaeté,,2,150.0
-18.454432,-50.441763,BR,Brazil,Quirinópolis,,1,22.0
-18.463302,-50.424278,BR,Brazil,Quirinópolis,,2,40.0
-19.49576,-42.56558,BR,Brazil,Ipatinga,,1,30.0
-19.807392,-43.183597,BR,Brazil,João Monlevade,,1,22.0
-19.920742,-43.944425,BR,Brazil,Belo Horizonte,,1,7.0
-19.922577,-43.939999,BR,Brazil,Belo Horizonte,,4,150.0
-19.94041,-43.93916,BR,Brazil,Belo Horizonte,,2,22.0
-19.946397,-44.021132,BR,Brazil,Contagem,,4,240.0
-19.95816,-44.065101,BR,Brazil,Contagem,,2,120.0
-19.95961,-43.98711,BR,Brazil,Belo Horizonte,,3,50.0
-19.975001,-44.020041,BR,Brazil,Belo Horizonte,,2,60.0
-20.373425,-43.542416,BR,Brazil,Ouro Preto,,1,7.0
-20.381111,-43.520378,BR,Brazil,Ouro Preto,,1,7.0
-20.386853,-43.500826,BR,Brazil,Ouro Preto,,1,7.0
-20.471196,-43.519264,BR,Brazil,Lavras Novas ,,1,7.0
-20.478079,-43.512425,BR,Brazil,Lavras Novas,,1,7.0
-20.6122,-46.06343,BR,Brazil,Capitólio,,1,7.0
-20.730985,-44.772508,BR,Brazil,Oliveira,,2,150.0
-21.107336,-45.092879,BR,Brazil,Perdões,,2,150.0
-21.109078,-44.172919,BR,Brazil,Tiradentes,,1,7.0
-21.118765,-44.168796,BR,Brazil,Tiradentes,,1,7.0
-21.199255,-47.766792,BR,Brazil,Ribeirão Preto,,1,7.0
-21.201371,-47.767848,BR,Brazil,Ribeirão Preto,,5,30.0
-21.232719,-47.764937,BR,Brazil,Ribeirão Preto,,1,7.0
-21.876134,-41.575275,BR,Brazil,Campos dos Goytacazes,,4,150.0
-22.243382,-45.882224,BR,Brazil,Pouso Alegre,,3,150.0
-22.555876,-41.979493,BR,Brazil,Rio das Ostras,,3,7.0
-22.855669,-43.763692,BR,Brazil,Itaguaí,,3,120.0
-22.863015,-46.024181,BR,Brazil,Monte Verde,,1,7.0
-22.864084,-46.026645,BR,Brazil,Monte Verde,,1,7.0
-22.928394,-43.393802,BR,Brazil,Rio de Janeiro,,1,30.0
-23.000585,-43.341656,BR,Brazil,Rio de Janeiro,,3,120.0
-23.002183,-43.423565,BR,Brazil,Rio de Janeiro,,2,7.0
-23.34408,-46.833265,BR,Brazil,Cajamar,,2,150.0
-23.530299,-46.681761,BR,Brazil,São Paulo,,1,7.0
-23.556821,-46.538807,BR,Brazil,São Paulo,,1,7.0
-23.584055,-46.68396,BR,Brazil,São Paulo,,1,7.0
-23.612978,-46.570496,BR,Brazil,São Caetano do Sul,,2,7.0
-23.628272,-46.735053,BR,Brazil,São Paulo,,3,30.0
-26.080275,-49.772083,BR,Brazil,Rio Negro,,2,60.0
-26.139736,-53.032156,BR,Brazil,Marmeleiro,,2,60.0
-29.893729,-51.183555,BR,Brazil,Passo Fundo,,1,0.0
-31.311093,-54.083338,BR,Brazil,Bagé,,1,40.0
-6.53311,-35.735983,BR,Brazil,Araruna,,1,22.0
-6.480969,-35.43441,BR,Brazil,Nova Cruz,,1,60.0
-16.743489,-49.30508,BR,Brazil,Goiânia,,1,40.0
-21.786372,-46.572243,BR,Brazil,Poços de Caldas,,3,53.0
-23.491442,-46.545896,BR,Brazil,Guarulhos,,2,60.0
-23.120497,-45.721192,BR,Brazil,Caçapava,,1,120.0
-23.568422,-46.611636,BR,Brazil,São Paulo,,5,120.0
-23.449842,-47.058218,BR,Brazil,Araçariguama,,4,150.0
-3.614719,-40.444377,BR,Brazil,Meruoca,,1,30.0
-20.090635,-43.974026,BR,Brazil,Nova Lima,,1,40.0
-30.04764,-51.197495,BR,Brazil,Porto Alegre ,,3,120.0
-6.560957,-35.137438,BR,Brazil,Mamanguape,,1,60.0
-27.869224,-54.474447,BR,Brazil,Santa Rosa,,1,80.0
-27.869196,-54.474463,BR,Brazil,Santa Rosa,,1,50.0
-25.46389,-50.568494,BR,Brazil,Paraná,,1,120.0
-22.914606,-47.052249,BR,Brazil,São Paulo,,1,60.0
-24.974685,-53.491399,BR,Brazil,Paraná,,1,75.0
-24.998775,-53.506695,BR,Brazil,Paraná,,1,60.0
-30.327642,-54.374346,BR,Brazil,São Gabriel,,1,60.0
-25.5195,-49.327685,BR,Brazil,Paraná,,1,120.0
-21.739633,-41.312109,BR,Brazil,Campos Dos Goytacazes,,3,60.0
-21.785561,-41.300848,BR,Brazil,Campos Dos Goytacazes,,1,60.0
-21.877327,-42.671393,BR,Brazil,Alem Paraiba,,1,75.0
-21.876986,-42.66787,BR,Brazil,Alem Paraiba,,1,40.0
-21.146124,-42.380186,BR,Brazil,Muriae,,1,60.0
-21.192473,-41.90647,BR,Brazil,Itaperuna,,1,40.0
-21.199356,-41.302001,BR,Brazil,Mimoso do Sul,,1,40.0
-23.556555,-46.605975,BR,Brazil,,,1,0.0
-30.006085,-51.19822,BR,Brazil,Porto Alegre,,1,80.0
-24.951686,-53.450831,BR,Brazil,Paraná,,1,0.0
-26.075117,-48.609707,BR,Brazil,Itapoá,,2,60.0
-25.571393,-49.175374,BR,Brazil,Paraná,,1,80.0
-8.06828,-39.134328,BR,Brazil,Pernambuco,,1,60.0
-5.294086,-36.763523,BR,Brazil,Alto do Rodrigues,,1,40.0
-5.838054,-35.714972,BR,Brazil,Rio Grande do Norte,,1,40.0
-26.073252,-48.609135,BR,Brazil,Itapoá,,2,60.0
-5.744905,-35.220677,BR,Brazil,Rio Grande do Norte,,1,40.0
-33.684282,-53.450745,BR,Brazil,Chui,,1,22.0
-12.138821,-45.011548,BR,Brazil,Bahia,,1,40.0
-26.835418,-48.705095,BR,Brazil,Penha,,1,60.0
-22.571906,-47.40827,BR,Brazil,Limeira,,1,60.0
-24.257699,-47.376806,BR,Brazil,Miracatu,,1,30.0
-24.258025,-47.377245,BR,Brazil,Miracatu,,1,22.0
-25.448187,-49.260553,BR,Brazil,Curitiba,,1,40.0
-30.059157,-51.179458,BR,Brazil,Porto alegre,,1,40.0
-30.08701,-51.240479,BR,Brazil,Porto alegre,,1,40.0
-30.259518,-52.836331,BR,Brazil,Cachoeira do Sul,,2,60.0
-21.870676,-43.345018,BR,Brazil,Matias Barbosa,,1,150.0
-25.769445,-53.54949,BR,Brazil,Realeza,,1,30.0
-25.139068,-53.585032,BR,Brazil,Santa Tereza do Oeste ,,1,60.0
-24.740442,-53.711344,BR,Brazil,Toledo,,1,60.0
-26.071959,-53.054575,BR,Brazil,Francisco Beltrão,,1,60.0
-25.762252,-53.058477,BR,Brazil,Dois Vizinhos,,2,60.0
-25.150804,-50.143897,BR,Brazil,Ponta Grossa,,1,80.0
-12.966982,-39.262079,BR,Brazil,Santo Antonio de Jesus,,1,7.0
-12.977785,-39.280643,BR,Brazil,Bahia,,1,7.0
-12.977638,-39.283475,BR,Brazil,Santo Antônio de Jesus,,1,7.0
-16.69573,-49.269635,BR,Brazil,Goiás,,1,7.0
-25.762303,-53.058617,BR,Brazil,Dois Vizinhos,,1,60.0
-25.138956,-53.584981,BR,Brazil,Santa Tereza do Oeste,,1,60.0
-9.761483,-36.652518,BR,Brazil,,,1,40.0
-25.769897,-53.549285,BR,Brazil,Realeza,,1,30.0
-26.053607,-53.053137,BR,Brazil,Francisco Beltrão,,1,30.0
-26.072628,-53.054347,BR,Brazil,Francisco Beltrão,,1,60.0
-22.806529,-49.532472,BR,Brazil,Santa Cruz do Rio Pardo,,1,120.0
-25.762108,-53.058244,BR,Brazil,Dois Vizinhos,,1,60.0
-22.437126,-46.352859,BR,Brazil,Bueno Brandão ,,1,7.0
-15.691587,-47.863039,BR,Brazil,Lago Norte,,1,120.0
-21.777405,-48.168924,BR,Brazil,São Paulo,,3,60.0
-8.086825,-34.888345,BR,Brazil,Pernambuco,,1,60.0
-22.339481,-42.512353,BR,Brazil,Nova Friburgo,,2,30.0
-21.181605,-43.755823,BR,Brazil,Minas Gerais,,1,180.0
-21.793457,-43.415067,BR,Brazil,Minas Gerais,,1,150.0
-21.410401,-50.099324,BR,Brazil,Penápolis,,3,60.0
-21.287357,-50.332417,BR,Brazil,Birigui,,1,7.0
-21.301069,-50.339778,BR,Brazil,Birigui,,1,7.0
-21.95256,-46.723288,BR,Brazil, São João da Boa Vista,,1,7.0
-4.472818,-37.801597,BR,Brazil,Fortim,,1,40.0
-7.043782,-34.846173,BR,Brazil,Cabedelo,,1,40.0
-23.579346,-46.612683,BR,Brazil,São Paulo,,1,40.0
-23.430773,-46.437862,BR,Brazil,Guarulhos,,1,40.0
-27.06761,-48.596211,BR,Brazil,Itapema,,2,160.0
-24.958317,-53.414714,BR,Brazil,Cascavel,,1,80.0
-24.951442,-53.425016,BR,Brazil,Paraná,,2,60.0
-21.168786,-47.815945,BR,Brazil,Ribeirão Preto,,2,7.0
-22.302184,-48.574532,BR,Brazil,Jaú,,2,60.0
-22.336855,-49.069164,BR,Brazil,Bauru,,1,30.0
-22.338915,-49.050836,BR,Brazil,Bauru,,1,30.0
-22.497923,-48.561863,BR,Brazil,Barra Bonita,,1,30.0
-22.569314,-48.137121,BR,Brazil,Santa Maria da Serra,,1,30.0
-22.855312,-42.051691,BR,Brazil,São Pedro da Aldeia,,2,60.0
-22.89967,-48.448464,BR,Brazil,Botucatu,,2,80.0
-22.908493,-48.45475,BR,Brazil,Botucatu,,3,30.0
-22.914637,-48.462943,BR,Brazil,Botucatu,,2,7.0
-22.923382,-48.468486,BR,Brazil,Botucatu,,1,40.0
-23.002563,-47.112948,BR,Brazil,Campinas ,,2,80.0
-23.012692,-43.458119,BR,Brazil,Rio de Janeiro,,2,80.0
-23.121748,-48.341625,BR,Brazil,Pardinho ,,1,7.0
-23.137299,-48.443071,BR,Brazil,Pardinho,,2,30.0
-23.190837,-47.308933,BR,Brazil,Salto,,2,80.0
-23.227969,-48.173691,BR,Brazil,Torre de Pedra,,1,30.0
-23.276292,-47.285003,BR,Brazil,Itu ,,1,30.0
-23.299171,-47.66501,BR,Brazil,Boituva,,1,40.0
-23.46334,-47.02864,BR,Brazil,Araçariguama,,4,80.0
-23.469322,-47.733524,BR,Brazil,Capela do alto,,1,30.0
-23.49473,-46.847291,BR,Brazil,Barueri ,,1,30.0
-23.52808,-47.465596,BR,Brazil,Sorocaba,,1,40.0
-23.616074,-46.664074,BR,Brazil,São Paulo,,1,30.0
-30.002479,-51.191507,BR,Brazil,Porto Alegre,,2,50.0
-22.412177,-42.953357,BR,Brazil,Teresopolis,,1,100.0
-22.412132,-42.953351,BR,Brazil,Teresópolis,,1,150.0
-29.810286,-55.752434,BR,Brazil,Alegrete ,,1,40.0
-29.785235,-55.794021,BR,Brazil,Alegrete ,,1,30.0
-28.651688,-55.989192,BR,Brazil,São Borja,,1,40.0
-29.190251,-54.872774,BR,Brazil,Santiago,,1,40.0
-28.140937,-48.691437,BR,Brazil,Imbituba,,1,60.0
-26.903108,-48.829649,BR,Brazil,Ilhota,,1,7.0
-21.147855,-47.805292,BR,Brazil,Ribeirão Preto,,1,60.0
-18.927724,-48.250978,BR,Brazil,Uberlândia,,1,120.0
-23.329902,-49.065578,BR,Brazil,Itaí,,1,40.0
-23.581782,-46.683706,BR,Brazil,São Paulo,,1,7.0
-4.419969,-37.769629,BR,Brazil,Fortim,,1,22.0
-22.730641,-47.613777,BR,Brazil,Piracicaba,,1,40.0
-22.979578,-43.223158,BR,Brazil,Rio de Janeiro,,2,7.0
-22.99948,-47.499547,BR,Brazil,Capivari,,1,30.0
-22.703094,-47.651048,BR,Brazil,São Paulo,,3,80.0
-8.122575,-34.906285,BR,Brazil,Recife,,3,60.0
-12.979858,-38.46309,BR,Brazil,Salvador,,2,7.0
-15.611425,-47.697419,BR,Brazil,Brasília,,2,60.0
-15.652156,-47.801997,BR,Brazil,Brasília ,,2,60.0
-15.699014,-47.879003,BR,Brazil,Brasília,,2,60.0
-15.771119,-47.888487,BR,Brazil,Brasília ,,2,60.0
-15.772017,-47.892464,BR,Brazil,Brasília,,4,60.0
-15.78404,-48.121948,BR,Brazil,Brasília ,,2,60.0
-15.79071,-48.022202,BR,Brazil,Brasília ,,2,60.0
-15.794824,-48.052745,BR,Brazil,Brasília,,2,60.0
-15.799051,-48.17818,BR,Brazil,Brasília ,,2,60.0
-15.802132,-47.948091,BR,Brazil,Brasília,,3,60.0
-15.803645,-47.960148,BR,Brazil,Brasília,,8,120.0
-15.806537,-47.83058,BR,Brazil,Brasília,,2,22.0
-15.813504,-48.016755,BR,Brazil,Brasília ,,3,60.0
-15.816803,-47.871122,BR,Brazil,Brasília,,2,60.0
-15.820293,-48.10227,BR,Brazil,Brasília ,,2,60.0
-15.824227,-47.954669,BR,Brazil,Brasília,,2,22.0
-15.825765,-47.872428,BR,Brazil,Brasília,,2,60.0
-15.827018,-47.902103,BR,Brazil,Brasília,,8,60.0
-15.828907,-47.956466,BR,Brazil,Brasília,,3,60.0
-15.830812,-47.943867,BR,Brazil,Brasília,,2,22.0
-15.832782,-48.006513,BR,Brazil,Brasília,,4,60.0
-15.835536,-48.017925,BR,Brazil,Brasília ,,3,60.0
-15.840764,-47.980818,BR,Brazil,Brasília,,3,60.0
-15.841893,-48.031293,BR,Brazil,Brasília ,,1,30.0
-15.847542,-47.975811,BR,Brazil,Brasília,,2,60.0
-15.847628,-48.039512,BR,Brazil,Brasília ,,3,60.0
-15.869279,-47.938371,BR,Brazil,Brasília ,,3,22.0
-15.873392,-47.802029,BR,Brazil,Brasília,,2,60.0
-15.888422,-48.083911,BR,Brazil,Brasília ,,3,60.0
-16.016971,-48.059614,BR,Brazil,Brasília ,,3,60.0
-16.067495,-47.982765,BR,Brazil,Valparaíso de Goiás,,2,60.0
-16.085963,-47.986112,BR,Brazil,Valparaíso de Goiás,,2,60.0
-16.24634,-47.908859,BR,Brazil,Luziânia ,,2,60.0
-16.328953,-48.946859,BR,Brazil,Anápolis ,,2,60.0
-16.34229,-48.968383,BR,Brazil,Anápolis,,2,60.0
-16.353619,-48.961422,BR,Brazil,Anápolis,,2,22.0
-16.409972,-46.897363,BR,Brazil,Unaí ,,1,22.0
-16.701976,-49.2645,BR,Brazil,Goiânia,,2,60.0
-16.705721,-49.238958,BR,Brazil,Goiânia,,2,60.0
-16.717125,-49.203003,BR,Brazil,Goiânia ,,2,60.0
-16.826365,-49.243348,BR,Brazil,Aparecida de Goiânia,,2,60.0
-17.723603,-48.642726,BR,Brazil,Caldas Novas,,2,60.0
-18.170546,-47.967779,BR,Brazil,Catalão,,2,60.0
-18.413613,-49.242613,BR,Brazil,Itumbiara,,2,60.0
-21.104908,-42.953189,BR,Brazil,Ubá,,1,40.0
-21.19372,-47.802053,BR,Brazil,Ribeirão Preto,,3,7.0
-21.195616,-47.763327,BR,Brazil,Ribeirão Preto,,1,7.0
-21.205712,-47.791159,BR,Brazil,Ribeirão Preto,,3,7.0
-21.209068,-47.779189,BR,Brazil,Ribeirão Preto,,2,7.0
-21.216539,-47.821197,BR,Brazil,Ribeirão Preto,,2,23.0
-22.361518,-41.800182,BR,Brazil,Macaé,,3,150.0
-22.368847,-41.787687,BR,Brazil,Macaé,,1,40.0
-22.398201,-41.791956,BR,Brazil,Macaé,,2,60.0
-22.40642,-41.855066,BR,Brazil,Macaé,,2,60.0
-22.4544,-44.301062,BR,Brazil,Barra Mansa,,2,60.0
-22.47256,-44.060532,BR,Brazil,Volta Redonda,,2,60.0
-22.514168,-41.930025,BR,Brazil,Rio das Ostras,,2,60.0
-22.520284,-44.082844,BR,Brazil,Volta Redonda,,2,60.0
-22.540111,-44.145562,BR,Brazil,Barra Mansa,,2,60.0
-22.792515,-43.303923,BR,Brazil,Duque de Caxias,,2,80.0
-22.813741,-43.073666,BR,Brazil,São Gonçalo,,5,60.0
-22.872261,-42.023405,BR,Brazil,Cabo Frio,,1,40.0
-22.8878,-43.114389,BR,Brazil,Niterói,,2,60.0
-22.896449,-42.040705,BR,Brazil,Cabo Frio,,2,60.0
-22.901382,-42.960987,BR,Brazil,Niterói,,2,60.0
-22.911113,-42.945737,BR,Brazil,Maricá,,3,60.0
-22.920383,-42.828359,BR,Brazil,Maricá,,1,7.0
-22.9299,-44.380553,BR,Brazil,Angra dos Reis,,2,60.0
-22.952968,-43.184767,BR,Brazil,Rio de Janeiro,,1,7.0
-22.954108,-43.02751,BR,Brazil,Niterói,,2,22.0
-22.969457,-43.359711,BR,Brazil,Rio de Janeiro,,2,80.0
-22.971186,-43.360495,BR,Brazil,Rio de Janeiro,,2,120.0
-22.999401,-43.404458,BR,Brazil,Rio de Janeiro,,2,150.0
-23.003336,-43.366096,BR,Brazil,Rio de Janeiro,,2,120.0
-23.00764,-43.316964,BR,Brazil,Rio de Janeiro,,2,7.0
-23.010224,-43.372003,BR,Brazil,Rio de Janeiro,,2,7.0
-23.01837,-43.481212,BR,Brazil,Rio de Janeiro,,3,60.0
-23.558444,-46.657798,BR,Brazil,São Paulo,,2,7.0
-23.556774,-46.679939,BR,Brazil,São Paulo,,1,7.0
-23.565127,-46.652815,BR,Brazil,São Paulo,,2,7.0
-23.569716,-46.70112,BR,Brazil,São Paulo,,4,7.0
-23.583026,-46.670811,BR,Brazil,São Paulo,,1,7.0
-23.584947,-46.681128,BR,Brazil,São Paulo,,1,7.0
-23.670539,-46.702961,BR,Brazil,Jurubatuba,,2,60.0
-27.43793,-48.39971,BR,Brazil,Florianópolis,,1,30.0
-25.101751,-48.724499,BR,Brazil,Antonina,,1,30.0
-25.324028,-49.024579,BR,Brazil,Quatro Barras,,1,11.0
-19.38689,-40.068582,BR,Brazil,Linhares,,1,30.0
-19.390673,-40.067433,BR,Brazil,Linhares,,1,60.0
-20.62857,-40.526227,BR,Brazil,Guarapari,,1,80.0
-21.457169,-56.120529,BR,Brazil,Jardim,,1,30.0
-28.648453,-53.589618,BR,Brazil,Cruz Alta,,1,40.0
-17.744608,-48.630815,BR,Brazil,Caldas Novas ,,1,40.0
-17.72413,-48.641938,BR,Brazil,Caldas Novas ,,1,60.0
-23.449959,-51.932069,BR,Brazil,Maringa,,1,80.0
-21.151443,-47.824894,BR,Brazil,Ribeirão Preto,,1,30.0
-29.493204,-51.927514,BR,Brazil,Estrela,,1,80.0
-16.66168,-49.255057,BR,Brazil,Goiânia,,2,22.0
-18.172543,-47.927671,BR,Brazil,Catalão,,2,40.0
-17.726769,-48.62768,BR,Brazil,Caldas Novas,,2,30.0
-17.694226,-48.587424,BR,Brazil,Caldas Novas,,1,7.4
-16.685524,-49.274757,BR,Brazil,Goiânia,,1,23.0
-16.693026,-49.252257,BR,Brazil,Goiânia,,1,23.0
-16.726037,-49.262207,BR,Brazil,Goiânia,,1,23.0
-15.819461,-47.83539,BR,Brazil,Brasília,,1,60.0
-16.690938,-49.261746,BR,Brazil,Goiânia,,2,80.0
-16.771062,-49.351919,BR,Brazil,Goiânia,,2,22.0
-16.629482,-49.278707,BR,Brazil,Goiânia,,2,7.0
-16.714536,-49.201635,BR,Brazil,Goiânia,,2,30.0
-22.980561,-49.902911,BR,Brazil,Ourinhos,,2,120.0
-16.697231,-49.269694,BR,Brazil,Goiânia,,2,7.4
-16.334583,-48.952141,BR,Brazil,Anápolis,,2,60.0
-16.623474,-49.219168,BR,Brazil,Goiânia,,1,23.0
-16.661548,-49.261591,BR,Brazil,Goiânia,,2,40.0
-29.45025,-51.96403,BR,Brazil,Lajeado,,1,80.0
-20.575008,-48.558498,BR,Brazil,Barretos,,1,30.0
-18.946927,-48.350178,BR,Brazil,Uberlândia,,3,40.0
-18.881192,-48.294674,BR,Brazil,Uberlândia,,1,60.0
-18.872111,-48.235014,BR,Brazil,Uberlândia,,1,40.0
-18.944636,-48.272761,BR,Brazil,Uberlândia,,1,40.0
-19.781086,-47.945286,BR,Brazil,Uberaba,,2,80.0
-19.778124,-47.945087,BR,Brazil,Uberaba,,1,40.0
-16.769032,-47.618358,BR,Brazil,Cristalina,,2,60.0
-18.952582,-48.269558,BR,Brazil,Uberlândia,,1,80.0
-18.186874,-47.946023,BR,Brazil,Catalão ,,1,120.0
-20.895849,-47.600547,BR,Brazil,Batatais ,,1,80.0
-19.657401,-46.213144,BR,Brazil,Campos Altos ,,1,30.0
-20.572347,-48.580279,BR,Brazil,Barretos ,,1,30.0
-22.384224,-42.856856,BR,Brazil,Teresópolis,,1,0.0
-22.388356,-42.997969,BR,Brazil,Teresópolis,,2,0.0
-23.616317,-46.673715,BR,Brazil,São Paulo,,1,240.0
-20.077168,-43.982534,BR,Brazil,Nova Lima,,2,50.0
-23.498308,-46.625262,BR,Brazil,São Paulo ,,1,7.0
-23.506065,-46.835005,BR,Brazil,Barueri,,1,7.0
-23.591373,-46.682652,BR,Brazil,São Paulo,,2,7.0
-23.592811,-46.652129,BR,Brazil,São Paulo,,1,7.0
-27.425474,-48.439738,BR,Brazil,Florianópolis,,1,30.0
-27.443258,-48.506664,BR,Brazil,Florianópolis,,2,22.0
-27.49901,-48.656409,BR,Brazil,Biguaçu,,1,30.0
-27.575681,-48.530158,BR,Brazil,Florianópolis ,,1,30.0
-27.590268,-48.5463,BR,Brazil,Florianópolis,,1,40.0
-27.601375,-48.545876,BR,Brazil,Florianópolis ,,1,30.0
-28.874695,-49.454283,BR,Brazil,Maracajá,,1,7.0
-20.28076,-49.204397,BR,Brazil,Fronteira,,1,30.0
-9.013791,-42.692932,BR,Brazil,São Raimundo Nonato,,1,20.0
-29.162226,-51.152497,BR,Brazil,Caxias do Sul,,1,80.0
-29.162849,-51.150136,BR,Brazil,Caxias do Sul,,1,80.0
-19.583693,-48.030006,BR,Brazil,Uberaba,,3,80.0
-20.732101,-44.773135,BR,Brazil,Oliveira,,3,150.0
-23.005652,-43.483652,BR,Brazil,Rio de Janeiro,,1,22.0
-17.771271,-48.755867,BR,Brazil,Rio Quente ,,1,40.0
-15.698203,-49.336317,BR,Brazil,Jaragua,,1,40.0
-22.454802,-44.389371,BR,Brazil,Resende,,1,120.0
-18.879765,-48.246175,BR,Brazil,Uberlândia,,1,80.0
-3.092706,-59.989927,BR,Brazil,Manaus,,1,7.0
-3.07492,-59.997143,BR,Brazil,Manaus,,1,22.0
-11.71186,-47.731853,BR,Brazil,Natividade,,3,60.0
-23.581259,-46.684975,BR,Brazil,São Paulo,,1,240.0
-16.767032,-47.615085,BR,Brazil,Cristalina,,1,40.0
-15.874419,-48.030779,BR,Brazil,Brasília,,2,40.0
-15.834348,-48.072864,BR,Brazil,Brasília,,1,22.0
-15.999137,-48.052119,BR,Brazil,Brasília,,1,22.0
-15.794429,-47.947566,BR,Brazil,Brasília,,2,30.0
-15.889673,-47.797653,BR,Brazil,Brasília,,2,30.0
-15.853201,-47.955974,BR,Brazil,,,1,0.0
-15.85089,-47.939391,BR,Brazil,,,1,0.0
-21.109546,-44.232423,BR,Brazil,SÃO JOÃO DEL REI,,2,40.0
-22.898953,-43.267301,BR,Brazil,Rio de Janeiro ,,1,7.0
-7.128251,-34.826796,BR,Brazil,João Pessoa,,1,60.0
-11.5576,-41.157542,BR,Brazil,Morro Do Chapeú,,1,6.0
-15.794378,-47.946204,BR,Brazil,Brasília,,1,21.1
-19.975629,-44.200511,BR,Brazil,Betim,,1,0.0
-12.517678,-40.285841,BR,Brazil,Itaberaba,,3,60.0
-15.833957,-47.950352,BR,Brazil,Brasília,,1,21.1
-20.380392,-41.026275,BR,Brazil,Pedra Azul,,1,60.0
-20.296656,-42.476902,BR,Brazil,Abre Campo,,3,120.0
-17.73504,-48.623825,BR,Brazil,Betkm,,1,0.0
-12.256896,-38.928865,BR,Brazil,Feira De Santana,,3,90.0
-12.823037,-38.399019,BR,Brazil,Simoes Filho,,1,40.0
-29.371068,-50.862639,BR,Brazil,Gramado,,1,60.0
-28.237035,-52.376458,BR,Brazil,Paso Fundo,,1,80.0
-27.078508,-52.620762,BR,Brazil,Chapecó,,1,60.0
-27.095984,-52.667848,BR,Brazil,Chapecó,,1,60.0
-27.512535,-53.213593,BR,Brazil,Pinhal,,1,60.0
-27.472009,-53.171356,BR,Brazil,Rodeio Bonito,,1,40.0
-27.472827,-53.189264,BR,Brazil,Rodeio Bonito,,1,40.0
-27.409961,-53.415062,BR,Brazil,Frederico Westphalen,,1,40.0
-27.852803,-54.476179,BR,Brazil,Santa Rosa,,3,60.0
-12.162745,-39.744123,BR,Brazil,Ipirá,,1,7.0
-23.186808,-46.898581,BR,Brazil,Jundiaí ,,1,80.0
-22.429836,-42.980083,BR,Brazil,Teresópolis,,1,0.0
-22.415674,-42.952489,BR,Brazil,Teresópolis,,1,0.0
-12.94156,-38.41732,BR,Brazil,Salvador,,1,120.0
-23.162686,-46.912404,BR,Brazil,Jundiaí,,1,50.0
-6.240319,-35.045226,BR,Brazil,Tibau do Sul,,1,30.0
-7.086524,-34.840483,BR,Brazil,João Pessoa,,2,120.0
-18.133497,-49.28516,BR,Brazil,Goiatuba,,1,60.0
-16.190886,-48.67161,BR,Brazil,Abadiânia ,,1,30.0
-15.849538,-48.957508,BR,Brazil,Pirenópolis,,1,30.0
-15.853862,-48.967801,BR,Brazil,Pirenópolis,,1,23.0
-16.184978,-48.688626,BR,Brazil,Abadiânia,,4,90.0
-16.334354,-48.940649,BR,Brazil,Anápolis,,1,22.0
-16.660258,-49.485476,BR,Brazil,Trindade,,1,7.4
-15.935812,-50.142762,BR,Brazil,Goiás,,1,7.4
-16.714314,-49.269014,BR,Brazil,Goiânia,,2,30.0
-12.990551,-38.524543,BR,Brazil,Vitória,,1,7.0
-15.840364,-48.044981,BR,Brazil,Brasília,,1,7.0
-17.71477,-48.677712,BR,Brazil,Caldas Novas ,,1,30.0
-19.831853,-40.379495,BR,Brazil,Ibiraçu,,3,60.0
-19.959982,-44.071813,BR,Brazil,Betim,,1,7.0
-19.976583,-43.948901,BR,Brazil,Belo Horizonte,,1,7.0
-20.303706,-40.291904,BR,Brazil,Vitória,,2,60.0
-21.287248,-47.750866,BR,Brazil,Cravinhos,,10,40.0
-21.382807,-47.706447,BR,Brazil,Cravinhos,,1,7.0
-21.7368,-41.025117,BR,Brazil,São João da Barra,,1,7.0
-21.743383,-41.33485,BR,Brazil,Campos dos Goytacazes,,1,30.0
-21.794564,-43.367619,BR,Brazil,Juiz de Fora,,1,30.0
-21.908388,-48.05286,BR,Brazil,Ibaté,,3,150.0
-22.381707,-41.777387,BR,Brazil,Macaé,,1,7.0
-22.391107,-41.808895,BR,Brazil,Macaé,,3,7.0
-22.395638,-43.133188,BR,Brazil,Itaipava,,2,7.0
-22.437131,-43.177589,BR,Brazil,Petrópolis,,1,30.0
-22.517253,-44.10856,BR,Brazil,Volta Redonda,,1,7.0
-22.678997,-42.008718,BR,Brazil,Cabo Frio,,3,7.0
-22.748723,-41.956629,BR,Brazil,Búzios,,1,7.0
-22.769723,-41.882934,BR,Brazil,Búzios,,1,7.0
-22.775087,-41.925041,BR,Brazil,Búzios,,2,60.0
-22.813037,-49.282155,BR,Brazil,Santa Bárbara,,3,60.0
-22.857282,-43.247989,BR,Brazil,Rio de Janeiro,,2,60.0
-22.898783,-43.222967,BR,Brazil,Rio de Janeiro,,1,30.0
-22.909115,-45.315959,BR,Brazil,Roseira,,3,150.0
-22.909337,-43.184494,BR,Brazil,Rio de Janeiro,,12,7.0
-22.910832,-43.216849,BR,Brazil,Rio de Janeiro,,2,60.0
-22.910939,-47.047213,BR,Brazil,Campinas,,2,60.0
-22.920057,-43.1771,BR,Brazil,Rio de Janeiro,,1,7.0
-22.924464,-43.173578,BR,Brazil,Rio de Janeiro,,1,7.0
-22.925421,-43.899652,BR,Brazil,Mangaratiba,,1,7.0
-22.950549,-44.393312,BR,Brazil,Angra dos Reis,,1,7.0
-22.957244,-43.179451,BR,Brazil,Rio de Janeiro,,8,7.0
-22.964902,-43.217787,BR,Brazil,Rio de Janeiro,,1,7.0
-22.972091,-43.369819,BR,Brazil,Rio de Janeiro,,1,7.0
-22.972711,-43.203523,BR,Brazil,Rio de Janeiro,,2,60.0
-22.987068,-43.358333,BR,Brazil,Rio de Janeiro,,1,7.0
-22.992569,-43.370121,BR,Brazil,Rio de Janeiro,,1,7.0
-22.992763,-43.363645,BR,Brazil,Rio de Janeiro,,2,7.0
-22.997769,-43.362851,BR,Brazil,Rio de Janeiro,,1,7.0
-22.998165,-44.249516,BR,Brazil,Angra dos Reis ,,1,7.0
-22.999698,-43.379634,BR,Brazil,Rio de Janeiro,,1,7.0
-22.999831,-43.492637,BR,Brazil,Rio de Janeiro',,1,7.0
-23.000634,-43.405691,BR,Brazil,Rio de Janeiro,,1,7.0
-23.000677,-43.359593,BR,Brazil,Rio de Janeiro,,1,7.0
-23.002424,-44.300175,BR,Brazil,Angra dos Reis,,1,7.0
-23.005436,-43.313219,BR,Brazil,Rio de Janeiro,,1,7.0
-23.003709,-43.428365,BR,Brazil,Rio de Janeiro,,4,30.0
-23.008788,-43.316512,BR,Brazil,Rio de Janeiro,,2,7.0
-23.011311,-43.301481,BR,Brazil,Rio de Janeiro,,1,30.0
-23.107962,-46.57259,BR,Brazil,Atibaia,,2,7.0
-23.233983,-44.706744,BR,Brazil,Paraty,,2,7.0
-23.434238,-46.27248,BR,Brazil,São Paulo,,2,40.0
-23.473188,-46.53199,BR,Brazil,São Paulo,,1,7.0
-23.485638,-46.856953,BR,Brazil,Barueri,,1,7.0
-23.513454,-46.71698,BR,Brazil,São Paulo,,3,7.0
-23.517031,-46.724506,BR,Brazil,São Paulo,,2,7.0
-23.519517,-46.546305,BR,Brazil,São Paulo,,11,30.0
-23.521619,-46.66221,BR,Brazil,São Paulo,,1,7.0
-23.523175,-46.73788,BR,Brazil,São Paulo,,2,7.0
-23.530254,-46.676761,BR,Brazil,São Paulo,,1,22.0
-23.536012,-47.466328,BR,Brazil,Sorocaba,,1,7.0
-23.547077,-46.57106,BR,Brazil,São Paulo,,1,7.0
-23.55792,-46.662059,BR,Brazil,São Paulo,,2,22.0
-23.55865,-46.662117,BR,Brazil,São Paulo,,1,7.0
-23.558693,-46.664027,BR,Brazil,São Paulo,,1,7.0
-23.567441,-46.69369,BR,Brazil,São Paulo,,1,7.0
-23.572494,-46.659518,BR,Brazil,São Paulo,,1,7.0
-23.573492,-46.697787,BR,Brazil,Pinheiros,,7,7.0
-23.586971,-46.680929,BR,Brazil,São Paulo,,1,7.0
-23.595457,-46.679966,BR,Brazil,São Paulo,,1,22.0
-23.595483,-46.636218,BR,Brazil,São Paulo,,2,7.0
-23.597703,-46.629607,BR,Brazil,São Paulo,,1,22.0
-23.601724,-46.68087,BR,Brazil,São Paulo,,4,60.0
-23.604465,-46.665315,BR,Brazil,São Paulo,,1,7.0
-23.624484,-46.704652,BR,Brazil,São Paulo,,10,7.0
-23.62481,-46.662287,BR,Brazil,São Paulo,,1,7.0
-23.627272,-46.700797,BR,Brazil,São Francisco,,1,7.0
-23.482463,-47.439602,BR,Brazil,Sorocaba,,1,120.0
-23.00053,-43.376568,BR,Brazil, Rio de Janeiro,,3,210.0
-25.675599,-49.151017,BR,Brazil,São José dos Pinhais,,1,40.0
-25.730617,-49.134303,BR,Brazil,São José dos Pinhais,,1,60.0
-26.296883,-48.883267,BR,Brazil,Joinville ,,2,60.0
-26.298741,-48.883012,BR,Brazil,Joinville ,,1,60.0
-26.516127,-48.71911,BR,Brazil,Araquari ,,3,60.0
-26.687808,-48.695148,BR,Brazil,Barra Velha,,2,60.0
-27.027322,-48.605383,BR,Brazil,Balneário Camboriú,,2,60.0
-27.066576,-48.595231,BR,Brazil,Itapema ,,1,30.0
-27.066242,-48.596374,BR,Brazil,Itapema ,,2,38.0
-27.202311,-48.613815,BR,Brazil,Porto Belo,,2,120.0
-27.583607,-48.614744,BR,Brazil,São José,,2,60.0
-27.593052,-48.617542,BR,Brazil,Kobrasol,,1,30.0
-27.594022,-48.618244,BR,Brazil,São José,,1,150.0
-27.618633,-48.647071,BR,Brazil,SAO JOSE,,2,40.0
-9.018364,-35.225236,BR,Brazil,,,1,0.0
-29.971938,-51.17142,BR,Brazil,Porto Alegre,,2,80.0
-12.138099,-45.011799,BR,Brazil,Barreirinhas,,1,38.0
-10.44055,-45.16698,BR,Brazil,CORRENTE/PI,,1,38.0
-22.820229,-47.378672,BR,Brazil,Santa Bárbara d'Oeste,,2,120.0
-20.820476,-49.383702,BR,Brazil,São José do Rio Preto,,1,30.0
-23.485175,-46.539151,BR,Brazil,Guarulhos,,1,60.0
-23.558647,-46.567517,BR,Brazil,São Paulo,,1,60.0
-29.268593,-50.302425,BR,Brazil,Cambará Do Sul,,1,60.0
-25.431391,-49.994271,BR,Brazil,Palmeira,,1,80.0
-25.415088,-49.775521,BR,Brazil,Palmeira,,1,60.0
-24.948021,-53.435035,BR,Brazil,Cascavel,,2,220.0
-25.444668,-49.569941,BR,Brazil,Campo Largo,,2,120.0
-28.006886,-50.540949,BR,Brazil,Capao Alto,,1,40.0
-18.988844,-49.456969,BR,Brazil,Ituiutaba ,,2,7.0
-2.560302,-44.24716,BR,Brazil,São Luís,,1,40.0
-3.734478,-38.65704,BR,Brazil,Aracaju,,1,60.0
-3.734252,-38.656867,BR,Brazil,Meruoca,,1,40.0
-3.720694,-38.631841,BR,Brazil,Caucaia,,1,7.4
-7.580888,-40.508784,BR,Brazil,Araripina,,1,40.0
-9.071966,-44.344519,BR,Brazil,Bom Jesus,,1,30.0
-8.196031,-43.792659,BR,Brazil,Col. do Gurguéia,,1,30.0
-3.771202,-38.519995,BR,Brazil,Aquiraz,,1,40.0
-28.249725,-52.413254,BR,Brazil,,,1,38.0
-10.945948,-37.04675,BR,Brazil,Aracaju,,1,60.0
-16.274545,-48.968343,BR,Brazil,Anápolis,,1,40.0
-30.025945,-51.114791,BR,Brazil,Porto Alegre ,,1,40.0
-8.195898,-43.792547,BR,Brazil,Col. do Gurguéia,,1,30.0
-22.0138,-47.437364,BR,Brazil,Pirassununga ,,2,80.0
-5.29942,-44.486483,BR,Brazil,Presidente Dutra,,1,40.0
-22.116103,-45.057419,BR,Brazil,São Lourenço ,,1,60.0
-30.131129,-51.971862,BR,Brazil,Butia,,1,21.0
-22.484531,-46.635282,BR,Brazil,Aguas De Lindoia,,1,40.0
-9.735244,-36.655235,BR,Brazil,Arapiraca,,1,120.0
-5.811311,-35.206389,BR,Brazil,Natal,,1,160.0
-3.84216,-38.483541,BR,Brazil,Fortaleza,,1,40.0
-5.825507,-46.159012,BR,Brazil,Grajaú,,1,40.0
-6.233286,-35.04613,BR,Brazil,Tibau do Sul	,,1,30.0
-7.234946,-35.86923,BR,Brazil,Campina Grande,,1,120.0
-8.2781,-35.971695,BR,Brazil,Caruaru,,1,90.0
-7.512288,-46.033471,BR,Brazil,Balsas,,1,40.0
-1.364118,-48.295126,BR,Brazil,Marituba,,1,40.0
-16.825956,-49.242846,BR,Brazil,Goiânia,,1,60.0
-3.75162,-38.500325,BR,Brazil,Fortaleza,,1,22.0
-3.73964,-38.488112,BR,Brazil,Fortaleza ,,1,22.0
-3.736792,-38.49929,BR,Brazil,Fortaleza,,2,47.0
-14.978156,-48.92491,BR,Brazil,Barro Alto,,1,40.0
-5.912715,-35.261567,BR,Brazil,Parnamirim,,1,120.0
-9.672379,-35.747157,BR,Brazil,Maceió,,1,40.0
-30.027944,-51.171755,BR,Brazil,Porto Alegre,,1,60.0
-11.754271,-49.092104,BR,Brazil,Gurupi,,1,40.0
-10.177774,-48.882704,BR,Brazil,Paraíso do Tocantins,,1,40.0
-2.87849,-40.957033,BR,Brazil,Camocim,,1,7.0
-2.781194,-42.818374,BR,Brazil,Barreirinhas,,1,22.0
-3.744589,-43.343161,BR,Brazil,Chapadinha,,1,40.0
-2.772357,-42.44777,BR,Brazil,Tutóia,,1,7.0
-1.213136,-47.179924,BR,Brazil,Capanema,,1,40.0
-1.442776,-48.447327,BR,Brazil,Belém,,1,40.0
-2.042898,-47.548823,BR,Brazil,Mãe do Rio,,1,40.0
-3.738561,-47.493292,BR,Brazil,Ulianópolis,,1,40.0
-10.177845,-48.882465,BR,Brazil,Paraíso do Tocantins,,1,40.0
-8.847258,-48.509932,BR,Brazil,Guaraí,,1,40.0
-7.20235,-48.238481,BR,Brazil,Araguaína,,1,40.0
-7.326533,-47.443321,BR,Brazil,Carolina,,1,40.0
-5.542315,-47.465562,BR,Brazil,Imperatriz,,1,40.0
-5.482171,-47.472408,BR,Brazil,Imperatriz,,1,40.0
-4.331724,-46.434846,BR,Brazil,Buriticupu,,1,40.0
-2.689098,-44.299634,BR,Brazil,São Luís ,,1,40.0
-13.441721,-49.133232,BR,Brazil,Porangatu,,1,40.0
-5.077145,-42.79694,BR,Brazil,Teresina,,1,60.0
-27.687791,-53.306761,BR,Brazil,Boa Vista das Missões,,1,40.0
-27.922349,-53.314338,BR,Brazil,Palmeira das Missões,,1,40.0
-30.240208,-54.969651,BR,Brazil,Rosário do Sul,,1,38.0
-28.388356,-53.929913,BR,Brazil,Ijui,,1,60.0
-5.892238,-42.64569,BR,Brazil,Teresina,,1,30.0
-5.891924,-42.64584,BR,Brazil,Água Branca,,1,30.0
-21.444413,-45.95031,BR,Brazil,Alfenas,,2,60.0
-5.045644,-39.048416,BR,Brazil,Quixadá,,1,40.0
-22.257665,-45.693623,BR,Brazil,Santa Rita Do Sapucaí ,,1,60.0
-6.173757,-35.765414,BR,Brazil,Tangará,,1,40.0
-22.986309,-49.867655,BR,Brazil,Ourinhos ,,2,120.0
-22.11591,-51.409853,BR,Brazil,São Paulo,,2,60.0
-10.953081,-37.054674,BR,Brazil,Aracaju,,1,60.0
-4.254039,-44.433387,BR,Brazil,Alto Alegre do Maranhão,,1,160.0
-5.081587,-42.763841,BR,Brazil,Teresina,,1,60.0
-6.469961,-37.086246,BR,Brazil,Caicó,,1,30.0
-3.881932,-38.487061,BR,Brazil,Eusébio,,1,60.0
-7.240036,-35.887921,BR,Brazil,Campina Grande,,1,60.0
-6.901234,-38.56828,BR,Brazil,Cajazeiras,,1,40.0
-7.221391,-35.875464,BR,Brazil,Campina Grande,,1,40.0
-5.811603,-35.226045,BR,Brazil,Natal,,1,40.0
-7.124454,-34.87325,BR,Brazil,João Pessoa,,1,40.0
-5.889601,-35.209117,BR,Brazil,Parnamirim,,1,40.0
-5.762612,-35.253159,BR,Brazil,Natal,,1,40.0
-8.005502,-36.075053,BR,Brazil,Toritama,,1,40.0
-7.039607,-34.84573,BR,Brazil,Cabedelo,,1,60.0
-22.484474,-44.547338,BR,Brazil,Itatiaia,,2,120.0
-25.469268,-49.352788,BR,Brazil,Paraná,,2,0.0
-24.954332,-53.420553,BR,Brazil,Paraná,,1,120.0
-24.978759,-53.491587,BR,Brazil,Paraná,,1,30.0
-6.86485,-35.496219,BR,Brazil,Região Metropolitana de Guarabira,,1,40.0
-7.114185,-34.853494,BR,Brazil,João Pessoa,,1,40.0
-9.590148,-35.760987,BR,Brazil,Maceió,,1,90.0
-7.171413,-34.870808,BR,Brazil,João Pessoa,,1,90.0
-18.42158,-49.194226,BR,Brazil,Minas Gerais,,1,160.0
-23.618949,-46.602131,BR,Brazil,São Paulo,,1,60.0
-2.90781,-40.118696,BR,Brazil,Acaraú,,1,47.0
-3.73571,-38.560995,BR,Brazil,Fortaleza ,,1,30.0
-23.076713,-47.209359,BR,Brazil,Indaiatuba - SP,,1,40.0
-9.759006,-36.64885,BR,Brazil,Arapiraca,,1,60.0
-9.617362,-35.739604,BR,Brazil,Maceió,,1,40.0
-3.758038,-38.484998,BR,Brazil,Fortaleza,,2,22.0
-3.736286,-38.496911,BR,Brazil,Fortaleza,,1,22.0
-2.902363,-41.459843,BR,Brazil,Luis Correia,,1,7.0
-14.059651,-42.52108,BR,Brazil,Caetité,,1,40.0
-14.869372,-40.844414,BR,Brazil,Vitória Da Conquista ,,1,40.0
-14.869586,-40.844336,BR,Brazil,Vitória da Conquista,,1,40.0
-14.858632,-40.831308,BR,Brazil,Bahia,,1,60.0
-2.134731,-45.884879,BR,Brazil,Governador Nunes Freire,,1,40.0
-3.674996,-45.370608,BR,Brazil,Santa Inês,,1,40.0
-9.656557,-35.701382,BR,Brazil,Maceio,,1,60.0
-3.689118,-40.330428,BR,Brazil,Sobral,,1,30.0
-21.21951,-43.74391,BR,Brazil,Barbacena,,1,60.0
-22.96418,-45.42678,BR,Brazil,Pindamonhangaba,,2,120.0
-21.210937,-43.749044,BR,Brazil,Barbacena,,1,60.0
-2.491636,-44.276691,BR,Brazil,São Luis,,1,60.0
-6.15194,-38.205899,BR,Brazil,Pau dos Ferros,,1,30.0
-4.84267,-37.257451,BR,Brazil,Tibau,,2,40.0
-23.204804,-46.92776,BR,Brazil,Jundiaí,,2,120.0
-22.547582,-44.807601,BR,Brazil,São Paulo,,1,120.0
-25.531006,-49.086482,BR,Brazil,Paraná,,1,60.0
-26.957211,-48.639094,BR,Brazil,Balneário Camboriú,,1,22.0
-25.432299,-49.363392,BR,Brazil,Paraná,,1,160.0
-22.093201,-47.832377,BR,Brazil,São Paulo,,2,60.0
-22.629121,-47.337457,BR,Brazil,São Paulo,,2,60.0
-4.226737,-44.776306,BR,Brazil,Bacabal,,1,30.0
-25.519113,-49.199902,BR,Brazil,São José Dos Pinhais,,1,60.0
-26.052004,-48.859946,BR,Brazil,Garuva,,1,30.0
-26.294601,-48.859373,BR,Brazil,Joinville,,1,60.0
-26.780494,-48.685202,BR,Brazil,Balneario Piçarras,,2,120.0
-26.779395,-48.684196,BR,Brazil,Balneario Piçarras,,2,120.0
-23.022779,-46.842399,BR,Brazil,Itatiba,,1,30.0
-21.748902,-42.730227,BR,Brazil,Além Paraíba,,1,5.0
-21.881201,-42.684585,BR,Brazil,Sapucaia,,1,6.0
-30.083505,-51.2453,BR,Brazil,Porto Alegre,,1,7.0
-25.318309,-49.018013,BR,Brazil,Quatro Barras,,1,30.0
-7.248399,-35.872126,BR,Brazil,Campina Grande,,1,22.0
-7.243073,-35.870801,BR,Brazil,Campina Grande,,1,22.0
-9.970159,-39.163131,BR,Brazil,Canudos,,3,60.0
-8.514987,-41.006068,BR,Brazil,Afrânio,,1,30.0
-9.423962,-40.499614,BR,Brazil,Juazeiro,,1,30.0
-11.381419,-40.007524,BR,Brazil,Capim Grosso,,1,30.0
-13.860598,-40.113713,BR,Brazil,Bahia,,1,60.0
-14.460547,-46.478751,BR,Brazil,Simolândia,,2,60.0
-17.891735,-39.818876,BR,Brazil,Nova Viçosa,,2,60.0
-26.255335,-53.633326,BR,Brazil,Dionisio Cequeira,,1,30.0
-25.344028,-51.441534,BR,Brazil,Paraná,,1,60.0
-25.348768,-51.473975,BR,Brazil,Paraná,,2,50.0
-24.950805,-53.425892,BR,Brazil,Paraná,,1,60.0
-4.192722,-38.170313,BR,Brazil,Beberibe,,1,60.0
-22.802171,-43.351093,BR,Brazil,Rio de Janeiro ,,1,180.0
-22.751751,-47.312575,BR,Brazil,Americana,,1,40.0
-22.751294,-47.312385,BR,Brazil,Americana,,1,40.0
-8.863296,-36.46285,BR,Brazil,Garanhuns,,1,40.0
-9.727741,-35.878198,BR,Brazil,Marechal Deodoro,,1,60.0
-5.833962,-35.218448,BR,Brazil,Rio Grande do Norte,,1,40.0
-3.903055,-41.712467,BR,Brazil,Piracuruca,,1,30.0
44.515306,11.399309,IT,Italy,Bologna,,1,300.0
44.33334,11.18963,IT,Italy,Marzabotto,,1,22.0
44.50915,11.185785,IT,Italy,Zola Predosa,,4,300.0
43.562598,11.167787,IT,Italy,Barberino Tavarnelle,,1,22.0
44.67987,11.03782,IT,Italy,Nonantola,,1,120.0
45.736041,7.404415,IT,Italy,Valle d'Aosta / Vallée d'Aoste,,1,350.0
41.869783,12.584073,IT,Italy,Lazio,,1,350.0
46.2151,11.1178,IT,Italy,Mezzocorona,,1,22.0
43.900141,12.841571,IT,Italy,Pesaro,,4,300.0
42.396293,14.16657,IT,Italy,San Giovanni Teatino,,3,300.0
42.061117,13.919478,IT,Italy,Sulmona,,1,150.0
45.421884,9.081762,IT,Italy,Trezzano sul Naviglio,,1,350.0
40.965902,14.279419,IT,Italy,Orta di Atella,,1,180.0
40.837702,14.119674,IT,Italy,Pozzuoli,,4,300.0
46.548083,10.141004,IT,Italy,Livigno,,2,11.0
40.751829,13.891603,IT,Italy,Lacco Ameno,,1,22.0
45.735198,11.528694,IT,Italy,Zugliano,,2,100.0
40.735677,13.951921,IT,Italy,Ischia,,1,22.0
45.655364,11.401457,IT,Italy,Malo,,1,150.0
41.351873,14.062241,IT,Italy,Presenzano ,,1,22.0
40.700413,13.890364,IT,Italy,Serrara Fontana,,3,90.0
45.666749,8.962766,IT,Italy,Mozzate,,1,120.0
45.195775,11.315764,IT,Italy,Legnago,,1,22.0
45.195716,11.307017,IT,Italy,Legnago,,1,22.0
44.794041,10.806659,IT,Italy,Correggio,,1,90.0
45.57383,10.709446,IT,Italy,Garda,,2,22.0
44.329702,11.059983,IT,Italy,Vergato,,1,22.0
44.698674,10.520207,IT,Italy,Cavriago,,1,101.0
44.693491,10.516753,IT,Italy,Cavriago,,1,101.0
44.526502,10.742508,IT,Italy,Castellarano,,1,90.0
44.650154,10.916288,IT,Italy,Modena,,1,120.0
44.603554,10.412547,IT,Italy,Canossa,,1,90.0
46.986621,11.957412,IT,Italy,Ahrntal / Valle Aurina,,1,22.0
44.711323,10.611683,IT,Italy,Reggio Emilia,,1,300.0
44.703135,10.847601,IT,Italy,Campogalliano,,1,400.0
44.511794,10.502005,IT,Italy,Casina,,1,90.0
42.325961,14.086032,IT,Italy,Chieti,,1,22.0
41.570813,13.325084,IT,Italy,Ceccano,,2,90.0
46.36744,13.071304,IT,Italy,Amaro,,1,400.0
43.090338,10.551886,IT,Italy,San Vincenzo,,4,300.0
44.720041,10.641811,IT,Italy,Reggio Emilia,,1,300.0
43.852738,11.164314,IT,Italy,Calenzano,,1,300.0
44.826059,10.206029,IT,Italy,Noceto,,1,99.0
44.507361,11.077258,IT,Italy,Valsamoggia,,2,60.0
44.443733,12.290558,IT,Italy,Ravenna,,1,22.0
44.394993,12.181285,IT,Italy,Ravenna,,1,300.0
41.250917,13.747876,IT,Italy,Minturno,,2,180.0
41.67118,12.49943,IT,Italy,Pomezia,,3,110.0
44.657898,10.895572,IT,Italy,Modena,,3,75.0
45.066543,10.180175,IT,Italy,San Daniele Po,,1,22.0
45.150779,9.996449,IT,Italy,Cremona,,3,400.0
44.824218,10.205085,IT,Italy,Noceto,,2,400.0
43.439092,11.783793,IT,Italy,Arezzo,,1,150.0
41.913873,12.661032,IT,Italy,Roma,,1,300.0
40.950214,14.491445,IT,Italy,Nola,,1,180.0
40.296261,15.648429,IT,Italy,Padula,,1,300.0
46.274882,9.396814,IT,Italy,Prata Camportaccio,,1,22.0
46.274426,9.395271,IT,Italy,Prata Camportaccio,,1,22.0
45.445615,9.073755,IT,Italy,Milano,,1,300.0
44.842854,11.599231,IT,Italy,Ferrara,,1,100.0
38.159293,14.746763,IT,Italy,Capo d'Orlando,,3,110.0
38.034084,14.443811,IT,Italy,Caronia,,1,90.0
37.976756,13.690482,IT,Italy,Termini Imerese,,1,300.0
37.984205,12.964496,IT,Italy,Alcamo,,2,180.0
38.010408,12.544288,IT,Italy,Trapani,,3,75.0
37.805303,12.445971,IT,Italy,Marsala,,1,50.0
37.644163,12.615654,IT,Italy,Mazara del Vallo,,1,300.0
37.520197,13.082805,IT,Italy,Sciacca,,3,75.0
37.389132,13.351463,IT,Italy,Montallegro,,3,110.0
37.31118,13.586693,IT,Italy,Agrigento,,3,75.0
37.272724,13.626694,IT,Italy,Agrigento,,3,75.0
37.06504,14.261267,IT,Italy,Gela,,3,75.0
36.728199,14.908775,IT,Italy,Ispica,,1,90.0
36.677264,15.132511,IT,Italy,Portopalo di Capo Passero,,1,90.0
36.726011,15.086791,IT,Italy,Pachino,,1,90.0
37.068761,15.280318,IT,Italy,Siracusa,,1,90.0
37.111065,15.196025,IT,Italy,Priolo Gargallo,,1,300.0
37.447522,15.034088,IT,Italy,Catania,,4,300.0
37.719315,15.179121,IT,Italy,Giarre,,1,120.0
37.798862,15.205181,IT,Italy,Fiumefreddo Sicilia,,2,110.0
37.967362,15.385944,IT,Italy,Roccalumera,,3,75.0
38.318376,15.842141,IT,Italy,Seminara,,1,300.0
41.247176,16.306902,IT,Italy,Andria,,1,400.0
42.069264,14.773983,IT,Italy,San Salvo Marina,,1,350.0
44.042323,12.574761,IT,Italy,Emilia-Romagna,,2,350.0
46.738999,12.165677,IT,Italy,Villabassa,,1,22.0
46.73866,12.169557,IT,Italy,Villabassa,,1,95.0
46.737413,12.171373,IT,Italy,Villabassa,,1,22.0
46.705228,12.086694,IT,Italy,Braies,,1,22.0
39.352619,16.236382,IT,Italy,Rende,,2,300.0
46.083184,11.19917,IT,Italy,Civazzano,,1,300.0
43.853911,10.408351,IT,Italy,Maggiano,,2,100.0
45.147917,8.99101,IT,Italy,Dorno,,1,360.0
45.423344,10.710859,IT,Italy,Castelnuovo del Garda ,,1,250.0
45.437136,10.699318,IT,Italy,Peschiera del Garda,,1,400.0
44.633431,10.434032,IT,Italy,San Polo d'Enza,,1,120.0
44.062466,12.586637,IT,Italy,Rimini,,1,22.0
44.042929,12.573504,IT,Italy,Rimini,,1,300.0
44.554206,10.78624,IT,Italy,Sassuolo,,1,120.0
44.846663,10.731545,IT,Italy,Novellara,,1,22.0
41.597934,14.251155,IT,Italy,Isernia,,1,300.0
45.274149,10.0911,IT,Italy,Pontevico,,1,22.0
45.27194,10.121249,IT,Italy,Pontevico,,1,300.0
44.59852,10.765891,IT,Italy,Casalgrande RE,,1,22.0
45.447051,10.705745,IT,Italy,Castelnuovo del Garda,,1,22.0
44.598106,10.682695,IT,Italy,Scandiano,,3,50.0
41.040045,14.504237,IT,Italy,Nola,,1,180.0
44.147648,12.459148,IT,Italy,Bellaria-Igea Marina,,1,22.0
44.108057,12.410791,IT,Italy,San Mauro Pascoli,,4,300.0
39.34546,16.234447,IT,Italy,Rende,,1,300.0
39.344882,16.235637,IT,Italy,Rende,,1,300.0
45.541188,9.067284,IT,Italy,Rho,,1,22.0
44.183311,9.582166,IT,Italy,Bonassola,,1,22.0
44.168894,9.887948,IT,Italy,Bolano,,1,300.0
38.231008,15.405264,IT,Italy,Rometta,,2,75.0
38.237336,15.422864,IT,Italy,Saponara,,1,90.0
38.256786,15.603654,IT,Italy,Messina,,3,75.0
38.271494,15.625699,IT,Italy,Messina,,2,110.0
38.26844,15.651369,IT,Italy,Messina,,1,22.0
45.460064,8.904406,IT,Italy,Magenta,,1,11.0
45.45239,8.892235,IT,Italy,Magenta,,1,11.0
45.454862,8.88517,IT,Italy,Magenta,,1,60.0
45.510579,9.125514,IT,Italy,Milano,,2,400.0
45.511639,9.125986,IT,Italy,Milano,,1,300.0
45.499502,9.190682,IT,Italy,Milano,,1,300.0
45.436616,9.247377,IT,Italy,Milano,,1,300.0
45.452153,9.186957,IT,Italy,Milano,,1,150.0
45.477653,9.195641,IT,Italy,Milano,,1,60.0
45.437296,11.891191,IT,Italy,Padova,,1,150.0
44.917512,10.798907,IT,Italy,Reggiolo,,1,90.0
40.823,14.807182,IT,Italy,Montoro,,1,400.0
45.164095,10.788816,IT,Italy,Mantova,,1,22.0
45.410397,11.234368,IT,Italy,Verona,,3,90.0
44.696477,9.260165,IT,Italy,Brallo,,1,0.0
45.381125,9.348101,IT,Italy,Colturano,,1,22.0
45.373151,9.353425,IT,Italy,Dresano,,1,90.0
44.673692,11.038944,IT,Italy,Nonantola,,1,22.0
45.500634,9.231228,IT,Italy,Milano,,1,7.5
45.500953,9.233239,IT,Italy,Milano,,1,22.0
45.02681,9.734927,IT,Italy,Piacenza,,1,180.0
45.370926,9.355446,IT,Italy,Dresano,,1,90.0
45.369229,9.356757,IT,Italy,Dresano,,1,90.0
45.366157,9.338296,IT,Italy,Vizzolo Predabissi,,2,0.0
45.362761,9.320853,IT,Italy,Melegnano,,1,90.0
45.396423,11.88795,IT,Italy,Padova,,1,400.0
45.431596,11.898746,IT,Italy,Padova,,1,400.0
46.077017,11.113903,IT,Italy,Trento,,1,300.0
45.429962,10.714032,IT,Italy,Castelnuovo Del Garda,,1,300.0
45.424296,11.085441,IT,Italy,San Martino Buon Albergo,,4,300.0
41.766233,12.929301,IT,Italy,Valmontone,,1,180.0
44.743998,10.608628,IT,Italy,Reggio Emilia,,1,90.0
45.358004,9.318768,IT,Italy,Melegnano,,1,90.0
44.599239,10.694955,IT,Italy,Scandiano,,1,22.0
44.916704,9.789965,IT,Italy,Carpaneto Piacentino,,2,50.0
45.043512,9.740262,IT,Italy,Piacenza,,1,400.0
44.551965,12.279677,IT,Italy,Ravenna,,1,22.0
45.393257,11.270398,IT,Italy,San Bonifacio,,1,150.0
45.444588,9.073487,IT,Italy,Milano,,3,90.0
44.419071,12.14152,IT,Italy,Ravenna,,1,300.0
45.506786,9.259519,IT,Italy,Milano,,1,100.0
44.519651,11.267058,IT,Italy,Bologna,,1,100.0
44.81552,11.597251,IT,Italy,Ferrara ,,1,80.0
44.816745,11.60443,IT,Italy,Ferrara ,,3,300.0
45.55878,9.0397,IT,Italy,Lainate,,4,300.0
45.900684,10.857539,IT,Italy,Riva del Garda,,1,300.0
44.593076,10.698601,IT,Italy,Scandiano,,3,50.0
44.697653,10.624071,IT,Italy,Reggio nell'Emilia,,1,22.0
45.138916,7.053721,IT,Italy,Susa ,,1,22.0
40.681311,16.577841,IT,Italy,Matera,,1,100.0
44.7802,11.837499,IT,Italy,Bivio Medelana di Ostellato,,1,22.0
46.54284,11.202767,IT,Italy,Nals,,1,11.0
44.169421,12.4406,IT,Italy,Gatteo,,1,22.0
44.157178,12.430692,IT,Italy,Savignano sul Rubicone,,1,300.0
44.686465,10.663231,IT,Italy,Reggio nell'Emilia,,1,22.0
44.936248,11.550703,IT,Italy,Stienta,,1,22.0
44.69817,10.637945,IT,Italy,Reggio nell'Emilia,,1,22.0
44.619044,10.724778,IT,Italy,Scandiano,,3,50.0
45.245721,10.690299,IT,Italy,Goito,,4,300.0
44.827971,11.610901,IT,Italy,Ferrara,,1,22.0
44.817088,11.604868,IT,Italy,Ferrara ,,3,75.0
44.815484,11.599403,IT,Italy,Ferrara ,,1,22.0
44.65768,10.920482,IT,Italy,Modena,,1,22.0
44.677827,10.593621,IT,Italy,Reggio Emilia,,1,22.0
45.206246,9.013771,IT,Italy,Zerbolò ,,1,22.0
44.678987,11.296906,IT,Italy,Castello D'argile,,2,50.0
44.280116,11.004345,IT,Italy,Castel D'aiano,,2,50.0
45.041796,9.703694,IT,Italy,Piacenza,,1,150.0
44.993511,9.003346,IT,Italy,Voghera,,3,110.0
44.898219,8.408984,IT,Italy,Quattordio,,1,300.0
44.794055,7.374563,IT,Italy,Cavour,,1,60.0
45.065899,7.541485,IT,Italy,Rivoli,,1,300.0
45.138761,7.052653,IT,Italy,Susa,,1,300.0
45.408406,10.277464,IT,Italy,Ghedi,,1,60.0
44.692041,10.615655,IT,Italy,Reggio Emilia,,1,100.0
45.070344,6.696353,IT,Italy,Bardonecchia,,2,100.0
45.026099,6.859694,IT,Italy,Sauze d'Oulx,,1,110.0
44.956276,6.878528,IT,Italy,Sestriere,,1,110.0
39.50124,16.311116,IT,Italy,Bisignano,,1,22.0
39.501647,16.309775,IT,Italy,Bisignano,,1,7.4
46.551433,11.871685,IT,Italy,Corvara,,1,100.0
44.385889,6.963989,IT,Italy,Argentera,,3,60.0
44.8019,7.322975,IT,Italy,Campiglione Fenile,,1,15.0
45.156799,7.752574,IT,Italy,Settimo Torinese,,4,300.0
42.340873,14.134769,IT,Italy,Chieti Scalo ,,1,120.0
45.787403,7.47784,IT,Italy,Nus,,1,20.0
45.738504,7.489035,IT,Italy,Fénis,,1,300.0
45.119771,7.717717,IT,Italy,Torino,,3,300.0
45.016938,7.61037,IT,Italy,Torino,,2,300.0
42.340378,14.134759,IT,Italy,Chieti Scalo ,,1,120.0
44.894493,7.353656,IT,Italy,Pinerolo,,1,100.0
45.01403,7.521714,IT,Italy,Orbassano,,4,300.0
45.080657,7.507859,IT,Italy,Rivoli,,1,300.0
45.096239,7.575234,IT,Italy,Collegno,,1,300.0
45.057599,7.61413,IT,Italy,Grugliasco,,1,300.0
44.998808,9.07118,IT,Italy,Montebello della Battaglia,,1,300.0
45.350786,11.788966,IT,Italy,Abano Terme ,,1,22.0
45.723446,11.461262,IT,Italy,Zanè,,1,47.0
45.72081,11.444847,IT,Italy,Zanè,,1,120.0
44.657646,10.896451,IT,Italy,Modena,,1,60.0
45.485198,9.148067,IT,Italy,Milsno,,3,400.0
44.863127,11.604187,IT,Italy,Ferrara ,,1,22.0
45.857463,9.115215,IT,Italy,Torno ,,1,22.0
39.544262,16.326799,IT,Italy,Santa Sofia D'epiro,,1,22.0
38.876146,16.405109,IT,Italy,Maida ,,1,22.0
41.698364,13.238808,IT,Italy,Ferentino,,1,22.0
45.927775,12.375876,IT,Italy,Colle Umberto ,,1,11.0
43.476175,11.13632,IT,Italy,Poggibonsi ,,1,22.0
44.994717,9.663353,IT,Italy,Quarto ,,1,11.0
45.775734,12.020343,IT,Italy,Montebelluna ,,1,3.5
37.354704,13.853071,IT,Italy,Canicatti ,,1,22.0
45.077136,10.374688,IT,Italy,San Giovanni in Croce ,,1,22.0
46.224106,12.968486,IT,Italy,Forgaria nel Friuli,,1,3.5
46.204879,12.96223,IT,Italy,Flagogna ,,1,3.5
46.22518,13.017216,IT,Italy, Forgaria nel Friuli ,,1,3.5
40.120801,18.429633,IT,Italy,Giurdignano,,1,11.0
44.484221,11.269399,IT,Italy,Casalecchio di Reno ,,1,7.5
41.713633,12.625111,IT,Italy,Ariccia,,1,22.0
46.454335,8.937866,IT,Italy,Acquarossa,,1,22.0
46.741844,11.648607,IT,Italy,Varna,,1,22.0
46.641025,11.71468,IT,Italy,Santa Maddalena,,1,11.0
45.781136,12.070817,IT,Italy,Montebelluna,,1,22.0
43.315686,10.478027,IT,Italy,Cecina,,1,22.0
46.573099,11.670863,IT,Italy,Ortisei,,1,22.0
46.57559,11.667328,IT,Italy,Ortisei,,1,11.0
46.608518,11.564579,IT,Italy,Laion,,1,22.0
44.158509,10.978088,IT,Italy,Castel di Casio,,1,50.0
44.295277,10.98198,IT,Italy,Castel d'Aiano,,1,22.0
43.341784,11.316175,IT,Italy,SIENA,,1,22.2
45.65369,10.04994,IT,Italy,Iseo,,2,110.0
44.656657,10.916305,IT,Italy,Modena,,1,50.0
45.665895,8.796084,IT,Italy,gallarate,,1,75.0
44.52004,11.362519,IT,Italy,Bologna,,1,300.0
44.816927,10.318701,IT,Italy,Parma,,3,75.0
45.558155,9.305905,IT,Italy,Brugherio,,1,120.0
40.885786,14.316918,IT,Italy,Casoria,,4,300.0
43.726074,11.773274,IT,Italy,Poppi,,1,22.0
46.094496,13.233692,IT,Italy,Udine,,1,400.0
44.488187,9.769865,IT,Italy,Borgo Val di Taro,,1,22.0
44.490576,9.775538,IT,Italy,Borgo Val di Taro,,2,75.0
44.55637,9.932767,IT,Italy,Berceto,,1,22.0
44.396417,11.196121,IT,Italy,Sasso Marconi,,1,22.0
42.359622,13.377893,IT,Italy,L'Aquila,,1,250.0
45.702079,11.244976,IT,Italy,Recoaro Terme,,1,22.0
45.678673,11.381826,IT,Italy,San Vito di Leguzzano,,1,22.0
45.681684,11.377914,IT,Italy,San Vito Di Leguzzano,,1,22.0
45.716114,11.30814,IT,Italy,Torrebelvicino,,1,22.0
46.540922,11.612214,IT,Italy,Alpe di Siusi,,1,11.0
46.115952,10.757969,IT,Italy,Bocenago,,3,6.0
45.507116,9.259235,IT,Italy,Milano,,1,300.0
45.607944,10.512903,IT,Italy,Salò,,1,100.0
44.993274,10.734517,IT,Italy,Suzzara,,1,120.0
45.421283,10.931707,IT,Italy,Verona,,1,150.0
45.947157,10.618136,IT,Italy,Valdaone,,1,95.0
45.409772,10.87984,IT,Italy,Sommacampagna,,1,300.0
45.539483,11.510395,IT,Italy,Vicenza,,1,100.0
45.031292,10.765328,IT,Italy,Motteggiana,,1,60.0
45.769337,12.078375,IT,Italy,Montebelluna,,1,60.0
46.10755,11.112633,IT,Italy,Trento,,2,110.0
45.310593,11.994518,IT,Italy,Brugine,,3,50.0
45.296617,11.994532,IT,Italy,BRUGINE,,3,50.0
43.391538,10.431782,IT,Italy,Rosignano Solvay,,1,22.0
44.556687,10.758215,IT,Italy,Casalgrande,,3,50.0
44.648269,10.920134,IT,Italy,Modena,,1,49.0
46.346508,11.301387,IT,Italy,Auer,,1,11.0
46.166527,9.937878,IT,Italy,Poggiridenti,,1,22.0
44.253672,10.475484,IT,Italy,Villa Minozzo,,1,22.0
44.548895,10.767278,IT,Italy,Casalgrande,,3,50.0
44.617591,11.837767,IT,Italy,Argenta,,1,22.0
44.617773,11.832514,IT,Italy,Argenta,,1,22.0
44.175329,8.325713,IT,Italy,Finale Ligure,,3,75.0
45.134994,10.60577,IT,Italy,Ospitaletto,,1,22.0
45.166762,10.074515,IT,Italy,Persico Dosimo,,1,22.0
44.568709,10.90587,IT,Italy,Castelnuovo Rangone,,1,60.0
44.884955,10.088008,IT,Italy,Fidenza,,1,300.0
40.83611,14.19081,IT,Italy,,,1,250.0
45.633172,9.852069,IT,Italy,,,1,250.0
44.316317,10.343196,IT,Italy,Ventasso,,1,60.0
44.411654,10.273742,IT,Italy,Ventasso,,1,60.0
45.670375,9.961407,IT,Italy,Sarnico,,1,22.0
45.483806,9.782564,IT,Italy,Antegnate,,1,400.0
45.59313,9.668805,IT,Italy,Urgnano,,1,360.0
44.19091,10.480939,IT,Italy,Castiglione di Garfagnana,,1,22.0
43.5567,10.341159,IT,Italy,Livorno,,3,110.0
40.930432,9.508454,IT,Italy,Olbia ,,3,50.0
41.124604,9.437153,IT,Italy,Arzachena,,4,50.0
43.84131,10.556744,IT,Italy,Lucca,,3,50.0
45.551443,9.279832,IT,Italy,Brugherio,,3,60.0
45.545185,9.301013,IT,Italy,Brugherio,,1,22.0
45.548759,9.298196,IT,Italy,Brugherio,,1,22.0
45.565475,9.300679,IT,Italy,Brugherio,,1,22.0
45.556891,9.317121,IT,Italy,Brugherio,,1,22.0
45.276708,9.458232,IT,Italy,Lodi,,1,250.0
41.177379,9.383138,IT,Italy,Palau,,3,75.0
40.913404,8.716196,IT,Italy,Castelsardo,,1,15.0
40.749016,8.545009,IT,Italy,Sassari,,3,75.0
45.544581,9.328125,IT,Italy,Carugate,,1,4.2
45.555768,9.297473,IT,Italy,Brugherio,,1,22.0
45.569158,9.306934,IT,Italy,Brugherio,,1,84.0
45.565256,9.304142,IT,Italy,Brugherio,,1,84.0
45.559764,9.290055,IT,Italy,Brugherio,,1,84.0
45.560122,9.308592,IT,Italy,Brugherio,,1,84.0
45.556405,9.306083,IT,Italy,Brugherio,,1,84.0
45.552842,9.310049,IT,Italy,Brugherio,,3,60.0
45.552921,9.310081,IT,Italy,Brugherio,,1,84.0
45.548822,9.307139,IT,Italy,Brugherio,,1,84.0
40.731105,8.528977,IT,Italy,Sassari,,4,50.0
40.563389,8.326003,IT,Italy,Alghero,,3,50.0
40.265202,8.771461,IT,Italy,Macomer,,1,50.0
44.637491,10.899905,IT,Italy,Modena,,1,49.0
40.235667,9.04599,IT,Italy,Ottana,,1,300.0
40.133966,8.814381,IT,Italy,Abbasanta,,1,120.0
44.903813,8.365243,IT,Italy,Castello di Annone,,3,90.0
39.915535,8.588114,IT,Italy,Oristano,,1,150.0
39.527215,8.600244,IT,Italy,Arbus,,3,75.0
39.491325,8.763672,IT,Italy,Villacidro,,3,50.0
39.493418,8.662078,IT,Italy,Gonnosfanadiga,,2,110.0
39.142467,8.305876,IT,Italy,Carloforte SU,,1,22.0
39.054887,8.629203,IT,Italy,Masainas,,1,22.0
38.926118,8.717159,IT,Italy,Teulada,,1,22.0
38.94252,8.863314,IT,Italy,Domus De Maria,,1,22.0
38.957865,8.963775,IT,Italy,Pula,,1,22.0
45.544133,9.31424,IT,Italy,Brugherio,,1,84.0
39.003151,9.003456,IT,Italy,Pula,,4,75.0
39.264659,9.056806,IT,Italy,Elmas,,1,100.0
39.254747,9.148946,IT,Italy,Monserrato,,2,110.0
39.225531,9.24747,IT,Italy,Quartu Sant'Elena,,3,75.0
39.149571,9.515176,IT,Italy,Villasimius,,1,20.0
39.215204,9.563507,IT,Italy,Castiadas,,1,20.0
45.149713,8.959077,IT,Italy,Dorno,,1,7.0
45.149646,8.958762,IT,Italy,Dorno,,1,7.0
39.854271,9.572991,IT,Italy,Loceri,,1,150.0
44.613314,7.485998,IT,Italy,Manta,,1,22.0
44.625122,7.559165,IT,Italy,Lagnasco,,1,22.0
39.931729,9.65819,IT,Italy,Tortolì,,1,150.0
45.523555,10.207988,IT,Italy,Brescia,,1,22.0
45.565192,12.300467,IT,Italy,Marcon,,1,11.0
45.539325,10.207965,IT,Italy,Brescia,,1,100.0
40.578449,9.703152,IT,Italy,Siniscola,,1,300.0
44.358408,10.725514,IT,Italy,Polinago,,1,22.0
43.378925,11.177593,IT,Italy,Monteriggioni ,,1,11.0
40.908405,9.514263,IT,Italy,Olbia,,1,350.0
45.524105,10.224804,IT,Italy,Brescia,,1,22.0
45.514934,10.218087,IT,Italy,Brescia,,2,22.0
40.93097,9.510333,IT,Italy,Olbia,,2,110.0
43.861593,10.520799,IT,Italy,Lucca,,4,50.0
44.107403,10.409495,IT,Italy,Castelnuovo di Garfagnana,,1,60.0
46.546524,11.560004,IT,Italy,Seis am Schlern,,1,11.0
45.158245,10.784026,IT,Italy,Mantova,,1,22.0
44.652405,10.922021,IT,Italy,Modena,,1,50.0
44.583452,11.861516,IT,Italy,San Biagio di Argenta,,1,60.0
44.505375,12.040962,IT,Italy,Alfonsine,,1,12.0
44.703578,12.239506,IT,Italy,Lido degli Scacchi - Comacchio,,1,22.0
44.781567,12.125126,IT,Italy,Marozzo,,1,22.0
45.039737,9.752011,IT,Italy,Piacenza,,1,250.0
44.504359,11.095872,IT,Italy,Valsamoggia,,1,150.0
40.781433,9.673423,IT,Italy,San Teodoro ,,3,75.0
40.772461,9.672826,IT,Italy,San Teodoro ,,1,22.0
40.890386,9.584545,IT,Italy,Murta Marta - Olbia ,,1,15.0
45.544771,10.201436,IT,Italy,Brescia,,1,22.0
44.320898,10.647828,IT,Italy,Palagano,,1,22.0
43.738151,11.07565,IT,Italy,Lastra A Signa,,2,22.0
44.344017,10.727088,IT,Italy,Polinago,,3,110.0
45.349953,8.819455,IT,Italy,Cassolnovo,,1,500.0
44.693318,10.63457,IT,Italy,Reggio Emilia,,1,22.0
44.654212,10.908151,IT,Italy,Modena,,1,22.0
44.650101,10.853101,IT,Italy,Modena,,2,300.0
44.649995,10.853225,IT,Italy,Modena,,2,300.0
43.574465,10.334131,IT,Italy,Livorno,,1,22.0
44.698245,11.502475,IT,Italy,Pegola di Malalbergo,,1,22.0
44.845315,11.495009,IT,Italy,Vigarano Mainarda,,1,22.0
44.919533,10.807407,IT,Italy,Reggiolo,,1,22.0
44.762716,10.790615,IT,Italy,Correggio,,2,75.0
44.763138,10.79259,IT,Italy,Correggio,,3,75.0
46.61558,11.157923,IT,Italy,Lana,,2,22.0
44.683163,10.639319,IT,Italy,Reggio Emilia,,1,22.0
43.473539,11.277971,IT,Italy,Castellina in Chianti,,1,11.0
43.701875,10.386005,IT,Italy,Pisa,,1,300.0
45.511975,12.229781,IT,Italy,Mestre,,1,250.0
44.837764,10.538389,IT,Italy,Poviglio,,1,22.0
45.175112,10.83704,IT,Italy,San Giorgio Bigarello,,1,22.0
45.526569,10.207268,IT,Italy,Brescia,,1,22.0
45.167834,10.850296,IT,Italy,San Giorgio Bigarello,,1,300.0
45.531194,10.209183,IT,Italy,Brescia,,1,11.0
45.529252,10.203478,IT,Italy,Brescia,,1,22.0
45.525646,10.208242,IT,Italy,Brescia,,1,100.0
45.146793,8.990047,IT,Italy,Dorno,,1,300.0
44.826212,10.208909,IT,Italy,Parma,,1,400.0
45.331206,7.719558,IT,Italy,Rivarolo Canavese,,3,75.0
45.333745,7.72883,IT,Italy,Rivarolo Canavese,,1,150.0
0.0,9.042321,IT,Italy,Lainate ,,4,300.0
44.997589,9.01219,IT,Italy,Voghera,,1,22.0
45.722094,11.458111,IT,Italy,Zanè,,3,50.0
44.752441,10.21079,IT,Italy,Collecchio,,1,22.0
45.146614,10.075465,IT,Italy,Cremona,,1,300.0
45.347363,10.843932,IT,Italy,Villafranca di Verona,,1,22.0
45.439133,10.862439,IT,Italy,Sona ,,1,400.0
44.709871,10.452693,IT,Italy,Montecchio Emilia,,1,150.0
44.194653,12.406915,IT,Italy,Cesenatico,,1,22.0
44.246648,12.086936,IT,Italy,Forlì,,1,300.0
44.602752,11.03144,IT,Italy,Castelfranco Emilia,,1,150.0
43.419256,11.130963,IT,Italy,Colle di Val d'Elsa,,1,22.0
45.026195,9.997055,IT,Italy,Villanova sull'Arda,,1,22.0
45.093642,9.976318,IT,Italy,Castelvetro Piacentino,,1,150.0
44.540949,10.793872,IT,Italy,Sassuolo,,1,150.0
45.655286,10.203113,IT,Italy,Sarezzo,,3,25.0
44.217535,12.175082,IT,Italy,Bertinoro FC,,1,200.0
44.054791,12.570523,IT,Italy,Rimini,,1,22.0
44.041898,12.565109,IT,Italy,Rimini,,1,450.0
45.552687,10.781383,IT,Italy,Affi,,1,300.0
44.703545,10.848978,IT,Italy,Campogalliano,,1,150.0
45.541169,10.779496,IT,Italy,Cavaion Veronese,,1,150.0
45.539389,10.780406,IT,Italy,Cavaion Veronoese,,1,150.0
46.569813,11.523317,IT,Italy,Castelrotto,,1,150.0
46.904442,11.430124,IT,Italy,Vipiteno,,2,110.0
46.884141,11.411727,IT,Italy,Casateia,,1,95.0
46.864047,11.309722,IT,Italy,Racines,,2,11.0
44.715923,10.647814,IT,Italy,Reggio Emilia,,2,60.0
44.840916,10.953422,IT,Italy,Novi di Modena,,3,110.0
44.654489,10.874738,IT,Italy,Modena,,1,100.0
45.471963,7.925663,IT,Italy,Burolo,,1,7.0
45.469686,7.924504,IT,Italy,Burolo,,2,22.0
45.468708,7.921555,IT,Italy,Burolo,,1,120.0
45.469604,7.911083,IT,Italy,Ivrea,,2,150.0
44.954325,10.691329,IT,Italy,Luzzara ,,2,75.0
45.494099,12.15689,IT,Italy,Spinea,,1,120.0
45.494248,12.147399,IT,Italy,Spinea,,1,50.0
45.483144,12.177162,IT,Italy,Spinea,,3,90.0
45.504461,11.624568,IT,Italy,Torri di Quartesolo,,1,80.0
45.740377,11.728105,IT,Italy,Bassano Del Grappa,,1,300.0
45.735175,11.740947,IT,Italy,Rosà,,1,200.0
45.668233,12.222065,IT,Italy,Treviso,,1,240.0
45.654444,12.272229,IT,Italy,Treviso ,,1,100.0
45.618337,12.451475,IT,Italy,Meolo,,1,60.0
45.716592,12.694255,IT,Italy,San Stino di Livenza,,2,60.0
45.732286,12.677869,IT,Italy,San Stino di Livenza,,1,150.0
46.046097,12.8539,IT,Italy,San Giorgio della Richinvelda,,1,47.0
45.926625,12.872134,IT,Italy,San Vito Al Tagliamento,,1,150.0
45.891767,12.696874,IT,Italy,Azzano Decimo,,3,75.0
45.950266,12.69553,IT,Italy,PORDENONE,,1,100.0
45.963735,12.524354,IT,Italy,Sacile,,3,75.0
45.993207,12.464879,IT,Italy,CANEVA,,3,50.0
45.983431,12.473396,IT,Italy,CANEVA,,1,100.0
45.968855,12.447701,IT,Italy,Caneva,,3,50.0
45.700201,11.532091,IT,Italy,SARCEDO,,1,22.0
44.715779,10.638204,IT,Italy,Reggio Emilia,,2,60.0
43.117216,12.366383,IT,Italy,Perugia,,2,22.0
44.466237,11.346572,IT,Italy,Bologna,,1,22.0
0.0,0.0,IT,Italy,Fidenza,,2,300.0
44.781066,10.866131,IT,Italy,Carpi,,1,320.0
45.412701,10.979123,IT,Italy,Verona,,1,300.0
45.090119,10.857386,IT,Italy,Bagnolo San Vito,,1,300.0
44.740613,10.334175,IT,Italy,Parma,,1,60.0
44.724991,10.383029,IT,Italy,Montechiarugolo,,4,70.0
45.729808,11.511069,IT,Italy,Zugliano,,1,15.0
45.731467,11.518876,IT,Italy,Zugliano,,1,22.0
42.896407,13.883643,IT,Italy,San Benedetto del Tronto,,1,250.0
44.657615,10.931186,IT,Italy,Modena,,4,110.0
44.694527,12.21867,IT,Italy,Comacchio,,1,300.0
45.144904,9.985359,IT,Italy,Cremona ,,1,60.0
45.476659,9.224674,IT,Italy,Milano,,2,11.0
45.480455,9.231042,IT,Italy,Milano,,3,50.0
45.504991,10.356991,IT,Italy,Mazzano,,1,60.0
45.071903,10.437343,IT,Italy,Rivarolo Mantovano,,1,22.0
42.623049,12.301099,IT,Italy,Guardea,,2,60.0
44.838829,11.616441,IT,Italy,Ferrara ,,1,22.0
40.994116,14.420913,IT,Italy,San Felice a Cancello,,1,60.0
44.350075,10.330641,IT,Italy,Villa Minozzo,,1,22.0
44.365935,10.466052,IT,Italy,Villa Minozzo,,2,50.0
46.776512,11.69025,IT,Italy,Rodengo,,1,22.0
46.759969,11.637958,IT,Italy,Varna,,2,400.0
40.454721,15.533307,IT,Italy,Atena Lucana,,3,90.0
45.435474,8.616341,IT,Italy,Novara,,2,22.0
45.434542,8.621645,IT,Italy,Novara,,3,110.0
39.453067,17.034119,IT,Italy,Crucoli ,,1,60.0
45.277068,10.095335,IT,Italy,Pontevico,,3,75.0
38.480146,16.578673,IT,Italy,Guardavalle,,2,100.0
38.364854,16.484371,IT,Italy,Stignano,,2,60.0
38.303537,16.337506,IT,Italy,Marina di Gioiosa Ionica,,1,22.0
37.920784,15.768282,IT,Italy,Melito di Porto Salvo,,3,50.0
45.693993,9.666873,IT,Italy,Bergamo,,1,22.0
39.832041,16.255785,IT,Italy,Frascineto,,1,300.0
45.509343,11.396595,IT,Italy,Montecchio Maggiore,,1,22.0
40.007101,15.910864,IT,Italy,Lauria,,1,60.0
46.634217,10.611488,IT,Italy,Spondigna,,2,100.0
46.574239,11.646481,IT,Italy,Castelrotto,,1,22.0
41.407653,13.986294,IT,Italy,Mignano Monte Lungo,,2,60.0
41.788344,12.879479,IT,Italy,Labico,,3,75.0
41.952191,12.689931,IT,Italy,Guidonia Montecelio,,2,110.0
45.246957,11.642927,IT,Italy,Rivadolmo ,,1,50.0
45.393186,11.577201,IT,Italy,Barbarano Mossano,,3,110.0
45.09099,11.494424,IT,Italy,Badia Polesine,,1,50.0
45.083051,11.591937,IT,Italy,Lendinara,,2,75.0
45.079525,11.61166,IT,Italy,Lendinara,,1,50.0
45.592806,11.638625,IT,Italy,Bolzano Vicentino,,2,60.0
42.464892,12.394526,IT,Italy,Orte,,1,150.0
42.874941,12.024705,IT,Italy,Fabro,,4,75.0
45.760816,10.215458,IT,Italy,Tavernole Sul Mella,,1,22.0
45.296902,10.897642,IT,Italy,Nogarole Rocca,,1,150.0
45.019927,7.751523,IT,Italy,Pecetto,,1,22.0
45.015776,7.751611,IT,Italy,Pecetto,,1,22.0
44.345476,10.996352,IT,Italy,Zocca,,2,50.0
44.859994,11.578594,IT,Italy,Ferrara,,1,300.0
44.474421,11.413613,IT,Italy,San Lazzaro di Savena,,1,22.0
43.09595,10.546076,IT,Italy,San Vincenzo,,1,22.0
43.7998,11.70759,IT,Italy,Stia,,1,22.0
43.569247,11.865288,IT,Italy,Capolona,,2,60.0
43.56885,11.86456,IT,Italy,Capolona,,2,60.0
45.140695,8.452883,IT,Italy,Casale Monferrato,,1,150.0
44.473384,11.275623,IT,Italy,Casalecchio di Reno,,3,75.0
38.627764,16.170158,IT,Italy,Soriano Calabro,,2,22.0
38.587675,16.217518,IT,Italy,Gerocarne,,2,22.0
38.659182,16.553772,IT,Italy,Marina di Davoli,,1,7.0
43.149845,12.537779,IT,Italy,Perugia,,1,0.0
0.0,11.069586,IT,Italy,Nonantola,,1,22.0
44.852609,11.612801,IT,Italy,Ferrara ,,3,75.0
44.35943,10.434844,IT,Italy,Villa Minozzo,,1,50.0
44.68255,10.616024,IT,Italy,Reggio Emilia,,1,22.0
45.575289,8.953091,IT,Italy,San Vittore Olona,,1,22.0
45.49568,11.550703,IT,Italy,Arcugnano ,,1,22.0
45.47723,11.544034,IT,Italy,Arcugnano ,,1,22.0
45.380262,11.553634,IT,Italy,Villaga,,1,22.0
44.839899,11.617474,IT,Italy,Ferrara ,,3,50.0
44.834647,11.634611,IT,Italy,Ferrara ,,3,60.0
44.879619,11.609096,IT,Italy,Ferrara Pontelagoscuro,,1,22.0
44.817121,11.6067,IT,Italy,Ferrara,,1,150.0
44.831639,11.615013,IT,Italy,Ferrara,,3,50.0
44.83016,11.629813,IT,Italy,Ferrara ,,3,50.0
45.717382,9.578171,IT,Italy,Brembate Di Sopra,,1,0.0
44.663299,10.898704,IT,Italy,Modena,,1,100.0
44.653144,10.929848,IT,Italy,Modena,,1,100.0
43.728202,11.767826,IT,Italy,Ponte a Poppi,,3,50.0
44.82648,9.12194,IT,Italy,Bagnaria,,2,22.0
44.678484,10.652543,IT,Italy,Reggio Emilia,,1,22.0
46.509421,13.343346,IT,Italy,PONTEBBA,,3,50.0
45.919905,11.942359,IT,Italy,Quero,,1,60.0
45.448759,10.528772,IT,Italy,Desenzano del Garda,,1,300.0
45.447836,10.527741,IT,Italy,Desenzano del Garda,,1,300.0
46.000746,10.693037,IT,Italy,SELLA GIUDICARIE,,1,95.0
45.990814,10.686486,IT,Italy,RONCONE,,1,95.0
45.357744,11.505488,IT,Italy,Sossano,,3,50.0
44.962569,11.755494,IT,Italy,Polesella,,2,60.0
45.798365,12.814313,IT,Italy,Portogruaro,,2,300.0
45.425262,11.11218,IT,Italy,San Martino Buon Albergo,,3,110.0
44.939766,10.535994,IT,Italy,Viadana,,1,22.0
44.472165,11.273072,IT,Italy,Casalecchio di Reno,,1,100.0
44.889445,11.077476,IT,Italy,Mirandola,,1,22.0
45.514174,8.812265,IT,Italy,Cuggiono,,1,90.0
45.660157,11.586215,IT,Italy,SANDRIGO,,1,100.0
43.600976,11.788752,IT,Italy,Talla,,1,22.0
45.447663,11.845398,IT,Italy,Padova,,1,300.0
44.590722,10.736972,IT,Italy,Casalgrande,,3,50.0
45.519018,8.806116,IT,Italy,Cuggiono,,1,150.0
45.093268,10.698059,IT,Italy,Curtatone,,1,22.0
46.129118,13.223028,IT,Italy,Tavagnacco,,2,120.0
46.150182,13.220028,IT,Italy,Tricesimo,,1,100.0
46.087483,13.179832,IT,Italy,Martignacco,,2,300.0
46.087068,13.179812,IT,Italy,Martignacco,,1,350.0
45.948889,12.499639,IT,Italy,Sacile,,2,110.0
45.719941,12.292316,IT,Italy,Vascon,,1,50.0
45.646864,12.307781,IT,Italy,Silea,,3,50.0
45.568799,12.113603,IT,Italy,Scorzè,,2,110.0
45.349644,11.958656,IT,Italy,Legnaro,,1,60.0
45.257671,11.790333,IT,Italy,Pernumia,,1,50.0
45.213797,11.556086,IT,Italy,Santa Margherita D'adige,,2,110.0
45.217759,11.516942,IT,Italy,Megliadino San Fidenzio,,1,50.0
45.22778,11.522946,IT,Italy,Megliadino San Fidenzio,,1,100.0
45.712301,11.631426,IT,Italy,Colceresa,,2,150.0
45.660623,11.600138,IT,Italy,Sandrigo,,3,50.0
45.660008,11.602527,IT,Italy,Sandrigo,,3,50.0
45.662953,11.605386,IT,Italy,SANDRIGO,,3,50.0
45.71966,11.64981,IT,Italy,Pianezze,,1,100.0
44.548356,11.356586,IT,Italy,Granarolo dell'Emilia,,2,110.0
43.697483,11.809547,IT,Italy,Bibbiena,,1,22.0
45.730588,12.049594,IT,Italy,Trevignano,,1,22.0
44.802807,10.331947,IT,Italy,Parma,,1,9.0
45.151117,10.725524,IT,Italy,Curtatone,,1,150.0
45.744557,12.207031,IT,Italy,POVEGLIANO,,1,60.0
45.748354,11.750229,IT,Italy,Bassano del Grappa,,1,50.0
45.333562,11.563627,IT,Italy,Agugliaro,,1,150.0
45.448444,10.529443,IT,Italy,Desenzano del Garda,,1,100.0
45.632372,12.480025,IT,Italy,Meolo,,1,60.0
45.634664,12.439749,IT,Italy,Meolo,,1,60.0
45.544654,9.327486,IT,Italy,Carugate,,1,250.0
44.697476,7.158702,IT,Italy,Crissolo,,2,22.0
44.518062,7.473622,IT,Italy,Busca,,1,22.0
44.51583,7.478382,IT,Italy,Busca,,1,22.0
45.751746,10.37338,IT,Italy,Pertica Bassa (Bs),,1,22.0
45.547363,11.515428,IT,Italy,Vicenza,,1,11.0
41.06382,14.646152,IT,Italy,Montesarchio,,1,11.0
41.691619,14.695923,IT,Italy,Petrella Tifernina,,1,7.0
44.789676,11.728275,IT,Italy,Voghera,,2,90.0
44.799265,11.694084,IT,Italy,Emilia-Romagna,,1,22.0
44.837692,11.623577,IT,Italy,Emilia-Romagna,,3,60.0
45.36064,11.812313,IT,Italy,Abano Terme,,1,11.0
44.655949,10.948574,IT,Italy,Modena,,1,100.0
44.43593,12.269946,IT,Italy,Ravenna,,1,7.5
43.714964,13.224148,IT,Italy,Senigallia,,1,22.0
45.692195,9.66974,IT,Italy,Bergamo,,1,22.0
43.731492,11.765774,IT,Italy,Poppi,,1,22.0
45.47934,9.201452,IT,Italy,Milano,,1,22.0
46.884185,12.154631,IT,Italy,Rasun-Anterselva,,2,75.0
46.773187,11.942436,IT,Italy,Brunico,,2,400.0
43.451373,11.866969,IT,Italy,Arezzo,,3,75.0
44.3002,10.229724,IT,Italy,Ventasso,,1,22.0
44.684801,10.623571,IT,Italy,Reggio Emilia,,1,22.0
45.06431,8.098558,IT,Italy,Montiglio Monferrato,,2,2.2
46.130615,12.350111,IT,Italy,Alpago,,1,22.0
40.237692,8.776259,IT,Italy,Macomer,,2,180.0
44.487414,11.245569,IT,Italy,Casalecchio di Reno,,2,110.0
46.759071,11.637807,IT,Italy,Varna,,2,300.0
46.472526,11.326932,IT,Italy,Bolzano,,2,400.0
44.554777,11.169686,IT,Italy,Anzola dell'Emilia,,1,300.0
44.854604,11.575064,IT,Italy,Ferrara,,1,15.0
46.683758,10.547508,IT,Italy,Malles Venosta,,3,75.0
45.723462,12.262455,IT,Italy,Lancenigo,,3,48.0
45.208861,11.136467,IT,Italy,Concamarise,,2,60.0
44.648231,10.858293,IT,Italy,Modena,,1,100.0
44.511481,10.496156,IT,Italy,Casina,,1,150.0
39.306475,16.223496,IT,Italy,Castrolibero,,1,300.0
44.480802,11.342514,IT,Italy,Bologna,,2,75.0
46.647917,10.976386,IT,Italy,Naturno,,2,50.0
46.163296,10.761909,IT,Italy,Pinzolo,,2,110.0
42.152795,12.369127,IT,Italy,Campagnano di Roma,,1,300.0
46.348142,10.911705,IT,Italy,Malé,,1,100.0
46.367785,11.034467,IT,Italy,Cles,,2,60.0
45.863955,11.027526,IT,Italy,Rovereto,,2,110.0
39.306362,16.22344,IT,Italy,Castrolibero,,1,300.0
45.505649,10.842433,IT,Italy,Pescantina,,1,150.0
45.475108,10.849782,IT,Italy,Bussolengo,,3,75.0
45.599668,7.793618,IT,Italy,Valle d'Aosta / Vallée d'Aoste,,1,150.0
41.938665,14.581898,IT,Italy,Palmoli,,1,7.0
45.282441,11.682218,IT,Italy,Baone,,1,22.0
44.650977,10.936195,IT,Italy,Modena,,1,100.0
45.680505,10.187336,IT,Italy,Gardone Val Trompia,,1,22.0
40.735214,13.866411,IT,Italy,Forio,,1,0.0
40.94812,14.489128,IT,Italy,Nola,,1,250.0
42.963892,12.687137,IT,Italy,Foligno,,2,75.0
44.488818,11.251012,IT,Italy,Casalecchio di Reno,,1,60.0
44.159923,10.396073,IT,Italy,Villa Collemandina,,1,15.0
46.48626,11.336527,IT,Italy,BolBolzano ,,1,250.0
44.553809,10.530677,IT,Italy,Vezzano sul Crostolo,,1,4.0
39.525302,16.466696,IT,Italy,Acri,,1,60.0
39.496134,16.384769,IT,Italy,Acri,,1,60.0
39.488745,16.380315,IT,Italy,Acri,,1,60.0
39.835448,16.269699,IT,Italy,Frascineto,,1,60.0
39.81026,16.400182,IT,Italy,"Francavilla Marittima,",,2,60.0
39.782763,16.319105,IT,Italy,Cassano all'Ionio,,2,110.0
39.509904,15.944207,IT,Italy,Cetraro,,4,50.0
39.603965,16.76913,IT,Italy,Crosia,,1,300.0
39.253553,16.698284,IT,Italy,San Giovanni in Fiore,,2,150.0
39.089263,16.797815,IT,Italy,Mesoraca,,1,50.0
39.081461,16.787171,IT,Italy,Mesoraca,,1,50.0
38.917166,17.019315,IT,Italy,Isola di Capo Rizzuto,,1,60.0
38.999019,16.1346,IT,Italy,Falerna,,1,300.0
38.9046,16.380561,IT,Italy,Rizzuto,,2,150.0
38.898082,16.535205,IT,Italy,Sarrottino,,2,60.0
38.865212,16.6251,IT,Italy,Catanzaro,,1,90.0
38.845693,16.584774,IT,Italy,Catanzaro Lido,,3,44.0
38.09445,15.660279,IT,Italy,Reggio Calabria,,1,100.0
38.722687,16.535039,IT,Italy,Montepaone Lido,,3,110.0
44.741627,11.436013,IT,Italy,Galliera,,3,75.0
43.293561,13.70581,IT,Italy,Civitanova Marche,,1,350.0
43.840915,10.469516,IT,Italy,Lucca,,1,20.0
41.089266,16.896654,IT,Italy,Puglia,,1,350.0
44.419973,7.850115,IT,Italy,Mondovì,,1,350.0
45.323295,8.086394,IT,Italy,Borgo d'ale,,1,120.0
40.907804,9.514809,IT,Italy,Olbia,,1,93.0
40.908653,9.515501,IT,Italy,Olbia,,1,60.0
41.59093,15.500305,IT,Italy,Foggia,,4,300.0
45.286407,11.185141,IT,Italy,Isola Rizza,,3,110.0
46.404304,11.017804,IT,Italy,Livio,,2,110.0
44.488906,11.263064,IT,Italy,Casalecchio di Reno,,3,75.0
46.712374,11.209518,IT,Italy,39017 Verdins / Schenna ,,1,11.0
43.626954,13.333902,IT,Italy,Chiaravalle,,4,300.0
46.537963,11.327012,IT,Italy,Jenesien ,,1,11.0
43.068087,12.536752,IT,Italy,Bastia Umbra,,1,11.0
44.390203,10.332556,IT,Italy,Ventasso,,1,22.0
45.421278,11.245889,IT,Italy,Soave,,1,22.0
45.865999,11.517209,IT,Italy,Asiago,,1,13.0
46.028751,11.24583,IT,Italy,Pergine Valsugana,,1,22.0
46.03219,11.24796,IT,Italy,Pergine Valsugana,,1,22.0
46.027836,11.229947,IT,Italy,Pergine Valsugana,,1,22.0
46.039138,11.237944,IT,Italy,Pergine Valsugana,,2,110.0
45.534829,10.210699,IT,Italy,Brescia,,2,110.0
45.267884,11.862035,IT,Italy,Cartura,,2,50.0
45.552299,10.228318,IT,Italy,Brescia,,2,110.0
45.799061,11.728433,IT,Italy,Pove del Grappa,,3,110.0
40.583354,9.112717,IT,Italy,Pattada,,3,110.0
40.325002,9.313251,IT,Italy,Nuoro,,4,50.0
39.812495,9.270846,IT,Italy,Sadali,,1,60.0
45.750717,11.430563,IT,Italy,Piovene Rocchette,,1,150.0
43.848607,11.143856,IT,Italy,Campi Bisenzio,,2,250.0
45.711138,11.630931,IT,Italy,Colceresa,,2,300.0
45.907865,11.313088,IT,Italy,Pedemonte,,1,22.0
45.746092,11.528257,IT,Italy,Lugo Di Vicenza ,,1,22.0
39.211649,9.304481,IT,Italy,Quartu Sant'Elena,,3,75.0
39.241923,9.096928,IT,Italy,Cagliari,,1,300.0
39.067491,9.007281,IT,Italy,Capoterra,,3,75.0
44.64971,10.922466,IT,Italy,Modena,,1,22.0
39.00916,8.99599,IT,Italy,Pula,,1,100.0
45.527045,10.817441,IT,Italy,Volargne,,1,22.0
44.501161,11.356783,IT,Italy,Bologna,,1,12.0
44.136714,9.916599,IT,Italy,Vezzano Ligure,,2,100.0
44.137115,9.917002,IT,Italy,Liguria,,3,90.0
44.367449,10.322228,IT,Italy,Ventasso,,1,22.0
39.305564,8.713171,IT,Italy,Musei,,1,150.0
46.428792,11.96029,IT,Italy,Rocca Pietore,,1,60.0
46.023659,8.278395,IT,Italy,Vogogna,,1,250.0
44.820279,11.602711,IT,Italy,Ferrara,,1,22.0
40.133002,15.76264,IT,Italy,Lagonegro,,1,250.0
44.708912,7.835692,IT,Italy,Bra,,1,22.0
45.699055,11.435298,IT,Italy,Marano Vicentino,,3,110.0
45.498216,10.275582,IT,Italy,Brescia,,2,110.0
45.074115,11.486413,IT,Italy,Badia Polesine,,1,120.0
45.362937,11.93629,IT,Italy,Ponte San Nicolò,,2,50.0
40.710722,8.553167,IT,Italy,Sassari,,3,72.0
40.592384,8.285286,IT,Italy,Alghero,,3,75.0
44.461277,11.272279,IT,Italy,Casalecchio di Reno,,1,60.0
44.588986,7.481664,IT,Italy,Verzuolo,,2,110.0
44.600848,7.482126,IT,Italy,Verzuolo,,1,22.0
46.696361,11.194785,IT,Italy,39017 Schenna (BZ) ,,1,11.0
40.727911,8.54922,IT,Italy,Sassari,,2,110.0
44.881666,10.094371,IT,Italy,Fidenza,,1,250.0
40.960814,9.491816,IT,Italy,Tempio Pausania,,1,300.0
46.694501,11.161931,IT,Italy,Dorf Tirol,,1,11.0
46.638354,11.646791,IT,Italy,Villnöss ,,1,11.0
45.657053,12.202843,IT,Italy,Treviso,,3,75.0
45.825527,12.965041,IT,Italy,San Michele al Tagliamento,,2,110.0
45.764804,12.99281,IT,Italy,San Michele al Tagliamento,,2,110.0
45.689369,13.132724,IT,Italy,Lignano Sabbiadoro,,2,47.0
45.645715,12.594445,IT,Italy,San Donà di Piave,,3,62.0
45.446547,12.424903,IT,Italy,Venezia,,2,100.0
45.41834,11.825951,IT,Italy,Rubano,,1,60.0
45.34206,11.831594,IT,Italy,Albignasego,,2,50.0
45.245361,11.688093,IT,Italy,Baone,,1,50.0
44.949035,12.309808,IT,Italy,Ca' Tiepolo,,1,40.0
45.439524,11.965898,IT,Italy,Vigonza,,1,100.0
45.437343,11.949728,IT,Italy,Vigonza,,1,100.0
45.430464,11.896523,IT,Italy,Padua,,1,100.0
45.620806,11.4595,IT,Italy,Isola Vicentina,,1,60.0
45.880189,12.3171,IT,Italy,Conegliano,,2,250.0
45.413935,11.247456,IT,Italy,SOAVE,,1,100.0
45.41956,11.247674,IT,Italy,SOAVE,,1,100.0
45.420699,11.250394,IT,Italy,SOAVE,,3,75.0
45.424198,11.248703,IT,Italy,SOAVE,,1,100.0
46.015046,13.217989,IT,Italy,Pozzuolo del Friuli,,3,60.0
45.774637,11.44803,IT,Italy,Caltrano,,1,90.0
46.532893,11.531719,IT,Italy,39050 Völs am Schlern ,,2,11.0
43.85006,10.500381,IT,Italy,Lucca,,1,99.0
46.406052,12.022314,IT,Italy,Alleghe,,1,22.0
45.600943,12.165921,IT,Italy,Zero Branco,,1,50.0
45.629012,12.022672,IT,Italy,Piombino Dese,,3,50.0
45.57182,11.93629,IT,Italy,Camposampiero,,3,48.0
45.650175,11.85291,IT,Italy,San Martino di Lupari,,3,75.0
45.421631,10.977281,IT,Italy,Verona,,1,60.0
45.40085,10.97892,IT,Italy,Verona,,2,75.0
45.385013,10.972554,IT,Italy,Verona,,2,100.0
45.604736,10.515125,IT,Italy,Salò,,4,50.0
45.43223,10.518526,IT,Italy,Lonato del Garda,,3,300.0
45.458714,10.554008,IT,Italy,Desenzano del Garda,,3,50.0
45.464052,10.608738,IT,Italy,Sirmione,,3,50.0
45.474974,10.609392,IT,Italy,Sirmione,,3,50.0
45.433408,10.681447,IT,Italy,Peschiera del Garda,,4,75.0
45.439111,10.711805,IT,Italy,Peschiera del Garda,,1,100.0
45.444372,10.330374,IT,Italy,Montichiari,,2,75.0
46.065442,11.246832,IT,Italy,Pergine Valsugana,,3,75.0
46.556903,11.758769,IT,Italy,SELVA DI VAL GARDENA,,3,75.0
44.892167,10.899575,IT,Italy,Novi di Modena,,3,110.0
45.66797,9.664872,IT,Italy,Bergamo,,1,100.0
45.691379,11.432484,IT,Italy,Marano Vicentino,,2,110.0
44.964308,11.079027,IT,Italy,San Giovanni del Dosso,,3,50.0
45.847,12.312428,IT,Italy,Mareno di Piave,,2,22.0
45.857798,12.329903,IT,Italy,Mareno di Piave,,2,20.4
45.835947,12.375795,IT,Italy,Vazzola,,1,22.0
45.846755,12.354748,IT,Italy,Mareno Di Piave,,1,22.0
45.834808,12.414266,IT,Italy,Vazzola,,4,22.0
44.531515,11.423095,IT,Italy,Granarolo dell'Emilia,,3,75.0
44.482102,11.269528,IT,Italy,Casalecchio di Reno,,3,75.0
44.801079,10.31856,IT,Italy,Parma,,1,22.0
44.539089,11.270284,IT,Italy,Bologna,,1,22.0
45.127208,7.737472,IT,Italy,Settimo Torinese,,1,250.0
44.983336,7.707281,IT,Italy,Moncalieri,,1,250.0
45.40704,10.963966,IT,Italy,Verona,,2,150.0
44.775863,10.508428,IT,Italy,Campegine,,1,22.0
46.759407,11.638217,IT,Italy,Varna,,1,250.0
45.396771,10.992389,IT,Italy,Verona,,3,50.0
45.668116,11.562054,IT,Italy,Montecchio Precalcino,,3,110.0
44.50606,11.098911,IT,Italy,Valsamoggia,,3,75.0
43.47059,13.313341,IT,Italy,Pradellona,,1,22.0
45.294371,9.761231,IT,Italy,Castelleone,,1,22.0
42.636486,11.674761,IT,Italy,Pitigliano,,1,0.0
45.281975,9.595402,IT,Italy,Cavenago d'Adda,,1,50.0
45.361501,11.799715,IT,Italy,Abano Terme,,3,95.0
42.808255,10.310904,IT,Italy,Portoferraio,,1,15.0
45.243556,10.975098,IT,Italy,Erbè,,1,50.0
45.522664,11.487293,IT,Italy,Altavilla Vicentina,,1,110.0
45.416833,11.881552,IT,Italy,Padua,,2,80.0
45.442563,11.891417,IT,Italy,Veneto,,3,150.0
44.928009,10.374762,IT,Italy,Colorno,,3,50.0
45.7323,12.2515,IT,Italy,Villorba,,1,100.0
45.816836,11.846844,IT,Italy, Pieve del Grappa,,1,22.0
45.613774,11.667391,IT,Italy,San Pietro in Gu,,2,110.0
44.0219,10.14839,IT,Italy,Massa,,2,110.0
46.700198,11.157824,IT,Italy,Dorf Tirol,,1,11.0
44.011287,10.095523,IT,Italy,Massa,,2,110.0
44.099098,9.8618,IT,Italy,La Spezia,,1,100.0
42.800331,10.2704,IT,Italy,Portoferraio,,2,22.0
44.16816,9.881848,IT,Italy,Bolano,,2,60.0
45.277382,10.659896,IT,Italy,Goito,,1,22.0
42.787526,10.284556,IT,Italy,Portoferraio,,1,15.0
42.802789,10.307703,IT,Italy,Portoferraio,,1,20.0
44.488465,11.423035,IT,Italy,Bologna,,1,150.0
42.811371,10.319346,IT,Italy,Portoferraio,,1,22.0
43.940315,12.772982,IT,Italy,Gradara,,2,110.0
45.695235,11.48318,IT,Italy,Thiene,,1,60.0
45.520389,11.477957,IT,Italy,Altavilla Vicentina,,1,150.0
45.430255,10.987002,IT,Italy,Verona,,1,50.0
45.39779,10.972628,IT,Italy,Verona,,1,250.0
42.759506,10.31267,IT,Italy,Portoferraio,,1,15.0
44.512454,10.830509,IT,Italy,Fiorano Modenese,,1,12.0
42.819517,10.429333,IT,Italy,Rio Marina,,1,15.0
44.856338,10.474085,IT,Italy,Brescello,,1,47.0
43.966879,12.199811,IT,Italy,Mercato Saraceno,,1,300.0
42.743153,10.382038,IT,Italy,Capoliveri,,1,22.0
45.762292,10.250268,IT,Italy,Pezzaze,,1,22.0
45.775879,10.237138,IT,Italy,Pezzaze,,1,22.0
46.087002,13.17981,IT,Italy,Martignacco,,1,250.0
45.175073,10.312866,IT,Italy,Isola Dovarese,,1,60.0
44.848253,11.550223,IT,Italy,Ferrara fraz. Porotto,,1,22.0
45.59428,8.920084,IT,Italy,Legnano,,3,75.0
42.763764,10.361377,IT,Italy,Capoliveri,,1,11.0
45.588799,8.922975,IT,Italy,Legnano,,3,72.0
45.562959,8.918549,IT,Italy,Canegrate,,1,35.0
45.546635,8.869771,IT,Italy,Busto Garolfo,,3,50.0
37.232895,13.670386,IT,Italy,Favara,,1,6.0
45.897201,11.989365,IT,Italy,Valdobbiadene,,1,22.0
42.805901,10.139297,IT,Italy,Marciana,,1,22.0
42.7615,10.3552,IT,Italy,Capoliveri,,1,22.0
45.646589,9.628827,IT,Italy,Stezzano,,2,400.0
42.937024,10.507345,IT,Italy,Piombino,,2,110.0
44.694316,10.626179,IT,Italy,Reggio Emilia,,1,22.0
44.089133,10.001266,IT,Italy,Castelnuovo Magra,,1,100.0
45.462138,12.167314,IT,Italy,Mira,,1,0.0
44.5094,11.28647,IT,Italy,Bologna,,1,22.0
45.367064,11.872733,IT,Italy,Padua,,2,150.0
45.530289,9.149434,IT,Italy,Novate Milanese,,4,300.0
44.847334,7.732636,IT,Italy,Carmagnola,,1,300.0
44.486433,11.31632,IT,Italy,Bologna,,2,110.0
45.191463,11.31214,IT,Italy,Legnago,,1,22.0
46.36065,13.354045,IT,Italy,Stolvizza,,2,60.0
46.20077,13.118669,IT,Italy,Buja,,1,110.0
45.639907,13.054489,IT,Italy,Bibione,,2,110.0
45.605128,12.87367,IT,Italy,Caorle,,1,50.0
45.642403,12.594101,IT,Italy,San Donà di Piave,,1,110.0
45.526595,12.261844,IT,Italy,Mestre,,2,110.0
45.752432,12.169218,IT,Italy,Povegliano,,1,60.0
45.32771,11.725007,IT,Italy,Torreglia,,1,60.0
44.392305,10.32859,IT,Italy,Ventasso,,2,110.0
45.826893,8.776331,IT,Italy,Casciago,,1,22.0
45.255486,10.300464,IT,Italy,Gambara,,2,22.0
46.560692,11.768538,IT,Italy,39048 Wolkenstein in Gröden,,1,11.0
45.918514,10.883002,IT,Italy,Arco,,2,11.0
45.156053,10.099221,IT,Italy,Gadesco-Pieve Delmona,,1,150.0
41.83544,13.337795,IT,Italy,Guarcino,,1,22.0
41.799577,13.313149,IT,Italy,Lazio,,1,22.0
41.778185,13.343857,IT,Italy,Vico nel Lazio,,1,22.0
41.738462,13.3368,IT,Italy,Alatri,,1,60.0
45.562351,10.118218,IT,Italy,Castegnato (Bs),,1,120.0
45.693974,11.77071,IT,Italy,Tezze sul Brenta,,3,120.0
44.70309,10.908045,IT,Italy,Modena,,1,22.0
44.835656,11.599245,IT,Italy,Ferrara,,1,22.0
44.519015,11.326998,IT,Italy,Bologna,,2,110.0
45.592775,9.294368,IT,Italy,Monza,,3,50.0
44.841456,11.603254,IT,Italy,Emilia-Romagna,,2,80.0
45.176711,11.065524,IT,Italy,Nogara,,2,60.0
45.070586,11.134707,IT,Italy,Ostiglia,,3,110.0
45.186701,11.281828,IT,Italy,Legnago,,3,110.0
45.197339,11.292726,IT,Italy,Legnago,,3,110.0
45.198111,11.314904,IT,Italy,Legnago,,3,110.0
45.68265,11.707941,IT,Italy,Veneto,,3,75.0
45.748446,11.740752,IT,Italy,Bassano del Grappa,,2,50.0
44.833736,11.613236,IT,Italy,Ferrara,,1,15.0
44.834414,11.607204,IT,Italy,Ferrara,,3,75.0
45.676826,10.184126,IT,Italy,Gardone Val Trompia,,1,22.0
45.691567,9.415461,IT,Italy,Merate,,1,150.0
45.397519,11.279671,IT,Italy,San Bonifacio,,3,75.0
44.83957,11.599327,IT,Italy,Ferrara,,1,15.0
44.841368,11.611866,IT,Italy,Ferrara,,1,15.0
3.2e-05,0.000391,IT,Italy,Milano,,2,100.0
45.586892,9.265888,IT,Italy,Monza,,3,50.0
44.373917,11.340881,IT,Italy,Pianoro,,2,22.0
44.440379,11.354024,IT,Italy,Pianoro,,3,50.0
45.434878,11.900679,IT,Italy,Padua,,2,60.0
45.414234,11.945977,IT,Italy,Noventa Padovana,,1,60.0
45.412066,11.911778,IT,Italy,Padua,,1,47.0
45.392823,11.930299,IT,Italy,Padua,,2,60.0
45.397555,11.933437,IT,Italy,Padua,,2,60.0
46.178876,11.831518,IT,Italy,TONADICO,,4,50.0
45.412061,11.335953,IT,Italy,San Bonifacio,,3,75.0
45.437245,11.767483,IT,Italy,Mestrino,,1,30.0
45.418781,11.82439,IT,Italy,Rubano,,1,30.0
45.2127,11.834597,IT,Italy,Veneto,,2,60.0
45.241632,11.891055,IT,Italy,Conselve,,2,100.0
44.707667,10.605549,IT,Italy,Reggio Emilia,,3,110.0
45.417127,10.401886,IT,Italy,Montichiari,,1,50.0
44.97925,11.97589,IT,Italy,Località Berra ‌Riva Del Po,,1,51.0
44.947081,11.760311,IT,Italy,Riva del po - loc. Ro ferrarese,,1,51.0
44.694307,11.830382,IT,Italy,Portomaggiore Fraz. Portoverrara,,1,22.0
44.688988,11.789147,IT,Italy,Portomaggiore Fraz. Ripapersico,,1,22.0
44.779418,11.590604,IT,Italy,Ferrara fraz. San Martino,,1,15.0
45.572105,9.239424,IT,Italy,Monza,,3,50.0
44.52162,11.343906,IT,Italy,Bologna,,3,50.0
41.968596,12.710556,IT,Italy,Guidonia Montecelio ,,1,7.2
44.275461,11.731636,IT,Italy,Riolo Terme,,2,75.0
43.466994,11.845112,IT,Italy,Arezzo,,1,20.0
44.711551,10.617093,IT,Italy,Reggio Emilia,,1,100.0
45.127122,10.769274,IT,Italy,Curtatone,,1,22.0
46.729187,12.329196,IT,Italy,Trentino-Alto Adige/Südtirol,,1,11.0
44.504472,11.095861,IT,Italy,Valsamoggia,,1,60.0
45.582618,9.25613,IT,Italy,Monza,,3,50.0
44.400018,11.392353,IT,Italy,Pianoro,,3,50.0
45.921933,11.189553,IT,Italy,Folgaria ,,1,75.0
41.711311,13.095216,IT,Italy,Anagni,,1,22.0
44.838319,11.622002,IT,Italy,Ferrara,,1,9.0
42.317266,12.491034,IT,Italy,Magliano Sabina,,1,300.0
44.839017,11.662114,IT,Italy,Ferrara FE,,1,12.0
44.822885,11.628832,IT,Italy,Ferrara,,1,12.0
44.810312,11.592329,IT,Italy,Ferrara,,1,12.0
45.202167,7.896383,IT,Italy,Chivasso,,1,250.0
44.383686,11.345822,IT,Italy,Pianoro,,2,22.0
44.552849,11.450873,IT,Italy,Granarolo dell'Emilia,,3,75.0
45.575499,9.252413,IT,Italy,Monza,,3,50.0
45.747092,7.60526,IT,Italy,Valle d'Aosta / Vallée d'Aoste,,1,110.0
45.571636,9.248046,IT,Italy,Monza,,3,50.0
45.570994,9.25,IT,Italy,Monza,,3,50.0
45.107753,10.161945,IT,Italy,Sospiro,,1,22.0
46.356079,10.666674,IT,Italy,Peio,,1,22.0
44.840365,11.635057,IT,Italy,Ferrara,,1,12.0
44.650514,10.851199,IT,Italy,Modena,,1,22.0
44.989572,10.420126,IT,Italy,Casalmaggiore,,1,22.0
45.706464,11.370823,IT,Italy,Schio,,2,90.0
44.989973,10.420617,IT,Italy,Casalmaggiore,,3,75.0
44.902153,11.659159,IT,Italy,Ferrara,,1,12.0
44.766502,11.654243,IT,Italy,Fraz. Gaibanella Ferrara,,1,12.0
44.732038,11.635325,IT,Italy,San Bartolomeo in Bosco,,1,12.0
42.764235,10.234832,IT,Italy,Marina di campo,,1,22.0
42.74587,10.232704,IT,Italy,Marina di campo,,1,22.0
42.744129,10.232658,IT,Italy,Campo nell'Erba,,1,22.0
42.753091,10.211637,IT,Italy,San Piero in campo,,1,22.0
42.748183,10.11897,IT,Italy,Pomonte,,1,22.0
42.759102,10.112356,IT,Italy,Chiessi,,1,22.0
42.805966,10.139442,IT,Italy,Marciana,,1,22.0
42.786505,10.184607,IT,Italy,Marciana,,1,22.0
42.802936,10.193657,IT,Italy,Marciana Marina,,1,15.0
42.805143,10.196951,IT,Italy,Marciana Marina,,1,15.0
42.802863,10.198824,IT,Italy,Marciana,,1,15.0
42.786078,10.243016,IT,Italy,Marciana,,1,22.0
42.785313,10.245534,IT,Italy,Marciana,,2,110.0
45.888203,11.038834,IT,Italy,Rovereto,,2,22.0
45.891696,11.039907,IT,Italy,Rovereto,,1,22.0
45.881737,11.039233,IT,Italy,Rovereto,,1,22.0
43.706006,10.432858,IT,Italy,Pisa,,1,100.0
43.772612,11.194635,IT,Italy,Firenze,,2,100.0
44.495465,10.599061,IT,Italy,Baiso,,1,22.0
43.504354,11.610017,IT,Italy,Bucine,,3,72.0
43.258756,11.81837,IT,Italy,Foiano della Chiana,,1,60.0
44.613194,11.375134,IT,Italy,Bentivoglio,,1,6.0
43.184662,12.139546,IT,Italy,Passignano sul Trasimeno ,,1,100.0
46.726267,10.8572,IT,Italy,39020 Schnals / Senales ( BZ),,1,11.0
44.694694,8.839378,IT,Italy,Gavi,,1,7.4
40.534241,-3.63816,ES,Spain,Comunidad de Madrid,,4,150.0
40.473638,-3.630909,ES,Spain,Comunidad de Madrid,,1,7.4
40.317347,-3.744078,ES,Spain,Comunidad de Madrid,,2,500.0
40.428199,-3.918638,ES,Spain,Boadilla del Monte,,1,60.0
40.485891,-3.942417,ES,Spain,Villanueva del Pardillo,,1,300.0
42.752826,-4.84107,ES,Spain,Castilla y León,,1,22.0
43.343629,-4.046468,ES,Spain,Torrelavega,,1,100.0
43.56217,-5.928718,ES,Spain,Avilés,,3,50.0
38.300756,-0.535359,ES,Spain,Comunitat Valenciana,,1,7.4
37.999813,-1.185431,ES,Spain,Región de Murcia,,1,7.4
36.724656,-3.517006,ES,Spain,Motril,,2,350.0
36.672503,-6.151424,ES,Spain,Andalucía,,1,22.0
37.394824,-5.953812,ES,Spain,Andalucía,,1,22.0
43.290818,-2.884074,ES,Spain,Euskadi,,2,80.0
40.403948,-3.587604,ES,Spain,Comunidad de Madrid,,1,22.0
38.697911,-0.91561,ES,Spain,Villena,,1,350.0
39.130053,-3.090094,ES,Spain,Argamasilla de Alba,,1,22.0
40.45463,-3.693629,ES,Spain,Comunidad de Madrid,,1,7.0
43.029498,-7.791133,ES,Spain,Galicia,,1,60.0
43.159393,-7.692634,ES,Spain,Galicia,,1,60.0
42.317622,-8.662202,ES,Spain,Galicia,,1,300.0
42.810987,-8.58621,ES,Spain,Galicia,,1,300.0
43.373415,-8.187522,ES,Spain,Galicia,,1,300.0
42.563379,-8.671565,ES,Spain,Galicia,,1,300.0
43.491158,-8.192697,ES,Spain,Galicia,,1,360.0
38.184764,-1.890628,ES,Spain,Moratalla,,1,50.0
37.335419,-5.968693,ES,Spain,Andalucía,,1,360.0
28.64697,-17.767447,ES,Spain,Canarias,,1,11.0
42.23261,2.631506,ES,Spain,Catalunya,,1,7.4
41.430491,2.128099,ES,Spain,Catalunya,,1,22.0
36.862865,-5.185766,ES,Spain,Andalucía,,1,22.0
38.580516,-0.106173,ES,Spain,Comunitat Valenciana,,1,50.0
37.93471,-1.162033,ES,Spain,Región de Murcia,,2,60.0
40.423934,-3.691632,ES,Spain,Comunidad de Madrid,,2,100.0
42.006941,0.247866,ES,Spain,Aragón,,3,50.0
43.309288,-1.687371,ES,Spain,Navarra,,2,100.0
43.175176,-2.058318,ES,Spain,Euskadi,,1,50.0
43.168787,-2.618353,ES,Spain,Euskadi,,1,150.0
43.29066,-2.982035,ES,Spain,Euskadi,,2,100.0
43.317341,-2.972624,ES,Spain,Erandio,,1,100.0
41.814741,-2.482495,ES,Spain,Castilla y León,,1,22.0
43.508775,-5.694259,ES,Spain,Asturias / Asturies,,1,60.0
43.344659,-5.835435,ES,Spain,Asturias / Asturies,,2,60.0
42.585827,-5.584131,ES,Spain,Castilla y León,,1,50.0
39.412491,-0.386158,ES,Spain,Massanassa,,1,360.0
36.711395,-4.467981,ES,Spain,Andalucía,,1,240.0
41.068371,-4.728801,ES,Spain,Arévalo,,1,120.0
40.489426,-3.896158,ES,Spain,Majadahonda,,1,300.0
42.179966,-1.750537,ES,Spain,Alfaro,,2,80.0
43.298453,-1.99209,ES,Spain,Euskadi,,2,80.0
38.084351,-6.257171,ES,Spain,Extremadura,,1,250.0
41.51323,-5.733871,ES,Spain,Castilla y León,,1,22.0
40.982616,-5.662047,ES,Spain,Castilla y León,,1,22.0
40.968566,-5.676695,ES,Spain,Castilla y León,,1,22.0
28.393895,-16.55902,ES,Spain,Puerto de la Cruz,,3,50.0
28.485438,-16.341489,ES,Spain,La Cuesta,,1,22.0
28.382598,-16.364735,ES,Spain,Canarias,,2,50.0
28.093416,-15.456954,ES,Spain,Canarias,,1,150.0
39.553657,2.711166,ES,Spain,Illes Balears,,2,150.0
39.455297,-0.347199,ES,Spain,Comunitat Valenciana,,2,100.0
39.125289,-0.449293,ES,Spain,Carcaixent,,2,150.0
38.689802,0.118475,ES,Spain,Comunitat Valenciana,,1,22.0
38.338013,-0.487612,ES,Spain,Comunitat Valenciana,,1,22.0
38.030942,-1.042877,ES,Spain,Región de Murcia,,1,22.0
36.585978,-4.593222,ES,Spain,Andalucía,,1,90.0
36.771548,-6.342701,ES,Spain,Sanlúcar de Barrameda,,1,50.0
38.965752,-5.82419,ES,Spain,Don Benito,,1,150.0
40.608399,-3.696515,ES,Spain,Tres Cantos,,1,22.0
40.613378,-3.704806,ES,Spain,Tres Cantos,,2,60.0
40.314788,-3.676365,ES,Spain,Comunidad de Madrid,,2,60.0
41.352944,2.081251,ES,Spain,Catalunya,,1,22.0
41.637295,2.29731,ES,Spain,Catalunya,,1,60.0
42.386008,2.750083,ES,Spain,Catalunya,,1,22.0
43.165124,-2.578666,ES,Spain,Euskadi,,1,50.0
43.467356,-3.834102,ES,Spain,Cantabria,,2,80.0
43.034447,-4.357246,ES,Spain,Cantabria,,1,7.4
42.133396,-8.622585,ES,Spain,O Porriño,,1,22.0
43.314363,-4.807451,ES,Spain,Asturias / Asturies,,1,11.0
41.204737,1.207668,ES,Spain,Vilallonga Del Camp,,1,120.0
28.52055,-13.846114,ES,Spain,Puerto del Rosario,,3,50.0
37.382839,-5.918984,ES,Spain,Andalucía,,1,22.0
37.389859,-5.922874,ES,Spain,Andalucía,,1,22.0
37.4116,-5.927177,ES,Spain,Andalucía,,1,22.0
37.366958,-5.998801,ES,Spain,Andalucía,,1,22.0
36.463366,-5.061249,ES,Spain,Estepona,,1,22.0
37.968231,-1.096574,ES,Spain,Región de Murcia,,3,25.0
39.361481,-0.421251,ES,Spain,Silla,,1,22.0
39.460982,-0.411702,ES,Spain,Comunitat Valenciana,,1,22.0
41.477838,1.899947,ES,Spain,Martorell,,1,200.0
41.448786,1.866425,ES,Spain,Catalunya,,1,7.4
41.597988,1.699555,ES,Spain,Catalunya,,1,22.0
41.615413,2.137031,ES,Spain,Catalunya,,3,50.0
41.703653,2.855208,ES,Spain,Lloret de Mar,,1,7.4
40.442957,-3.715797,ES,Spain,Comunidad de Madrid,,1,7.4
38.780942,-3.389054,ES,Spain,Valdepeñas,,1,360.0
38.917814,-6.374799,ES,Spain,Extremadura,,1,360.0
40.288605,-4.018437,ES,Spain,Navalcarnero,,1,22.0
40.316224,-3.735431,ES,Spain,Comunidad de Madrid,,1,22.0
40.514364,-3.652758,ES,Spain,Comunidad de Madrid,,2,150.0
40.754895,-3.78351,ES,Spain,Comunidad de Madrid,,1,100.0
40.060479,-5.752212,ES,Spain,Extremadura,,3,25.0
40.365815,-0.706037,ES,Spain,Aragón,,1,120.0
41.682379,-0.853689,ES,Spain,Aragón,,2,150.0
41.761417,-0.83153,ES,Spain,Aragón,,3,50.0
41.74025,-1.078787,ES,Spain,Aragón,,3,50.0
41.775893,-2.481998,ES,Spain,Castilla y León,,1,7.4
42.758728,-1.632434,ES,Spain,Navarra,,2,60.0
43.065669,-2.164006,ES,Spain,Euskadi,,3,50.0
42.850647,-2.384155,ES,Spain,Agurain / Salvatierra,,1,60.0
43.055079,-3.000661,ES,Spain,Euskadi,,1,7.4
43.358822,-3.423649,ES,Spain,Cantabria,,1,22.0
43.395531,-3.448338,ES,Spain,Cantabria,,1,22.0
43.409264,-3.48693,ES,Spain,Cantabria,,1,22.0
43.484474,-3.612326,ES,Spain,Cantabria,,1,22.0
43.413864,-3.579571,ES,Spain,Cantabria,,1,22.0
43.404528,-3.667284,ES,Spain,Cantabria,,1,22.0
43.379128,-3.682692,ES,Spain,Cantabria,,1,22.0
43.357579,-3.822668,ES,Spain,Penagos,,1,22.0
43.414399,-3.840349,ES,Spain,Camargo,,1,22.0
43.358302,-5.510172,ES,Spain,Asturias / Asturies,,2,60.0
43.358167,-5.504916,ES,Spain,Asturias / Asturies,,2,60.0
43.356916,-5.498801,ES,Spain,Asturias / Asturies,,2,60.0
43.358856,-5.449078,ES,Spain,Asturias / Asturies,,2,60.0
43.260059,-2.934075,ES,Spain,Euskadi,,1,100.0
28.451107,-16.295958,ES,Spain,San Cristóbal de La Laguna,,1,100.0
28.423544,-14.013726,ES,Spain,Antigua,,1,7.4
28.420149,-14.012996,ES,Spain,Antigua,,1,60.0
28.325104,-14.04895,ES,Spain,Canarias,,1,60.0
41.388374,2.145709,ES,Spain,Catalunya,,1,22.0
41.412311,2.209064,ES,Spain,Catalunya,,1,7.4
41.388899,2.060395,ES,Spain,Sant Just Desvern,,1,22.0
41.491646,2.319453,ES,Spain,Catalunya,,1,22.0
41.578051,2.181554,ES,Spain,Palau-solità i Plegamans,,2,60.0
41.485466,2.038731,ES,Spain,Rubí,,1,7.4
41.503659,2.034731,ES,Spain,Rubí,,1,7.4
42.319281,2.931088,ES,Spain,Pont de Molins,,1,50.0
42.3162,2.930631,ES,Spain,Catalunya,,1,50.0
42.001154,2.742157,ES,Spain,Catalunya,,1,22.0
41.998031,2.286554,ES,Spain,Manlleu,,1,22.0
41.53189,1.873849,ES,Spain,Esparreguera,,1,150.0
41.722524,1.816428,ES,Spain,Catalunya,,1,150.0
41.330865,1.676841,ES,Spain,Vilafranca del Penedès,,4,50.0
41.361356,1.29915,ES,Spain,Catalunya,,3,50.0
41.137626,1.229055,ES,Spain,Catalunya,,1,22.0
41.113984,1.225161,ES,Spain,Catalunya,,1,150.0
41.073188,1.050502,ES,Spain,Cambrils,,1,22.0
40.711787,0.584432,ES,Spain,Amposta,,3,50.0
39.928174,-0.106034,ES,Spain,Vila-real,,1,100.0
39.449587,-0.333279,ES,Spain,Comunitat Valenciana,,1,22.0
39.46365,-0.337292,ES,Spain,Comunitat Valenciana,,1,90.0
39.453574,-0.355443,ES,Spain,Comunitat Valenciana,,1,22.0
39.459967,-0.362192,ES,Spain,Comunitat Valenciana,,2,22.0
39.468435,-0.368573,ES,Spain,Comunitat Valenciana,,1,22.0
39.465376,-0.383795,ES,Spain,Comunitat Valenciana,,1,22.0
39.524493,-0.426549,ES,Spain,Godella,,1,10.0
39.471738,-0.510568,ES,Spain,Quart de Poblet,,1,80.0
39.473396,3.156909,ES,Spain,Felanitx,,2,100.0
38.905595,1.417983,ES,Spain,Eivissa,,3,50.0
39.198693,-0.295465,ES,Spain,Sueca,,1,22.0
38.48076,-0.78063,ES,Spain,Petrer,,1,22.0
38.087156,-1.244749,ES,Spain,Lorquí,,1,7.4
37.976055,-1.134724,ES,Spain,Región de Murcia,,1,22.0
37.738492,-0.939452,ES,Spain,Región de Murcia,,1,100.0
36.774254,-2.613867,ES,Spain,Roquetas de Mar,,4,150.0
37.194633,-3.778434,ES,Spain,Andalucía,,1,180.0
36.632224,-4.499031,ES,Spain,Torremolinos,,1,90.0
36.011261,-5.604564,ES,Spain,Tarifa,,1,22.0
36.840021,-5.392923,ES,Spain,Andalucía,,1,22.0
39.616665,-6.764323,ES,Spain,Extremadura,,1,100.0
38.826618,-6.213086,ES,Spain,Extremadura,,1,100.0
37.258529,-6.955675,ES,Spain,Andalucía,,1,22.0
37.413015,-5.985487,ES,Spain,Andalucía,,3,100.0
37.41048,-5.925091,ES,Spain,Andalucía,,1,120.0
37.392192,-5.948531,ES,Spain,Andalucía,,1,22.0
37.306412,-5.947687,ES,Spain,Sevilla,,1,7.4
37.542936,-5.089148,ES,Spain,Écija,,1,22.0
37.906738,-4.724469,ES,Spain,Andalucía,,1,22.0
38.092125,-3.659565,ES,Spain,Linares,,1,22.0
38.842155,-3.392864,ES,Spain,Valdepeñas,,1,150.0
39.255983,-2.583246,ES,Spain,Villarrobledo,,2,80.0
40.056101,-3.864621,ES,Spain,Castilla-La Mancha,,1,80.0
40.057641,-3.864762,ES,Spain,Castilla-La Mancha,,1,80.0
40.33876,-3.772322,ES,Spain,Comunidad de Madrid,,3,50.0
40.358779,-3.828615,ES,Spain,Comunidad de Madrid,,1,60.0
40.447422,-3.79948,ES,Spain,Pozuelo de Alarcón,,2,60.0
40.466514,-3.801389,ES,Spain,Comunidad de Madrid,,1,22.0
40.432514,-3.689587,ES,Spain,Comunidad de Madrid,,1,22.0
40.815466,-3.604061,ES,Spain,Comunidad de Madrid,,1,22.0
39.978019,-4.737337,ES,Spain,Castilla-La Mancha,,1,180.0
40.077963,-2.151107,ES,Spain,Castilla-La Mancha,,4,150.0
41.311603,-2.002794,ES,Spain,Aragón,,2,400.0
41.312411,-2.001103,ES,Spain,Aragón,,1,300.0
42.336401,-1.808058,ES,Spain,Peralta / Azkoien,,1,22.0
42.784519,-1.689534,ES,Spain,Zizur Mayor / Zizur Nagusia,,1,22.0
42.814348,-1.684466,ES,Spain,Navarra,,3,50.0
42.816899,-1.61373,ES,Spain,Burlada / Burlata,,1,150.0
42.825336,-1.616499,ES,Spain,Burlada,,1,150.0
43.338416,-1.753917,ES,Spain,Irun,,1,150.0
42.840373,-2.692007,ES,Spain,Euskadi,,1,22.0
43.030167,-2.409834,ES,Spain,Oñati,,1,22.0
43.032113,-2.415321,ES,Spain,Oñati,,1,22.0
43.060219,-2.33289,ES,Spain,Euskadi,,1,22.0
43.246641,-2.911266,ES,Spain,Euskadi,,1,150.0
43.331372,-3.035679,ES,Spain,Santurtzi,,3,150.0
43.369939,-2.997811,ES,Spain,Berango,,2,100.0
43.315684,-3.952937,ES,Spain,Cantabria,,1,22.0
43.354242,-3.952778,ES,Spain,Cantabria,,1,22.0
43.425332,-4.039655,ES,Spain,Cantabria,,1,22.0
43.387528,-4.02974,ES,Spain,Cantabria,,1,22.0
43.34729,-4.048502,ES,Spain,Torrelavega,,1,22.0
43.324251,-4.071012,ES,Spain,Cartes,,1,22.0
43.362487,-5.514112,ES,Spain,Asturias / Asturies,,2,60.0
41.661011,-4.749675,ES,Spain,Castilla y León,,1,150.0
41.999427,-5.661394,ES,Spain,Benavente,,3,400.0
43.317893,-4.305003,ES,Spain,Treceño,,1,22.0
43.442678,-7.846166,ES,Spain,As Pontes de García Rodríguez,,3,50.0
43.312576,-8.365631,ES,Spain,Galicia,,1,300.0
40.432801,-3.695748,ES,Spain,Madrid,,1,11.0
40.43555,-3.56293,ES,Spain,Coslada,,1,0.0
41.081119,1.170707,ES,Spain,Salou,,1,0.0
38.878152,-1.143855,ES,Spain,Almansa,,1,150.0
39.602544,-2.280122,ES,Spain,Castilla-La Mancha,,1,360.0
42.54847,-6.50312,ES,Spain,Almázcara,,2,22.0
43.420078,-2.735935,ES,Spain,Bermeo,,2,90.0
43.155651,-4.619515,ES,Spain,Cantabria,,1,95.0
41.228541,1.739598,ES,Spain,Vilanova i la Geltrú,,1,22.0
38.962961,-1.823536,ES,Spain,Castilla-La Mancha,,2,60.0
42.227176,-8.753985,ES,Spain,Galicia,,1,240.0
37.902422,-4.724008,ES,Spain,Andalucía,,1,60.0
41.133696,1.399976,ES,Spain,Torredembarra,,1,22.0
41.227052,1.782373,ES,Spain,Sitges,,1,22.0
41.410064,2.16955,ES,Spain,Catalunya,,1,4.0
41.398765,2.202353,ES,Spain,Catalunya,,1,4.0
39.491501,-0.398298,ES,Spain,Comunitat Valenciana,,1,22.0
39.081394,-0.354387,ES,Spain,Carcaixent,,1,7.4
38.667086,-0.904677,ES,Spain,Villena,,1,22.0
40.623221,-3.604519,ES,Spain,Colmenar Viejo,,1,22.0
40.9236,-4.112176,ES,Spain,Segovia,,1,180.0
41.629167,-4.736857,ES,Spain,Valladolid,,1,60.0
42.816246,-1.708371,ES,Spain,Pamplona,,2,100.0
40.195863,-3.874389,ES,Spain,Serranillos Del Valle,,2,60.0
40.409515,-3.884763,ES,Spain,Boadilla del Monte,,1,22.0
43.42287,-5.827766,ES,Spain,Asturias / Asturies,,2,100.0
42.686421,-2.96163,ES,Spain,Miranda de Ebro,,2,150.0
40.449956,-3.509932,ES,Spain,San Fernando de Henares,,1,22.0
41.945798,-2.468466,ES,Spain,Castilla y León,,1,22.0
41.277085,1.989008,ES,Spain,Castelldefels,,1,7.4
42.159036,-8.609956,ES,Spain,O Porriño,,1,180.0
38.898484,-1.503444,ES,Spain,Castilla-La Mancha,,1,250.0
39.532411,2.570002,ES,Spain,Illes Balears,,1,60.0
39.529885,2.565432,ES,Spain,Illes Balears,,1,60.0
28.045806,-16.678023,ES,Spain,Arona,,1,100.0
39.014299,-3.371503,ES,Spain,Manzanares,,1,7.4
41.399321,2.171458,ES,Spain,Catalunya,,1,3.5
41.327794,2.088565,ES,Spain,el Prat de Llobregat,,1,22.0
41.419405,2.00058,ES,Spain,Catalunya,,1,22.0
41.438037,2.014773,ES,Spain,Catalunya,,1,22.0
41.474659,2.056395,ES,Spain,Sant Cugat del Vallès,,1,22.0
41.520014,2.195574,ES,Spain,Santa Perpètua de Mogoda,,1,150.0
41.531622,2.439514,ES,Spain,Catalunya,,1,22.0
41.575157,2.542122,ES,Spain,Arenys de Mar,,2,150.0
41.58027,2.028667,ES,Spain,Catalunya,,1,60.0
41.9471,2.271105,ES,Spain,Vic,,1,100.0
41.807698,1.403292,ES,Spain,Catalunya,,1,100.0
41.906859,1.193207,ES,Spain,Catalunya,,1,150.0
39.532358,2.734835,ES,Spain,Illes Balears,,1,60.0
37.344268,-6.065858,ES,Spain,Mairena del Aljarafe,,1,22.0
37.352469,-6.038972,ES,Spain,Mairena del Aljarafe,,1,22.0
36.856921,-5.649459,ES,Spain,Villamartín,,1,60.0
36.811071,-2.585189,ES,Spain,Campillo del Moro,,1,100.0
36.865256,-2.442977,ES,Spain,Andalucía,,1,60.0
37.572907,-1.269295,ES,Spain,Mazarrón,,1,100.0
37.606602,-0.995401,ES,Spain,Región de Murcia,,1,22.0
38.004592,-1.14779,ES,Spain,Región de Murcia,,1,60.0
38.271111,-0.673821,ES,Spain,Comunitat Valenciana,,1,60.0
39.999321,-0.045228,ES,Spain,Comunitat Valenciana,,1,60.0
39.953301,-0.058458,ES,Spain,Almassora,,1,60.0
38.837784,0.09191,ES,Spain,Dénia,,1,60.0
39.172717,-0.261281,ES,Spain,Cullera,,2,150.0
39.38631,-3.237344,ES,Spain,Alcázar de San Juan,,1,60.0
39.140354,-5.92099,ES,Spain,Miajadas,,1,100.0
40.08303,-3.865661,ES,Spain,Castilla-La Mancha,,1,60.0
40.445481,-3.482144,ES,Spain,Comunidad de Madrid,,1,60.0
41.961142,-1.69152,ES,Spain,Navarra,,1,22.0
41.975848,-1.678095,ES,Spain,Navarra,,1,22.0
41.994794,-1.512633,ES,Spain,Navarra,,1,22.0
42.033381,-1.528785,ES,Spain,Navarra,,1,22.0
42.047116,-1.594318,ES,Spain,Tudela,,1,60.0
42.603498,-1.646464,ES,Spain,,,1,22.0
42.816248,-1.648263,ES,Spain,Navarra,,2,22.0
43.168882,-2.066612,ES,Spain,Euskadi,,1,60.0
43.466392,-3.880832,ES,Spain,Santa Cruz de Bezana,,1,60.0
42.077004,-7.720713,ES,Spain,Galicia,,1,60.0
42.113793,-8.796058,ES,Spain,Nigrán,,1,60.0
40.243584,-3.689079,ES,Spain,Pinto,,1,400.0
43.269809,-2.27107,ES,Spain,Euskadi,,1,250.0
28.07745,-16.731744,ES,Spain,Adeje,,1,22.0
38.38189,-0.760905,ES,Spain,Novelda,,2,100.0
37.988014,-0.691973,ES,Spain,Torrevieja,,1,7.4
37.360739,-1.663967,ES,Spain,Andalucía,,1,150.0
38.520093,-6.784332,ES,Spain,Extremadura,,1,60.0
40.246972,-3.711815,ES,Spain,Pinto,,3,50.0
40.443175,-3.893659,ES,Spain,Boadilla del Monte,,1,22.0
40.023829,-6.595214,ES,Spain,Extremadura,,1,120.0
41.749258,2.652931,ES,Spain,Catalunya,,1,22.0
41.621642,0.610798,ES,Spain,Catalunya,,1,60.0
42.878364,-2.530683,ES,Spain,Euskadi,,1,22.0
43.469371,-3.826441,ES,Spain,Cantabria,,1,22.0
41.621757,0.610729,ES,Spain,Catalunya,,1,60.0
37.161776,-5.910093,ES,Spain,Los Palacios y Villafranca,,1,400.0
42.223219,-8.672555,ES,Spain,Galicia,,1,7.4
36.819853,-2.59738,ES,Spain,El Parador de las Hortichuelas,,1,400.0
28.022997,-15.388339,ES,Spain,Telde,,1,90.0
38.988295,-3.903162,ES,Spain,Ciudad Real,,1,50.0
40.405243,-3.882316,ES,Spain,Boadilla del Monte,,1,60.0
40.422501,-3.690206,ES,Spain,Comunidad de Madrid,,1,7.0
40.54722,-3.645369,ES,Spain,Comunidad de Madrid,,2,100.0
40.542162,-3.651978,ES,Spain,Comunidad de Madrid,,2,100.0
40.826268,-5.508819,ES,Spain,Alba de Tormes,,1,7.4
37.414664,-1.574755,ES,Spain,Águilas,,1,100.0
38.173449,-0.857949,ES,Spain,Comunitat Valenciana,,1,150.0
39.567294,2.68546,ES,Spain,Illes Balears,,1,100.0
39.411349,-0.381862,ES,Spain,Alfafar,,1,300.0
39.462303,-0.353977,ES,Spain,Comunitat Valenciana,,1,150.0
40.365191,0.395848,ES,Spain,Comunitat Valenciana,,2,60.0
41.541346,2.421155,ES,Spain,Catalunya,,3,50.0
41.575975,2.272622,ES,Spain,Granollers,,1,22.0
41.464699,1.948424,ES,Spain,Martorell,,2,150.0
42.255545,3.182331,ES,Spain,Roses,,1,100.0
42.06007,-1.631064,ES,Spain,Tudela,,3,400.0
42.465094,-2.4535,ES,Spain,La Rioja,,1,22.0
36.668532,-6.136344,ES,Spain,Andalucía,,1,8.0
39.488725,-0.371418,ES,Spain,Comunitat Valenciana,,1,8.0
41.37166,2.181437,ES,Spain,Catalunya,,1,8.0
41.38814,2.114601,ES,Spain,Catalunya,,1,8.0
40.432208,-3.683337,ES,Spain,Comunidad de Madrid,,1,8.0
43.359127,-5.854672,ES,Spain,Asturias / Asturies,,1,8.0
42.487741,-8.858004,ES,Spain,O Grove,,1,22.0
42.196404,-2.694277,ES,Spain,La Rioja,,1,22.0
43.390142,-5.183171,ES,Spain,Asturias / Asturies,,1,60.0
41.506104,1.89748,ES,Spain,Catalunya,,1,22.0
37.213034,-3.636654,ES,Spain,Maracena,,3,50.0
37.351876,-5.22024,ES,Spain,Andalucía,,1,50.0
37.907695,-4.607965,ES,Spain,Andalucía,,3,50.0
37.984762,-4.283048,ES,Spain,Andalucía,,3,50.0
38.973774,-3.336783,ES,Spain,Castilla-La Mancha,,3,50.0
41.514938,2.414083,ES,Spain,Catalunya,,1,100.0
41.29815,1.258494,ES,Spain,Valls,,3,50.0
41.232561,-0.058889,ES,Spain,Caspe,,1,100.0
41.214257,-0.468452,ES,Spain,Aragón,,3,50.0
40.407246,-3.634639,ES,Spain,Comunidad de Madrid,,1,7.4
40.422065,-3.694786,ES,Spain,Comunidad de Madrid,,1,22.0
40.530625,-3.651918,ES,Spain,Comunidad de Madrid,,2,100.0
40.545285,-3.65922,ES,Spain,Comunidad de Madrid,,2,100.0
40.29789,-2.985056,ES,Spain,Castilla-La Mancha,,3,50.0
39.882963,-4.032589,ES,Spain,Castilla-La Mancha,,1,7.4
39.888181,-5.467978,ES,Spain,Extremadura,,1,100.0
41.697209,-4.830279,ES,Spain,Castilla y León,,1,60.0
41.609036,-4.709562,ES,Spain,Castilla y León,,1,200.0
41.586916,-3.058177,ES,Spain,El Burgo de Osma-Ciudad de Osma,,3,50.0
43.303324,-2.988404,ES,Spain,Euskadi,,1,7.4
43.168596,-2.921453,ES,Spain,Euskadi,,1,7.4
43.101459,-7.613129,ES,Spain,Outeiro De Rei,,1,22.0
28.507374,-13.869887,ES,Spain,Puerto del Rosario,,1,22.0
28.462502,-14.039247,ES,Spain,Canarias,,1,22.0
28.393693,-14.072242,ES,Spain,Canarias,,1,22.0
28.051733,-14.352297,ES,Spain,Canarias,,1,22.0
28.394504,-16.519819,ES,Spain,La Orotava,,1,90.0
36.723221,-4.31324,ES,Spain,Rincón de la Victoria,,1,22.0
40.444497,-3.698528,ES,Spain,Comunidad de Madrid,,1,7.4
41.415729,-5.873432,ES,Spain,Castilla y León,,1,100.0
40.554893,-3.659617,ES,Spain,Madrid ,,1,7.4
43.030928,-7.536301,ES,Spain,Galicia,,1,120.0
28.056098,-16.614614,ES,Spain,San Miguel de Abona,,1,120.0
41.698598,2.848074,ES,Spain,Lloret de Mar,,1,22.0
41.753323,2.561356,ES,Spain,Catalunya,,1,7.4
41.360594,2.115335,ES,Spain,Barcelona,,1,100.0
41.373484,2.171787,ES,Spain,barcelona,,1,7.4
41.393678,2.138241,ES,Spain,Barcelona,,1,7.4
41.435033,2.191885,ES,Spain,Catalunya,,1,7.4
41.316707,1.270426,ES,Spain,Valls,,1,7.4
41.156833,1.214239,ES,Spain,Constanti,,1,22.0
39.410111,-0.383721,ES,Spain,Massanassa,,1,22.0
38.969316,-5.80386,ES,Spain,Villanueva de la Serena,,1,150.0
40.480845,-3.594197,ES,Spain,Comunidad de Madrid,,1,22.0
40.536358,-3.649558,ES,Spain,Comunidad de Madrid,,1,150.0
40.536652,-3.650134,ES,Spain,Comunidad de Madrid,,2,100.0
40.515817,-3.65151,ES,Spain,Comunidad de Madrid,,2,100.0
40.402905,-3.716516,ES,Spain,Comunidad de Madrid,,5,100.0
43.427049,-3.838728,ES,Spain,Camargo,,2,60.0
43.531017,-5.694021,ES,Spain,Asturias / Asturies,,1,7.4
43.520241,-5.664082,ES,Spain,Asturias / Asturies,,1,22.0
41.382754,2.142966,ES,Spain,Catalunya,,1,7.4
41.399794,2.124708,ES,Spain,Catalunya,,3,50.0
41.409158,2.130268,ES,Spain,Catalunya,,1,7.4
41.373802,2.08401,ES,Spain,Esplugues de Llobregat,,1,22.0
41.337634,2.112673,ES,Spain,Catalunya,,1,7.4
41.309981,2.02814,ES,Spain,Viladecans,,1,22.0
41.300772,2.014013,ES,Spain,Gavà,,1,22.0
41.334545,1.997092,ES,Spain,Catalunya,,2,22.0
41.359414,1.98144,ES,Spain,Catalunya,,2,22.0
41.368923,2.022346,ES,Spain,Catalunya,,2,22.0
41.368635,2.017883,ES,Spain,Catalunya,,2,22.0
41.49319,1.911383,ES,Spain,Martorell,,1,7.4
41.506307,1.897671,ES,Spain,Catalunya,,2,22.0
41.472264,1.981034,ES,Spain,Castellbisbal,,2,22.0
41.395848,2.010982,ES,Spain,Sant Vicenç dels Horts,,3,60.0
41.415108,2.011997,ES,Spain,Molins de Rei,,3,60.0
41.416675,2.011901,ES,Spain,Molins de Rei,,1,7.4
41.39618,1.959129,ES,Spain,Catalunya,,2,22.0
41.423186,1.996874,ES,Spain,Catalunya,,2,22.0
41.560184,2.01461,ES,Spain,Catalunya,,1,7.4
41.573464,2.004504,ES,Spain,Catalunya,,1,7.4
41.512737,2.155983,ES,Spain,Barberà del Vallès,,1,22.0
41.548248,2.263472,ES,Spain,Montornès del Vallès,,1,7.4
41.468553,2.280947,ES,Spain,Montgat,,2,22.0
41.634121,2.723617,ES,Spain,Catalunya,,1,22.0
42.403615,3.152393,ES,Spain,Catalunya,,1,22.0
42.209646,2.580674,ES,Spain,Catalunya,,1,11.0
42.215883,2.578548,ES,Spain,Gerona,,1,11.0
42.10055,2.21968,ES,Spain,Catalunya,,1,22.0
42.602945,0.522751,ES,Spain,Aragón,,1,22.0
42.1479,-0.391446,ES,Spain,Aragón,,1,22.0
42.132759,-0.403809,ES,Spain,Aragón,,1,22.0
43.303106,-2.951074,ES,Spain,erandio,,1,7.4
43.29452,-2.870929,ES,Spain,Euskadi,,2,50.0
43.210971,-2.778452,ES,Spain,Euskadi,,1,7.4
42.914014,-2.662595,ES,Spain,Vitoria,,1,7.4
42.909171,-2.666509,ES,Spain,Vitoria,,1,7.4
43.042184,-2.215992,ES,Spain,Euskadi,,3,50.0
43.092763,-2.315513,ES,Spain,Euskadi,,1,7.4
43.092879,-2.313276,ES,Spain,Euskadi,,1,7.4
43.22223,-2.405468,ES,Spain,Elgoibar,,1,7.4
43.277596,-2.171177,ES,Spain,Zarautz,,1,22.0
43.3219,-1.941466,ES,Spain,San Sebastián,,1,22.0
42.661272,-2.034373,ES,Spain,Estella-Lizarra,,1,22.0
42.128646,-1.126504,ES,Spain,Ejea De Los Caballeros,,1,22.0
36.83234,-2.460751,ES,Spain,Almeria,,2,22.0
36.746046,-5.160144,ES,Spain,Ronda,,2,22.0
37.397003,-6.03373,ES,Spain,Camas,,1,22.0
36.507547,-6.278679,ES,Spain,Andalucía,,1,22.0
36.459945,-5.724246,ES,Spain,Andalucía,,1,22.0
36.485985,-4.954454,ES,Spain,Marbella,,1,175.0
37.213744,-3.618098,ES,Spain,Granada,,2,80.0
37.188589,-3.723774,ES,Spain,Santa Fe,,1,22.0
37.091921,-4.391043,ES,Spain,Archidona,,1,22.0
38.093904,-3.624664,ES,Spain,Linares,,1,22.0
39.154584,-3.007462,ES,Spain,Tomelloso,,1,22.0
36.757765,-2.805903,ES,Spain,El Ejido,,1,22.0
36.762669,-2.611083,ES,Spain,Roquetas de Mar,,1,11.0
37.309659,-3.145944,ES,Spain,Guadix,,1,22.0
37.947201,-1.132917,ES,Spain,Murcia,,1,22.0
37.998757,-0.690203,ES,Spain,Torrevieja,,1,50.0
38.062525,-0.980716,ES,Spain,Orihuela,,1,22.0
38.177382,-1.123872,ES,Spain,Fortuna,,3,60.0
38.356785,-0.471385,ES,Spain,Comunitat Valenciana,,1,22.0
38.43669,-0.839197,ES,Spain,Monòver / Monóvar,,1,22.0
38.637311,-0.866206,ES,Spain,Villena,,1,22.0
38.717932,-0.660015,ES,Spain,Comunitat Valenciana,,1,50.0
38.697873,-0.475095,ES,Spain,Alcoi / Alcoy,,1,22.0
39.263115,-0.466442,ES,Spain,Alginet,,1,22.0
39.416053,-0.38171,ES,Spain,Alfafar,,1,22.0
39.428367,-0.36382,ES,Spain,Comunitat Valenciana,,1,22.0
39.477295,-0.380478,ES,Spain,Comunitat Valenciana,,2,22.0
39.463486,-0.382701,ES,Spain,Comunitat Valenciana,,1,3.0
39.460796,-0.381654,ES,Spain,Comunitat Valenciana,,2,50.0
39.457783,-0.361857,ES,Spain,Comunitat Valenciana,,1,3.0
39.456704,-0.391109,ES,Spain,Valencia,,1,5.0
39.45931,-0.388363,ES,Spain,Valencia,,2,22.0
39.464839,-0.401657,ES,Spain,Comunitat Valenciana,,2,22.0
39.468886,-0.424415,ES,Spain,Xirivella,,1,22.0
39.478707,-0.403909,ES,Spain,Comunitat Valenciana,,1,22.0
39.467258,-0.333942,ES,Spain,Comunitat Valenciana,,2,22.0
39.494538,-0.361507,ES,Spain,Comunitat Valenciana,,2,50.0
39.493228,-0.363158,ES,Spain,Comunitat Valenciana,,1,22.0
39.486653,-0.36145,ES,Spain,Comunitat Valenciana,,1,22.0
39.483268,-0.371742,ES,Spain,Valencia,,1,22.0
39.489682,-0.393682,ES,Spain,Comunitat Valenciana,,2,22.0
39.489794,-0.383053,ES,Spain,Comunitat Valenciana,,1,3.0
39.493552,-0.380851,ES,Spain,Comunitat Valenciana,,1,22.0
39.492881,-0.386816,ES,Spain,Comunitat Valenciana,,1,22.0
39.495049,-0.401874,ES,Spain,Comunitat Valenciana,,2,50.0
39.499166,-0.418167,ES,Spain,Comunitat Valenciana,,2,22.0
39.547617,-0.460425,ES,Spain,Paterna,,2,150.0
39.936836,-0.110115,ES,Spain,Vila-real,,1,22.0
40.21852,0.196736,ES,Spain,Comunitat Valenciana,,1,22.0
39.86348,-1.082481,ES,Spain,Comunitat Valenciana,,1,22.0
41.450524,-1.346829,ES,Spain,La Almunia De Doña Godina,,2,300.0
41.643111,-0.943131,ES,Spain,Zaragoza,,1,22.0
41.659538,-0.861828,ES,Spain,Zaragoaza,,1,22.0
42.276547,3.158213,ES,Spain,Rosas,,1,120.0
42.256351,2.969702,ES,Spain,Figueres,,1,22.0
42.232623,2.59572,ES,Spain,Montagut,,1,22.0
42.002251,3.066875,ES,Spain,Ullastret,,1,22.0
42.000408,3.032011,ES,Spain,Casavells,,1,22.0
41.820938,2.898065,ES,Spain,Catalunya,,1,22.0
41.848222,2.38831,ES,Spain,Catalunya,,1,22.0
41.89409,2.243417,ES,Spain,Catalunya,,1,22.0
41.929847,2.245077,ES,Spain,Vic,,1,22.0
41.94085,2.255171,ES,Spain,Vic,,1,22.0
42.058734,2.151487,ES,Spain,Catalunya,,1,22.0
42.135543,1.930396,ES,Spain,Vilada,,1,22.0
41.537296,2.440803,ES,Spain,Catalunya,,1,22.0
41.616947,2.280259,ES,Spain,Canovelles,,1,22.0
41.651435,2.23013,ES,Spain,Catalunya,,1,22.0
41.526763,2.187255,ES,Spain,Santa Perpètua de Mogoda,,1,22.0
41.536988,2.176893,ES,Spain,Santa Perpetua De Mogoda,,1,22.0
41.465195,1.948838,ES,Spain,san Andreu,,3,50.0
41.472487,1.915896,ES,Spain,Martorell,,1,22.0
41.552415,1.880054,ES,Spain,Olesa,,3,50.0
41.101888,1.188982,ES,Spain,Tarragona,,1,7.4
41.098603,1.181903,ES,Spain,Vila-seca,,1,7.4
41.122205,1.181486,ES,Spain,Catalunya,,3,50.0
41.114179,1.218685,ES,Spain,Catalunya,,1,30.0
41.117242,1.262567,ES,Spain,Tarragona,,1,22.0
41.175168,1.327622,ES,Spain,El Catllar,,1,22.0
41.203272,1.277848,ES,Spain,Catalunya,,1,22.0
41.215383,1.207159,ES,Spain,Catalunya,,1,22.0
41.169189,1.085879,ES,Spain,Catalunya,,1,22.0
41.186721,0.749493,ES,Spain,Catalunya,,1,22.0
41.28391,0.667104,ES,Spain,Catalunya,,2,60.0
41.629862,0.623876,ES,Spain,Lérida,,3,100.0
41.895999,1.043387,ES,Spain,Artesa de Segre,,3,50.0
36.207822,-5.407818,ES,Spain,Algeciras,,2,150.0
36.423124,-5.155527,ES,Spain,Estepona,,1,100.0
36.5975,-4.509792,ES,Spain,Arroyo de la Miel-Benalmádena Costa,,1,7.4
37.180501,-3.901351,ES,Spain,Fuensanta,,4,150.0
37.977237,-1.059111,ES,Spain,Murcia,,3,50.0
38.386294,-0.758544,ES,Spain,Novelda,,3,50.0
38.704751,-4.100128,ES,Spain,Puertollano,,3,50.0
39.401109,-3.128352,ES,Spain,Campo de Criptana,,3,50.0
40.448876,-3.865439,ES,Spain,Majadahonda,,1,22.0
40.296544,-3.697615,ES,Spain,Comunidad de Madrid,,1,7.4
40.383011,-3.69615,ES,Spain,Comunidad de Madrid,,3,50.0
40.394931,-3.493345,ES,Spain,Mejorada del Campo,,3,50.0
40.374011,-3.627006,ES,Spain,Comunidad de Madrid,,1,60.0
40.954904,-5.674591,ES,Spain,Castilla y León,,3,50.0
41.658384,-4.640027,ES,Spain,Valladolid,,3,50.0
41.951777,-3.078275,ES,Spain,Castilla y León,,1,7.4
43.227955,-2.837572,ES,Spain,Galdakao,,1,100.0
43.227186,-2.837974,ES,Spain,Galdakao,,3,50.0
43.364242,-2.507897,ES,Spain,Euskadi,,1,50.0
42.815018,-1.637488,ES,Spain,Navarra,,1,22.0
42.734666,-1.571613,ES,Spain,Navarra,,1,22.0
43.425711,-3.769266,ES,Spain,Cantabria,,3,50.0
42.617185,-5.602009,ES,Spain,San Andrés del Rabanedo,,3,50.0
28.232036,-16.839741,ES,Spain,Canarias,,1,7.4
39.587011,2.673862,ES,Spain,Illes Balears,,1,100.0
40.879503,0.498804,ES,Spain,Catalunya,,1,22.0
40.813705,0.543714,ES,Spain,Tortosa,,1,22.0
41.70817,-0.862937,ES,Spain,Aragón,,3,50.0
41.856818,-0.793975,ES,Spain,Zuera,,3,50.0
39.535338,2.735255,ES,Spain,Illes Balears,,2,150.0
41.316086,2.142208,ES,Spain,el Prat de Llobregat,,1,22.0
41.316983,2.137112,ES,Spain,el Prat de Llobregat,,1,22.0
41.412252,2.2209,ES,Spain,Barcelona,,1,7.4
43.302272,-1.942791,ES,Spain,Euskadi,,1,22.0
43.302011,-1.951411,ES,Spain,Euskadi,,1,60.0
39.018755,-1.885161,ES,Spain,Castilla-La Mancha,,1,22.0
37.443991,-5.781893,ES,Spain,Carmona,,1,22.0
40.25341,-3.699126,ES,Spain,Pinto,,1,22.0
40.16,-3.827887,ES,Spain,Illescas,,1,22.0
40.953009,-3.728957,ES,Spain,Comunidad de Madrid,,1,4.6
40.026267,-3.605467,ES,Spain,Aranjuez,,1,150.0
39.952094,-3.85414,ES,Spain,Castilla-La Mancha,,1,22.0
38.899987,-6.999195,ES,Spain,Extremadura,,1,22.0
38.923505,-6.375845,ES,Spain,Extremadura,,1,22.0
38.960901,-5.87391,ES,Spain,Don Benito,,1,60.0
40.939536,-5.658489,ES,Spain,Castilla y León,,1,22.0
43.386018,-5.769023,ES,Spain,Granda,,1,22.0
43.425078,-5.808329,ES,Spain,Asturias / Asturies,,1,7.4
43.508503,-5.694639,ES,Spain,Asturias / Asturies,,1,22.0
43.534261,-5.637717,ES,Spain,Asturias / Asturies,,1,22.0
43.534599,-5.687785,ES,Spain,Asturias / Asturies,,1,22.0
43.538479,-5.701536,ES,Spain,Asturias / Asturies,,1,22.0
42.538509,-5.574412,ES,Spain,Castilla y León,,1,22.0
42.90598,-8.496338,ES,Spain,Santiago,,1,22.0
43.036994,-7.573748,ES,Spain,Galicia,,1,22.0
43.309953,-8.2969,ES,Spain,Cambre,,1,7.4
39.882919,4.240979,ES,Spain,Maó,,3,100.0
39.838813,3.147857,ES,Spain,Illes Balears,,1,22.0
39.564986,2.686589,ES,Spain,Illes Balears,,1,22.0
38.960346,1.444036,ES,Spain,Santa Eulària des Riu,,1,60.0
28.462001,-16.26096,ES,Spain,Canarias,,1,22.0
27.77437,-18.010933,ES,Spain,El Hierro,,1,60.0
38.333396,-6.954879,ES,Spain,Extremadura,,1,22.0
38.331083,-6.955938,ES,Spain,Extremadura,,1,22.0
43.415742,-3.576004,ES,Spain,Cantabria,,1,100.0
36.722738,-2.627807,ES,Spain,Roquetas de Mar,,1,22.0
43.350113,-5.326954,ES,Spain,Asturias / Asturies,,1,150.0
43.519951,-5.450621,ES,Spain,Villaviciosa,,1,50.0
42.07669,-1.796816,ES,Spain,Navarra,,1,300.0
41.573039,-3.705594,ES,Spain,Castilla y León,,1,150.0
40.513172,-3.33995,ES,Spain,Comunidad de Madrid,,2,400.0
37.403658,-5.962784,ES,Spain,Andalucía,,1,150.0
37.4043,-5.963421,ES,Spain,Andalucía,,1,150.0
41.468952,2.030026,ES,Spain,Rubí,,1,240.0
38.973797,-3.958656,ES,Spain,Castilla-La Mancha,,2,100.0
37.403449,-5.989285,ES,Spain,Andalucía,,1,100.0
28.097152,-15.456087,ES,Spain,Canarias,,2,240.0
40.44605,-3.483544,ES,Spain,Comunidad de Madrid,,1,90.0
40.465436,-3.441611,ES,Spain,Comunidad de Madrid,,1,360.0
40.508202,-3.877136,ES,Spain,Las Rozas,,1,360.0
37.794881,-1.429181,ES,Spain,Alhama de Murcia,,1,400.0
40.452924,-3.869547,ES,Spain,Majadahona,,1,22.0
40.526516,-3.650947,ES,Spain,Comunidad de Madrid,,1,7.4
43.391876,-5.654165,ES,Spain,La Pola Siero,,3,150.0
43.387783,-5.663319,ES,Spain,La Pola Siero,,3,150.0
38.395399,-0.521913,ES,Spain,San Vicente del Raspeig,,2,7.4
38.425332,-0.391969,ES,Spain,el Campello,,1,7.4
36.112525,-5.454422,ES,Spain,Andalucía,,1,360.0
41.676375,-3.690576,ES,Spain,Aranda de Duero,,3,50.0
40.540532,-3.613138,ES,Spain,Comunidad de Madrid,,3,150.0
36.707944,-4.433368,ES,Spain,Málaga,,3,60.0
42.626341,-3.113137,ES,Spain,Castilla y León,,1,400.0
42.76219,-1.635634,ES,Spain,Navarra,,1,100.0
37.41734,-5.973522,ES,Spain,Andalucía,,3,100.0
37.397037,-5.97547,ES,Spain,Andalucía,,3,100.0
37.375538,-5.94157,ES,Spain,Andalucía,,3,100.0
37.384876,-5.978598,ES,Spain,Andalucía,,3,100.0
37.373811,-6.00284,ES,Spain,Sevilla,,3,100.0
37.371875,-6.001484,ES,Spain,Andalucía,,3,100.0
37.387171,-6.00965,ES,Spain,Andalucía,,3,100.0
37.388627,-6.010227,ES,Spain,Andalucía,,3,100.0
37.380986,-6.010387,ES,Spain,Sevilla,,3,100.0
36.558149,-4.62704,ES,Spain,Fuengirola,,3,100.0
39.014189,-3.750209,ES,Spain,Castilla-La Mancha,,1,120.0
42.902135,-8.50592,ES,Spain,Galicia,,2,160.0
40.467823,-3.680283,ES,Spain,Comunidad de Madrid,,1,22.0
40.57195,-3.25071,ES,Spain,Azuqueca de Henares,,1,22.0
40.441435,-3.495659,ES,Spain,San Fernando de Henares,,1,22.0
40.43036,-3.640803,ES,Spain,Madrid,,3,50.0
40.370857,-3.645647,ES,Spain,Comunidad de Madrid,,1,22.0
40.318758,-3.770163,ES,Spain,Comunidad de Madrid,,1,22.0
40.264775,-3.738607,ES,Spain,Getafe,,1,22.0
38.970085,-5.873204,ES,Spain,Don Benito,,3,50.0
37.207079,-7.324317,ES,Spain,Isla Cristina,,3,50.0
37.386994,-5.935187,ES,Spain,Andalucía,,3,50.0
37.290851,-5.995773,ES,Spain,Sevilla,,1,22.0
37.542043,-5.073342,ES,Spain,Écija,,3,50.0
37.121218,-5.466982,ES,Spain,Morón de la Frontera,,3,50.0
36.607506,-6.192215,ES,Spain,El Puerto de Santa María,,1,22.0
36.183864,-5.38876,ES,Spain,San Roque,,1,22.0
36.2,-5.419307,ES,Spain,San Roque,,1,22.0
36.683027,-5.451764,ES,Spain,Ubrique,,3,50.0
36.712774,-4.519875,ES,Spain,Andalucía,,1,22.0
37.082239,-4.453766,ES,Spain,Archidona,,3,50.0
37.593037,-4.481604,ES,Spain,Nueva Carteya,,3,50.0
37.79741,-4.809956,ES,Spain,Andalucía,,3,50.0
37.844759,-4.793994,ES,Spain,Andalucía,,1,22.0
37.988919,-4.260652,ES,Spain,Andalucía,,3,50.0
38.027256,-4.166299,ES,Spain,Andalucía,,3,50.0
37.817813,-3.781379,ES,Spain,Andalucía,,1,22.0
37.197729,-3.639205,ES,Spain,Andalucía,,3,50.0
37.215942,-3.70071,ES,Spain,Atarfe,,1,22.0
36.871247,-2.422048,ES,Spain,Andalucía,,1,7.4
42.369981,1.772834,ES,Spain,Bellver,,1,11.0
40.115222,-1.019096,ES,Spain,Aragón,,1,22.0
39.683482,-0.309544,ES,Spain,Petrés,,1,22.0
39.285121,-2.579755,ES,Spain,Villarrobledo,,4,60.0
40.317531,-3.678509,ES,Spain,Comunidad de Madrid,,1,22.0
40.518156,-3.901829,ES,Spain,Las Rozas de Madrid,,1,22.0
42.043241,-1.59067,ES,Spain,Tudela,,3,50.0
43.222004,-8.683839,ES,Spain,Carballo,,3,60.0
43.372558,-8.393076,ES,Spain,Galicia,,1,22.0
38.997189,-0.521138,ES,Spain,Jativa,,1,150.0
42.265768,2.984652,ES,Spain,Figueras,,1,150.0
41.447225,2.188315,ES,Spain,Barcelona,,1,200.0
38.727546,0.10158,ES,Spain,Comunitat Valenciana,,1,100.0
43.051672,-2.179566,ES,Spain,Ordizia,,2,100.0
37.93676,-1.184038,ES,Spain,El Palmar,,3,50.0
38.256808,-0.747915,ES,Spain,Comunitat Valenciana,,3,50.0
38.6478,-0.120809,ES,Spain,Callosa de Ensarriá,,3,50.0
38.769834,0.147807,ES,Spain,Xàbia / Jávea,,1,22.0
39.065286,-0.547532,ES,Spain,Comunitat Valenciana,,1,22.0
39.271997,-0.574376,ES,Spain,Comunitat Valenciana,,3,50.0
39.448917,-0.494628,ES,Spain,Aldaia,,1,22.0
41.269085,2.001199,ES,Spain,Gavà,,3,50.0
41.466652,2.025761,ES,Spain,Sant Cugat del Vallès,,3,50.0
41.543158,2.050445,ES,Spain,Catalunya,,3,50.0
41.650115,2.297456,ES,Spain,Catalunya,,3,50.0
41.594611,2.285758,ES,Spain,Granollers,,3,50.0
41.585599,2.326643,ES,Spain,Catalunya,,3,50.0
41.561575,2.275009,ES,Spain,Montornès del Vallès,,1,22.0
41.494977,2.191643,ES,Spain,Montcada i Reixac,,3,50.0
41.459698,2.249296,ES,Spain,Catalunya,,3,50.0
41.530802,2.420722,ES,Spain,Mataró,,3,50.0
41.523022,2.42804,ES,Spain,Mataró,,3,50.0
42.266566,2.981541,ES,Spain,Figueres,,3,50.0
42.260619,2.949977,ES,Spain,Figueres,,3,50.0
42.171772,2.478439,ES,Spain,Olot,,3,50.0
41.178325,1.488783,ES,Spain,Catalunya,,3,50.0
41.533768,0.413426,ES,Spain,Fraga,,3,50.0
41.114619,1.241538,ES,Spain,Catalunya,,1,22.0
41.114465,1.203375,ES,Spain,Catalunya,,1,22.0
41.106261,1.205754,ES,Spain,Catalunya,,1,7.4
41.094598,1.195677,ES,Spain,Vila-seca,,1,7.4
41.186072,1.220024,ES,Spain,Catalunya,,3,50.0
41.187393,1.221534,ES,Spain,Catalunya,,1,7.4
41.198732,1.219637,ES,Spain,Catalunya,,1,7.4
41.090745,1.094803,ES,Spain,Cambrils,,3,50.0
41.093488,0.647811,ES,Spain,Catalunya,,3,50.0
40.384116,0.406863,ES,Spain,Comunitat Valenciana,,1,60.0
40.222203,0.201233,ES,Spain,Comunitat Valenciana,,3,50.0
39.961948,-0.067355,ES,Spain,Castellón,,1,22.0
39.782718,-0.393927,ES,Spain,Comunitat Valenciana,,3,50.0
39.25961,-1.911153,ES,Spain,Castilla-La Mancha,,3,50.0
40.148759,-0.823283,ES,Spain,Aragón,,3,50.0
40.333276,-1.111169,ES,Spain,Aragón,,1,22.0
41.040401,-0.126716,ES,Spain,Alcañiz,,1,22.0
41.052459,-0.152706,ES,Spain,Alcañiz,,3,50.0
41.295995,-0.334543,ES,Spain,Aragón,,1,7.4
41.621079,-0.914982,ES,Spain,Zaragoza,,3,50.0
42.774658,-1.638575,ES,Spain,Navarra,,1,22.0
42.840197,-1.677342,ES,Spain,Berriozar,,3,50.0
43.287689,-1.983725,ES,Spain,Euskadi,,1,7.4
43.323843,-3.109727,ES,Spain,Muskiz,,1,7.4
43.341456,-3.060211,ES,Spain,Santurtzi,,1,22.0
43.291255,-2.960329,ES,Spain,Euskadi,,3,50.0
43.250487,-2.893472,ES,Spain,Bilbao,,1,22.0
43.02236,-2.228961,ES,Spain,Euskadi,,1,22.0
42.849891,-2.736555,ES,Spain,Euskadi,,1,22.0
42.718912,-2.985193,ES,Spain,Euskadi,,1,7.4
42.364145,-3.621886,ES,Spain,Castilla y León,,3,50.0
42.349425,-3.64002,ES,Spain,Castilla y León,,1,22.0
42.368463,-3.751511,ES,Spain,Castilla y León,,1,7.4
42.340653,-3.766289,ES,Spain,Castilla y León,,3,50.0
38.392909,-0.518548,ES,Spain,Sant Vicent del Raspeig / San Vicente del Raspeig,,1,50.0
38.34954,-0.77045,ES,Spain,Aspe,,1,50.0
38.340985,-0.766547,ES,Spain,Aspe,,2,50.0
39.392442,-0.705705,ES,Spain,Comunitat Valenciana,,1,50.0
39.45191,-0.393425,ES,Spain,Valencia,,3,50.0
39.466823,-0.377951,ES,Spain,Valencia,,3,50.0
39.467622,-0.360702,ES,Spain,Comunitat Valenciana,,3,50.0
43.450539,-3.860598,ES,Spain,Cantabria,,2,50.0
42.371501,-2.580533,ES,Spain,Daroca de Rioja,,1,7.4
42.460031,-2.473035,ES,Spain,La Rioja,,1,7.4
42.478433,-2.407234,ES,Spain,La Rioja,,1,22.0
42.069796,-1.622421,ES,Spain,Tudela,,1,22.0
41.367743,-3.642412,ES,Spain,Castilla y León,,3,50.0
42.036265,-4.281707,ES,Spain,Castilla y León,,3,50.0
43.38989,-3.682823,ES,Spain,Hoznayo,,3,50.0
43.41222,-3.836555,ES,Spain,Cantabria,,3,50.0
43.396235,-3.847522,ES,Spain,Santander,,1,22.0
43.564025,-5.706398,ES,Spain,Asturias / Asturies,,1,22.0
43.483983,-5.430828,ES,Spain,Villaviciosa,,3,50.0
43.546162,-5.905311,ES,Spain,Avilés,,3,50.0
43.365565,-5.87343,ES,Spain,Asturias / Asturies,,3,50.0
42.690724,-5.767761,ES,Spain,Castilla y León,,3,50.0
42.555394,-6.615567,ES,Spain,Ponferrada,,1,22.0
42.296487,-7.807023,ES,Spain,Galicia,,1,22.0
42.212552,-8.711765,ES,Spain,Galicia,,1,22.0
42.102544,-8.569163,ES,Spain,A Esfarrapada,,3,50.0
43.350602,-8.453235,ES,Spain,Galicia,,1,22.0
43.350629,-8.45231,ES,Spain,Galicia,,1,7.4
43.349191,-8.450706,ES,Spain,Galicia,,1,7.4
43.348888,-8.441055,ES,Spain,Galicia,,1,7.4
43.354984,-8.426917,ES,Spain,Galicia,,1,22.0
37.643889,-4.73827,ES,Spain,Andalucía,,1,120.0
43.338093,-1.765427,ES,Spain,Irun,,1,120.0
40.389805,-3.492953,ES,Spain,Mejorada del Campo,,1,120.0
40.34541,-3.58938,ES,Spain,Comunidad de Madrid,,1,120.0
43.383302,-3.858464,ES,Spain,Cantabria,,2,90.0
41.611893,-4.112559,ES,Spain,Peñafiel,,2,120.0
39.469113,-0.374618,ES,Spain,Comunitat Valenciana,,2,100.0
41.393429,2.03157,ES,Spain,Sant Feliu de Llobregat,,1,7.4
41.371209,2.08723,ES,Spain,Barcelona,,1,7.4
41.372117,2.083013,ES,Spain,Esplugues de Llobregat,,1,150.0
42.428453,1.212332,ES,Spain,Catalunya,,2,180.0
39.578578,2.662082,ES,Spain,Illes Balears,,1,7.4
39.574927,2.664918,ES,Spain,Illes Balears,,1,7.4
37.34662,-6.132183,ES,Spain,Bollullos de la Mitación,,1,22.0
36.855645,-5.653321,ES,Spain,Villamartín,,1,60.0
38.212909,-0.684108,ES,Spain,Comunitat Valenciana,,1,50.0
39.323765,-0.411246,ES,Spain,Comunitat Valenciana,,2,22.0
39.479788,-0.391541,ES,Spain,Comunitat Valenciana,,3,50.0
41.563394,2.020081,ES,Spain,Tarrasa,,1,22.0
42.791792,-1.640693,ES,Spain,Navarra / Nafarroa,,1,22.0
43.415413,-5.809373,ES,Spain,Oviedo,,1,7.4
43.310216,-5.68931,ES,Spain,Llangréu / Langreo,,1,22.0
40.45054,-3.335311,ES,Spain,Los Hueros,,1,22.0
40.44545,-3.350519,ES,Spain,Los Hueros,,1,22.0
40.459222,-3.476195,ES,Spain,Torrejón,,1,22.0
40.444687,-3.653854,ES,Spain,Madrid,,1,7.4
40.327432,-3.711642,ES,Spain,Villaverde,,1,22.0
40.285581,-3.792235,ES,Spain,Comunidad de Madrid,,1,22.0
40.411831,-3.911477,ES,Spain,Boadilla del Monte,,1,22.0
40.411141,-3.899822,ES,Spain,Boadilla del Monte,,1,22.0
40.419865,-3.902167,ES,Spain,Boadilla del Monte,,1,22.0
40.422394,-3.898673,ES,Spain,Boadilla del Monte,,1,22.0
40.433007,-3.885431,ES,Spain,Boadilla,,1,22.0
40.439779,-3.899876,ES,Spain,Boadilla,,1,22.0
40.442478,-3.882486,ES,Spain,Boadilla,,1,22.0
40.443291,-3.875178,ES,Spain,Boadilla,,1,22.0
42.448006,-2.419114,ES,Spain,Villamediana de Iregua,,1,22.0
36.711751,-4.445844,ES,Spain,Malaga,,1,22.0
36.672266,-4.551089,ES,Spain,Alhaurín de la Torre,,1,22.0
36.1623,-5.345104,ES,Spain,La Línea de la Concepción,,1,22.0
36.77654,-6.345905,ES,Spain,Sanlúcar de Barrameda,,1,22.0
36.765442,-6.362127,ES,Spain,Sanlucar,,1,22.0
37.349172,-6.136712,ES,Spain,Bollullos de la Mitación,,1,22.0
37.191993,-4.048786,ES,Spain,Huétor Tájar,,1,22.0
37.679927,-1.696423,ES,Spain,Lorca,,1,7.4
37.761705,-1.502691,ES,Spain,Totana,,1,22.0
37.975748,-0.677009,ES,Spain,Torrevieja,,1,22.0
38.103687,-0.736079,ES,Spain,Daya Vieja,,1,22.0
38.445823,-0.806326,ES,Spain,Elda,,1,22.0
38.449073,-0.805171,ES,Spain,Elda,,1,22.0
38.451059,-0.807647,ES,Spain,Elda,,1,22.0
38.453178,-0.80851,ES,Spain,Elda,,1,22.0
38.485261,-0.775536,ES,Spain,Petrer,,1,22.0
38.695634,-0.476266,ES,Spain,Alcoy,,1,7.4
38.697285,-0.47242,ES,Spain,Alcoi / Alcoy,,1,7.4
38.55044,-0.184248,ES,Spain,Comunitat Valenciana,,1,22.0
39.204213,-0.31637,ES,Spain,Sueca,,1,22.0
40.336807,-0.164842,ES,Spain,culla,,1,22.0
41.613573,0.633663,ES,Spain,Lerida,,1,22.0
41.41627,2.01139,ES,Spain,Molins de Rei,,1,22.0
41.405008,2.022775,ES,Spain,Molins de Rei,,1,22.0
41.347001,2.144074,ES,Spain, Barcelona. ,,1,7.4
41.35337,2.144773,ES,Spain,Barcelona,,1,22.0
41.384037,2.150166,ES,Spain,Barcelona,,1,22.0
41.386035,2.196655,ES,Spain,Barcelona,,1,7.4
41.551467,2.09855,ES,Spain,Sabadell,,1,22.0
41.671199,2.21677,ES,Spain,Bigues,,1,22.0
41.791135,2.77777,ES,Spain,Catalunya,,1,22.0
41.671962,-0.82848,ES,Spain,Aragón,,1,22.0
40.061912,-2.130971,ES,Spain,Cuenca,,1,22.0
40.117241,-3.855179,ES,Spain,Illescas,,1,22.0
40.600677,-3.56399,ES,Spain,La Moraleja,,1,7.4
43.184587,-2.667976,ES,Spain,Euskadi,,1,7.4
43.45385,-2.752359,ES,Spain,Bermeo,,1,22.0
43.299417,-2.752249,ES,Spain,Euskadi,,1,22.0
42.845916,-2.742241,ES,Spain,Euskadi,,1,7.4
42.850255,-2.677311,ES,Spain,Euskadi,,1,7.4
43.365125,-5.842873,ES,Spain,Asturias / Asturies,,1,7.4
43.369978,-5.818285,ES,Spain,Asturias / Asturies,,1,22.0
42.787774,-4.969172,ES,Spain,Castilla y León,,1,22.0
42.239794,-8.707681,ES,Spain,Vigo,,1,22.0
41.071777,-5.56775,ES,Spain,Castilla y León,,1,22.0
41.304105,2.079958,ES,Spain,El Prat,,1,11.0
41.304988,2.080413,ES,Spain,El Prat,,1,11.0
41.301187,2.066949,ES,Spain,el Prat de Llobregat,,1,11.0
41.28705,2.071703,ES,Spain,El Prat,,1,11.0
41.28693,2.069062,ES,Spain,el Prat de Llobregat,,1,3.7
39.494847,-0.48196,ES,Spain,Manises,,1,11.0
39.494641,-0.476006,ES,Spain,Manises,,1,3.7
39.489177,-0.469868,ES,Spain,Manises,,1,11.0
39.492155,-0.471784,ES,Spain,Manises,,1,11.0
38.288921,-0.564784,ES,Spain,Comunitat Valenciana,,1,11.0
38.287045,-0.554272,ES,Spain,Comunitat Valenciana,,3,50.0
38.287646,-0.559673,ES,Spain,Comunitat Valenciana,,1,11.0
38.287494,-0.554027,ES,Spain,Comunitat Valenciana,,1,22.0
37.805919,-1.129372,ES,Spain,Región de Murcia,,1,11.0
36.682583,-4.500564,ES,Spain,Andalucía,,1,11.0
37.422848,-5.902147,ES,Spain,Andalucía,,1,11.0
42.225996,-8.633137,ES,Spain,Galicia,,1,3.7
42.227679,-8.63208,ES,Spain,Galicia,,1,3.7
42.891751,-8.420842,ES,Spain,Galicia,,1,11.0
42.768405,-1.640055,ES,Spain,Navarra / Nafarroa,,1,11.0
39.862598,4.225615,ES,Spain,Maó,,1,11.0
39.862475,4.226767,ES,Spain,Menorca,,1,11.0
38.87961,1.372876,ES,Spain,Illes Balears,,1,11.0
38.877886,1.371103,ES,Spain,Ibiza,,1,11.0
41.959005,2.635106,ES,Spain,Angles,,2,50.0
41.548854,2.206159,ES,Spain,Mollet Del Valles,,1,22.0
41.416068,1.999997,ES,Spain,Catalunya,,1,22.0
41.477194,1.916009,ES,Spain,Martorell,,1,11.0
41.527389,1.748936,ES,Spain,Catalunya,,1,11.0
41.243373,1.803513,ES,Spain,Sitges,,1,11.0
41.155616,1.243915,ES,Spain,Tarragona,,1,11.0
41.085682,1.123579,ES,Spain,Salou,,1,11.0
41.630093,0.594848,ES,Spain,Catalunya,,1,11.0
41.569923,2.004323,ES,Spain,Tarrasa,,1,11.0
41.850346,2.228546,ES,Spain,Catalunya,,1,11.0
41.704671,2.834957,ES,Spain,Lloret de Mar,,1,22.0
42.361365,1.472898,ES,Spain,la Seu d'Urgell,,1,22.0
38.402754,-0.538391,ES,Spain,Sant Vicent del Raspeig / San Vicente del Raspeig,,2,25.0
38.587792,-0.114847,ES,Spain,La. Nucia,,2,120.0
38.731443,0.148136,ES,Spain,Comunitat Valenciana,,2,120.0
40.557796,-3.620645,ES,Spain,Alcobendas,,1,90.0
42.859223,-2.661893,ES,Spain,Euskadi,,2,120.0
38.849984,-1.028463,ES,Spain,Almansa,,3,50.0
40.487446,-3.69588,ES,Spain,Comunidad de Madrid,,1,22.0
36.846294,-2.46141,ES,Spain,Almería,,1,22.0
41.983927,2.814049,ES,Spain,Catalunya,,1,22.0
42.811619,-1.634482,ES,Spain,Navarra,,1,22.0
28.102171,-15.436906,ES,Spain,Canarias,,1,50.0
39.555292,2.622388,ES,Spain,Illes Balears,,1,100.0
39.567208,2.685098,ES,Spain,Illes Balears,,2,80.0
39.588122,2.659316,ES,Spain,Illes Balears,,1,100.0
39.628422,2.733329,ES,Spain,Marratxí,,1,100.0
39.653839,2.776626,ES,Spain,Illes Balears,,1,80.0
41.957965,2.63363,ES,Spain,Catalunya,,2,150.0
39.944911,-0.097273,ES,Spain,Vila-real,,1,80.0
39.439759,-0.460937,ES,Spain,Torrent,,1,100.0
39.522818,-1.289773,ES,Spain,Caudete,,2,80.0
38.836045,-0.524754,ES,Spain,Comunitat Valenciana,,1,150.0
38.274413,-0.679422,ES,Spain,Comunitat Valenciana,,1,150.0
36.599052,-4.538839,ES,Spain,Arroyo de la Miel-Benalmádena Costa,,2,200.0
40.294032,-3.426294,ES,Spain,Arganda del Rey,,1,150.0
39.881536,-4.032961,ES,Spain,Toledo,,2,150.0
40.971912,-5.680036,ES,Spain,Salamanca,,1,150.0
42.821135,-1.575713,ES,Spain,Navarra,,1,100.0
42.853967,-2.710288,ES,Spain,Vitoria,,1,150.0
43.529765,-5.649367,ES,Spain,Asturias / Asturies,,1,100.0
37.623579,-0.950125,ES,Spain,Región de Murcia,,1,22.0
41.968784,2.799806,ES,Spain,Salt,,1,90.0
38.342468,-0.478547,ES,Spain,Alicante,,1,22.0
41.312422,2.068595,ES,Spain,El Prat,,1,7.0
43.265195,-2.948241,ES,Spain,Euskadi,,2,100.0
28.058213,-16.7207,ES,Spain,Los Cristianos,,2,150.0
39.982082,-0.058345,ES,Spain,Comunitat Valenciana,,1,60.0
38.065902,-0.73202,ES,Spain,Benijofar,,1,60.0
38.538203,-0.181522,ES,Spain,Finestrat,,1,60.0
38.878891,-1.100179,ES,Spain,Almansa,,1,60.0
36.759267,-2.806546,ES,Spain,El Ejido,,1,60.0
36.507918,-4.659107,ES,Spain,Mijas,,1,60.0
37.652234,-5.522087,ES,Spain,Lora Del Rio,,1,60.0
37.381555,-5.728905,ES,Spain,Mairena De Alcor,,1,60.0
37.364722,-5.956846,ES,Spain,Andalucía,,1,60.0
37.412514,-5.951169,ES,Spain,Sevilla,,1,60.0
36.210494,-5.397966,ES,Spain,San Roque,,1,60.0
39.437045,3.011534,ES,Spain,Illes Balears,,1,60.0
41.349355,1.689987,ES,Spain,Vilafranca del Penedès,,1,60.0
41.335652,1.683023,ES,Spain,Vilafranca del Penedès,,1,60.0
39.519132,-3.523986,ES,Spain,Madridejos,,1,100.0
40.262681,-3.847351,ES,Spain,Comunidad de Madrid,,1,60.0
42.831205,-1.620274,ES,Spain,Burlada / Burlata,,1,60.0
43.425106,-3.837842,ES,Spain,Cantabria,,1,60.0
43.443513,-3.855628,ES,Spain,Cantabria,,1,60.0
42.086313,-8.502511,ES,Spain,Salvaterra del Miño,,1,60.0
28.332633,-16.37769,ES,Spain,Canarias,,1,60.0
27.917653,-15.433204,ES,Spain,Ingenio,,1,60.0
39.159185,-0.251616,ES,Spain,Cullera,,1,22.0
39.459646,-0.385107,ES,Spain,Comunitat Valenciana,,1,22.0
41.235796,-0.044319,ES,Spain,Caspe,,1,150.0
40.285299,-3.672173,ES,Spain,Comunidad de Madrid,,1,180.0
41.055043,-5.543952,ES,Spain,Castilla y León,,1,300.0
43.200707,-2.039711,ES,Spain,Euskadi,,1,150.0
42.8446,-8.904197,ES,Spain,Galicia,,1,22.0
42.636875,-5.58986,ES,Spain,Villaquilambre,,2,50.0
37.418314,-6.035048,ES,Spain,Camas,,1,22.0
37.420399,-6.030219,ES,Spain,Camas,,2,50.0
41.353385,2.076638,ES,Spain,Catalunya,,1,150.0
39.745069,3.430369,ES,Spain,Illes Balears,,1,22.0
39.807224,3.114727,ES,Spain,Illes Balears,,1,22.0
39.840823,3.126929,ES,Spain,Illes Balears,,1,22.0
39.833172,3.112566,ES,Spain,Illes Balears,,1,22.0
41.92342,2.246754,ES,Spain,Vic,,2,160.0
40.370647,-3.645855,ES,Spain, VAllecas,,1,60.0
40.551463,-3.275322,ES,Spain,Meco,,1,7.4
40.582263,-3.57819,ES,Spain,Jarama,,1,22.0
40.412936,-3.893584,ES,Spain,Boadilla,,1,150.0
39.596553,-0.468159,ES,Spain,Bétera,,1,120.0
39.471631,-0.505342,ES,Spain,Quart de Poblet,,1,60.0
41.152678,1.084134,ES,Spain,Catalunya,,1,150.0
41.379345,1.919631,ES,Spain,Catalunya,,1,150.0
41.386087,2.00809,ES,Spain,Sant Vicenç dels Horts,,1,7.4
41.314143,2.069474,ES,Spain,el Prat de Llobregat,,1,100.0
41.353863,2.07645,ES,Spain,Catalunya,,1,150.0
41.403204,2.191969,ES,Spain,Catalunya,,1,7.4
42.849703,-2.725668,ES,Spain,Vitoria,,1,7.4
42.724109,-1.613476,ES,Spain,Navarra,,1,7.4
39.41962,-0.377647,ES,Spain,Alfafar,,2,50.0
39.499741,-0.346315,ES,Spain,Alboraia / Alboraya,,1,22.0
39.933969,4.149158,ES,Spain,Menorca,,1,22.0
27.967737,-15.391226,ES,Spain,Gran Canaria,,3,50.0
42.808709,-1.647194,ES,Spain,Navarra,,1,7.4
42.89063,-2.140433,ES,Spain,Navarra,,1,11.0
39.671257,-0.530602,ES,Spain,Urb. La Loma,,1,11.0
38.753175,-0.549343,ES,Spain,Comunitat Valenciana,,1,7.4
38.950773,-0.1671,ES,Spain,Comunitat Valenciana,,1,7.4
38.103647,-0.853394,ES,Spain,Rafal,,1,22.0
43.15554,-4.627753,ES,Spain,Potes,,1,11.0
40.665314,-4.663305,ES,Spain,Castilla y León,,3,60.0
42.287965,-3.707339,ES,Spain,Castilla y León,,1,250.0
41.461137,1.960281,ES,Spain,Castellbisbal,,1,400.0
37.389581,-5.99575,ES,Spain,Andalucía,,1,7.0
37.388779,-5.974634,ES,Spain,Andalucía,,1,7.0
37.388161,-5.936304,ES,Spain,Andalucía,,1,22.0
37.321345,-6.66644,ES,Spain,Bonares,,1,22.0
36.534029,-6.304221,ES,Spain,Cádiz,,1,7.0
36.935896,-5.266585,ES,Spain,Olvera,,1,30.0
36.937567,-5.266269,ES,Spain,Olvera,,1,22.0
36.461489,-5.01091,ES,Spain,Estepona,,1,22.0
36.48047,-5.041385,ES,Spain,Andalucía,,1,22.0
36.51193,-4.827351,ES,Spain,Marbella,,1,22.0
36.508431,-4.674646,ES,Spain,Andalucía,,1,7.0
36.55573,-4.617088,ES,Spain,Andalucía,,1,22.0
36.577639,-4.599822,ES,Spain,Andalucía,,1,8.0
36.57921,-4.563181,ES,Spain,Andalucía,,1,22.0
36.620544,-4.4964,ES,Spain,Torremolinos,,1,22.0
36.621345,-4.496192,ES,Spain,Torremolinos,,1,22.0
36.673579,-4.549728,ES,Spain,Alhaurín de la Torre,,1,150.0
36.734855,-4.551119,ES,Spain,Andalucía,,1,22.0
37.157392,-3.598681,ES,Spain,Andalucía,,1,22.0
37.180133,-3.603575,ES,Spain,Granada,,1,22.0
37.189382,-3.603458,ES,Spain,Granada,,1,7.0
41.116836,-7.723629,PT,Portugal,Barracão,,2,12.7
41.172038,-8.679856,PT,Portugal,Porto,,1,1.2
41.157944,-8.629105,PT,Portugal,Porto,,1,6.4
39.05,-7.110103,PT,Portugal,Campo Maior,,2,22.2
39.043702,-7.094964,PT,Portugal,Campo Maior,,2,22.2
39.013882,-7.066198,PT,Portugal,Campo Maior,,2,259.8
41.567032,-8.424812,PT,Portugal,Braga,,1,12.7
41.565922,-8.43142,PT,Portugal,Braga,,1,12.7
41.565346,-8.430017,PT,Portugal,Braga,,1,12.7
38.667075,-9.199936,PT,Portugal,Caparica,,2,4.8
42.024315,-8.647122,PT,Portugal,Valença,,1,50.0
41.298629,-7.746994,PT,Portugal,Vila Real,,1,22.2
38.597073,-9.105615,PT,Portugal,Seixal,,2,600.0
38.596988,-9.106213,PT,Portugal,Seixal,,2,150.0
41.271467,-8.392661,PT,Portugal,Frazão,,1,22.2
41.142809,-8.640092,PT,Portugal,Vila Nova de Gaia,,3,22.2
41.114213,-8.594866,PT,Portugal,Vila Nova de Gaia,,2,22.2
41.039453,-8.571362,PT,Portugal,Grijó,,2,22.2
39.097248,-9.253448,PT,Portugal,Torres Vedras,,1,12.7
38.766095,-9.104915,PT,Portugal,Lisboa,,2,6.4
38.70237,-9.208889,PT,Portugal,Lisboa,,1,12.7
37.03117,-7.830214,PT,Portugal,Quelfes,,1,6.4
39.630202,-8.677368,PT,Portugal,Fatima,,1,120.0
41.237155,-8.626683,PT,Portugal,Maia,,1,22.2
41.173457,-8.679036,PT,Portugal,Matosinhos,,1,311.8
41.167172,-8.644626,PT,Portugal,Porto,,1,12.7
41.153086,-8.662909,PT,Portugal,Porto,,2,22.2
41.106024,-8.646426,PT,Portugal,Vila Nova de Gaia,,1,12.7
40.805244,-8.627795,PT,Portugal,Pardilhó,,1,12.7
39.033866,-8.975743,PT,Portugal,Alenquer,,1,1.8
37.025481,-7.917515,PT,Portugal,Faro,,2,150.0
37.076278,-8.095109,PT,Portugal,Quarteira,,1,50.0
37.091243,-8.733216,PT,Portugal,Faro,,2,150.0
37.653084,-8.233476,PT,Portugal,Ourique,,2,150.0
37.966381,-8.857524,PT,Portugal,Sines,,3,120.0
38.549598,-7.908172,PT,Portugal,Évora,,1,22.0
38.895052,-8.023746,PT,Portugal,Pavia,,2,150.0
38.609821,-9.098675,PT,Portugal,Arrentela,,1,50.0
38.64014,-9.047538,PT,Portugal,Barreiro,,3,150.0
38.616914,-8.913391,PT,Portugal,Pinhal Novo,,1,50.0
38.707176,-8.944341,PT,Portugal,Montijo,,3,150.0
38.785806,-9.34042,PT,Portugal,Rio de Mouro,,3,150.0
38.822919,-9.08834,PT,Portugal,San Joao da Talha,,1,50.0
38.79313,-9.168369,PT,Portugal,Ovidelas,,3,150.0
38.919499,-9.230331,PT,Portugal,Venda do Pinheiro,,1,50.0
38.958326,-9.347358,PT,Portugal,Mafra,,2,150.0
39.091758,-9.338994,PT,Portugal,Solito,,2,150.0
38.915925,-8.881923,PT,Portugal,Samora Correia,,2,150.0
39.048992,-8.732336,PT,Portugal,Marinhais,,2,150.0
38.87774,-7.171155,PT,Portugal,Elvas,,2,150.0
39.925576,-8.628463,PT,Portugal,Pombal,,3,150.0
39.908585,-8.633243,PT,Portugal,Pombal,,1,50.0
39.747518,-8.90493,PT,Portugal,Marinha Grande,,1,50.0
39.714503,-8.831836,PT,Portugal,Azoia,,1,50.0
39.545643,-8.969428,PT,Portugal,Alcobaca,,1,50.0
39.301054,-8.896525,PT,Portugal,,,2,150.0
39.460667,-8.493522,PT,Portugal,Santarem,,1,50.0
39.656671,-7.660898,PT,Portugal,Vila Velha de Rodao,,2,150.0
40.159376,-8.848644,PT,Portugal,Tavarede,,1,50.0
40.200955,-8.430793,PT,Portugal,Coimbra,,1,50.0
40.358776,-8.526284,PT,Portugal,Murtede,,2,150.0
40.631586,-8.640623,PT,Portugal,Aveiro,,1,50.0
41.027924,-8.641799,PT,Portugal,São Félix da Marinha,,1,50.0
41.109207,-8.63202,PT,Portugal,Madalena,,3,150.0
41.109457,-7.953106,PT,Portugal,Resende,,2,150.0
41.186065,-8.624157,PT,Portugal,Ameira,,1,50.0
41.425231,-8.351182,PT,Portugal,Guimaraes,,2,150.0
41.396268,-8.319374,PT,Portugal,Infias,,1,50.0
41.562997,-8.600509,PT,Portugal,Lijó,,2,150.0
41.782891,-8.586676,PT,Portugal,Ponte de Lima,,3,150.0
32.810804,-16.884882,PT,Portugal,Santana,,2,150.0
32.714758,-16.766852,PT,Portugal,Machico,,2,150.0
32.655084,-16.914592,PT,Portugal,Funchal,,2,150.0
33.07105,-16.342887,PT,Portugal,Vila Baleira,,2,150.0
42.067007,-8.50239,PT,Portugal,Monção,,3,100.0
42.109689,-8.271085,PT,Portugal,Melgaço,,1,100.0
41.79619,-8.860753,PT,Portugal,Caminha,,2,120.0
41.707158,-8.821735,PT,Portugal,Viana do Castelo,,2,150.0
41.680683,-8.77935,PT,Portugal,Viana do Castelo,,3,100.0
41.557643,-8.780253,PT,Portugal,Esposende,,1,120.0
41.554366,-8.791835,PT,Portugal,Esposende,,1,120.0
41.533482,-8.779085,PT,Portugal,Esposende,,1,120.0
41.53191,-8.783291,PT,Portugal,Esposende,,1,120.0
41.512592,-8.769965,PT,Portugal,Esposende,,1,120.0
41.517144,-8.786324,PT,Portugal,Esposende,,1,120.0
41.49236,-8.783486,PT,Portugal,Esposende,,1,120.0
41.485094,-8.778846,PT,Portugal,Esposende,,1,120.0
41.563915,-8.659948,PT,Portugal,Barcelos,,3,100.0
41.538449,-8.621376,PT,Portugal,BARCELOS,,2,120.0
41.533966,-8.616382,PT,Portugal,Barcelos,,3,100.0
41.5308,-8.621286,PT,Portugal,Barcelos,,3,100.0
41.564826,-8.419984,PT,Portugal,Braga,,1,120.0
41.559599,-8.418165,PT,Portugal,Braga,,2,120.0
41.548867,-8.422251,PT,Portugal,Braga,,3,100.0
41.54259,-8.3988,PT,Portugal,Braga,,2,120.0
41.452099,-8.177501,PT,Portugal,Fafe,,1,180.0
41.453397,-8.187555,PT,Portugal,Fafe,,2,120.0
41.403053,-8.770251,PT,Portugal,Póvoa de Varzim,,1,100.0
41.386483,-8.771118,PT,Portugal,Póvoa de Varzim,,1,100.0
41.379261,-8.758838,PT,Portugal,Póvoa de Varzim,,1,150.0
41.381139,-8.761354,PT,Portugal,Póvoa de Varzim,,1,100.0
41.369893,-8.743121,PT,Portugal,Vila do Conde,,3,100.0
41.18225,-8.646522,PT,Portugal,Porto,,2,150.0
41.169811,-8.571563,PT,Portugal,Porto,,2,120.0
41.172964,-8.555094,PT,Portugal,Gondomar,,2,120.0
41.165618,-8.544075,PT,Portugal,Gondomar,,1,150.0
41.208492,-8.541583,PT,Portugal,Valongo,,1,150.0
41.204711,-8.547497,PT,Portugal,Valongo,,2,120.0
41.198253,-8.610125,PT,Portugal,Matosinhos,,2,120.0
41.198871,-8.627044,PT,Portugal,Matosinhos,,2,100.0
41.209879,-8.682685,PT,Portugal,Matosinhos,,2,100.0
41.218378,-8.694646,PT,Portugal,Matosinhos,,1,180.0
41.245072,-8.629766,PT,Portugal,Maia,,3,150.0
41.236165,-8.615684,PT,Portugal,Maia,,2,120.0
41.238313,-8.531902,PT,Portugal,Valongo,,3,100.0
41.237966,-8.532657,PT,Portugal,Valongo,,1,180.0
41.233986,-8.539096,PT,Portugal,Valongo,,2,120.0
41.28209,-8.562836,PT,Portugal,Trofa,,2,120.0
41.336995,-8.478142,PT,Portugal,Santo Tirso,,2,120.0
41.340897,-8.472035,PT,Portugal,Santo Tirso,,3,100.0
41.326451,-8.567546,PT,Portugal,Trofa,,2,120.0
41.378277,-8.545199,PT,Portugal,Vila Nova de Famalicão,,2,150.0
41.392828,-8.511573,PT,Portugal,Vila Nova de Famalicão,,1,120.0
41.415082,-8.503237,PT,Portugal,Vila Nova de Famalicão,,1,100.0
41.415106,-8.519969,PT,Portugal,Vila Nova de Famalicão,,2,120.0
41.512082,-8.452019,PT,Portugal,Braga,,1,120.0
41.492751,-8.360966,PT,Portugal,Guimarães,,1,180.0
41.439228,-8.307694,PT,Portugal,Guimarães,,1,150.0
41.475347,-8.269275,PT,Portugal,Guimarães,,1,120.0
41.376766,-8.174356,PT,Portugal,Felgueiras,,2,150.0
41.371088,-8.311032,PT,Portugal,Vizela,,2,120.0
41.396051,-8.389588,PT,Portugal,Vila Nova de Famalicão,,1,100.0
41.389646,-8.390243,PT,Portugal,Vila Nova de Famalicão,,1,100.0
41.391216,-8.390011,PT,Portugal,Vila Nova de Famalicão,,1,150.0
41.340467,-8.493035,PT,Portugal,Santo Tirso,,2,150.0
41.268564,-8.411805,PT,Portugal,Paços de Ferreira,,2,150.0
41.182679,-8.442849,PT,Portugal,Paredes,,2,120.0
41.200128,-8.346555,PT,Portugal,Paredes,,1,100.0
41.20317,-8.340508,PT,Portugal,Paredes,,1,150.0
41.207802,-8.327986,PT,Portugal,Paredes,,1,120.0
41.21804,-8.292352,PT,Portugal,Penafiel,,1,120.0
41.215435,-8.284674,PT,Portugal,Penafiel,,1,100.0
41.206381,-8.274402,PT,Portugal,Penafiel,,1,120.0
41.202007,-8.2892,PT,Portugal,Penafiel,,1,180.0
41.195668,-8.296337,PT,Portugal,Penafiel,,2,120.0
41.167449,-8.308855,PT,Portugal,Penafiel,,2,150.0
41.169396,-8.329459,PT,Portugal,Penafiel,,2,150.0
41.166174,-8.353265,PT,Portugal,Penafiel,,1,120.0
41.157364,-8.231294,PT,Portugal,Penafiel,,1,120.0
41.119067,-8.295337,PT,Portugal,Penafiel,,1,120.0
41.107527,-8.265446,PT,Portugal,Penafiel,,1,120.0
41.083994,-8.292927,PT,Portugal,Penafiel,,1,120.0
41.194243,-8.157016,PT,Portugal,Marco de Canaveses,,3,100.0
41.230635,-8.188959,PT,Portugal,Penafiel,,1,120.0
41.272568,-8.089558,PT,Portugal,Amarante,,1,180.0
41.315041,-7.730277,PT,Portugal,Vila Real,,2,120.0
41.297654,-7.750018,PT,Portugal,Vila Real,,2,120.0
41.043794,-8.265073,PT,Portugal,Castelo de Paiva,,2,120.0
41.052547,-8.375377,PT,Portugal,Penafiel,,1,120.0
41.09267,-8.54262,PT,Portugal,Vila Nova de Gaia,,2,120.0
41.076359,-8.601677,PT,Portugal,Vila Nova de Gaia,,3,100.0
41.143007,-8.647849,PT,Portugal,Vila Nova de Gaia,,3,60.0
41.043299,-8.562975,PT,Portugal,Vila Nova de Gaia,,3,100.0
41.042389,-8.631732,PT,Portugal,Vila Nova de Gaia,,3,100.0
41.029348,-8.642018,PT,Portugal,Vila Nova de Gaia,,3,100.0
40.988165,-8.538032,PT,Portugal,Santa Maria da Feira,,1,120.0
40.972252,-8.609216,PT,Portugal,Ovar,,1,300.0
40.956124,-8.626407,PT,Portugal,Ovar,,2,150.0
40.929281,-8.573023,PT,Portugal,Santa Maria da Feira,,3,100.0
40.912836,-8.492642,PT,Portugal,Santa Maria da Feira,,3,100.0
40.912441,-8.492233,PT,Portugal,Santa Maria da Feira,,2,180.0
40.911959,-8.492638,PT,Portugal,São João da Madeira,,3,100.0
40.911908,-8.494226,PT,Portugal,Santa Maria da Feira,,1,120.0
40.893532,-8.482596,PT,Portugal,São João da Madeira,,1,120.0
40.834176,-8.480675,PT,Portugal,Oliveira de Azeméis,,3,120.0
40.827558,-8.483042,PT,Portugal,Oliveira de Azeméis,,2,120.0
40.762977,-8.57166,PT,Portugal,Estarreja,,2,120.0
40.755184,-8.535123,PT,Portugal,Estarreja,,1,300.0
40.75577,-8.53696,PT,Portugal,Estarreja,,1,300.0
40.689862,-8.48234,PT,Portugal,Albergaria-a-Velha,,1,120.0
40.646339,-8.599159,PT,Portugal,Aveiro,,2,120.0
40.650353,-8.61459,PT,Portugal,Aveiro,,2,100.0
40.526605,-8.600071,PT,Portugal,Oliveira do Bairro,,1,120.0
40.455614,-8.787857,PT,Portugal,Mira,,3,100.0
40.237376,-8.435732,PT,Portugal,Coimbra,,1,120.0
40.117516,-8.496502,PT,Portugal,Condeixa-a-Nova,,3,100.0
40.107285,-8.511212,PT,Portugal,Condeixa-a-Nova,,2,150.0
39.938233,-8.628186,PT,Portugal,Pombal,,3,100.0
39.973284,-8.794719,PT,Portugal,Pombal,,1,150.0
39.887952,-8.75849,PT,Portugal,Pombal,,2,150.0
39.898757,-8.827443,PT,Portugal,Leiria,,2,150.0
39.828114,-8.682977,PT,Portugal,Leiria,,2,150.0
39.758322,-8.791329,PT,Portugal,Leiria,,1,120.0
39.75414,-8.800317,PT,Portugal,Leiria,,2,120.0
39.749241,-8.802701,PT,Portugal,Leiria,,3,180.0
39.750502,-8.926649,PT,Portugal,Marinha Grande,,2,100.0
39.747171,-8.93345,PT,Portugal,Marinha Grande,,2,120.0
39.270038,-9.162344,PT,Portugal,Bombarral,,2,120.0
39.267984,-9.156874,PT,Portugal,Bombarral,,2,120.0
39.261812,-9.157469,PT,Portugal,Bombarral,,3,120.0
39.370331,-8.964145,PT,Portugal,Rio Maior,,3,100.0
39.382644,-8.96179,PT,Portugal,Rio Maior,,3,100.0
39.375289,-9.138592,PT,Portugal,Óbidos,,3,100.0
39.386623,-9.150217,PT,Portugal,Óbidos,,2,150.0
39.388038,-9.149042,PT,Portugal,Óbidos,,2,150.0
39.392243,-9.131005,PT,Portugal,Caldas da Rainha,,2,150.0
39.417299,-9.151677,PT,Portugal,Caldas da Rainha,,2,150.0
39.364493,-9.374711,PT,Portugal,Peniche,,2,120.0
39.497893,-9.095577,PT,Portugal,Alcobaça,,3,100.0
39.508271,-9.132658,PT,Portugal,Alcobaça,,1,120.0
39.559625,-8.978,PT,Portugal,Alcobaça,,2,180.0
39.553681,-8.968575,PT,Portugal,Alcobaça,,3,100.0
39.607696,-9.066454,PT,Portugal,Nazaré,,2,120.0
39.608076,-9.065706,PT,Portugal,Nazaré,,3,100.0
39.668033,-8.999881,PT,Portugal,Alcobaça,,2,120.0
39.624017,-8.857205,PT,Portugal,Porto de Mós,,2,150.0
39.59977,-8.815784,PT,Portugal,Porto de Mós,,3,100.0
39.518908,-8.688716,PT,Portugal,Alcanena,,1,150.0
39.657147,-8.585006,PT,Portugal,Ourém,,2,120.0
39.607474,-8.396233,PT,Portugal,Tomar,,2,100.0
39.602838,-8.397617,PT,Portugal,Tomar,,2,120.0
39.470819,-8.541466,PT,Portugal,Torres Novas,,2,120.0
38.965255,-8.53511,PT,Portugal,Coruche,,1,150.0
38.916089,-8.881407,PT,Portugal,Benavente,,2,150.0
38.922034,-8.882839,PT,Portugal,Benavente,,2,120.0
38.96057,-8.818973,PT,Portugal,Benavente,,1,150.0
39.021429,-8.794556,PT,Portugal,Salvaterra de Magos,,2,150.0
39.222966,-8.692251,PT,Portugal,Santarém,,1,120.0
39.244053,-8.691791,PT,Portugal,Santarém,,3,100.0
39.144559,-9.022868,PT,Portugal,Alenquer,,3,160.0
39.196086,-9.23819,PT,Portugal,Torres Vedras,,2,120.0
39.101581,-9.253546,PT,Portugal,Torres Vedras,,2,100.0
39.090611,-9.25341,PT,Portugal,Torres Vedras,,2,100.0
39.02188,-8.975004,PT,Portugal,Alenquer,,2,100.0
39.024203,-8.981113,PT,Portugal,Alenquer,,2,120.0
38.995434,-8.971725,PT,Portugal,Vila Franca de Xira,,2,120.0
38.987815,-8.972863,PT,Portugal,Vila Franca de Xira,,1,120.0
38.974072,-8.980301,PT,Portugal,Vila Franca de Xira,,3,100.0
38.95896,-8.986946,PT,Portugal,Vila Franca de Xira,,3,120.0
38.954994,-8.997974,PT,Portugal,Vila Franca de Xira,,2,120.0
38.965411,-9.409111,PT,Portugal,Mafra,,2,120.0
38.932676,-9.329874,PT,Portugal,Mafra,,2,120.0
39.018817,-9.152466,PT,Portugal,Sobral de Monte Agraço,,1,120.0
38.980818,-9.076879,PT,Portugal,Arruda dos Vinhos,,2,120.0
38.905739,-9.033711,PT,Portugal,Vila Franca de Xira,,1,150.0
38.889345,-9.046552,PT,Portugal,Vila Franca de Xira,,1,120.0
38.878637,-9.07062,PT,Portugal,Vila Franca de Xira,,2,120.0
38.86195,-9.067973,PT,Portugal,Vila Franca de Xira,,1,120.0
38.851618,-9.076029,PT,Portugal,Loures,,2,100.0
38.836366,-9.167287,PT,Portugal,Loures,,4,100.0
38.836821,-9.16684,PT,Portugal,Loures,,3,100.0
38.810421,-9.234393,PT,Portugal,Odivelas,,2,150.0
38.806569,-9.20033,PT,Portugal,Odivelas,,1,300.0
38.79226,-9.215772,PT,Portugal,Odivelas,,2,100.0
38.790162,-9.214172,PT,Portugal,Odivelas,,1,180.0
38.796163,-9.169337,PT,Portugal,Odivelas,,1,150.0
38.782858,-9.192271,PT,Portugal,Odivelas,,2,100.0
38.77422,-9.2164,PT,Portugal,Amadora,,3,100.0
38.792441,-9.101432,PT,Portugal,Loures,,2,120.0
38.785835,-9.119757,PT,Portugal,Lisboa,,3,100.0
38.764115,-9.096763,PT,Portugal,Lisboa,,1,120.0
38.767029,-9.101172,PT,Portugal,Lisboa,,2,180.0
38.762211,-9.11495,PT,Portugal,Lisboa,,2,160.0
38.756448,-9.106669,PT,Portugal,Lisboa,,4,150.0
38.711471,-9.13928,PT,Portugal,Lisboa,,3,120.0
38.720627,-9.150183,PT,Portugal,Lisboa,,2,120.0
38.74237,-9.146097,PT,Portugal,Lisboa,,3,100.0
38.759649,-9.153618,PT,Portugal,Lisboa,,1,120.0
38.738304,-9.168128,PT,Portugal,Lisboa,,3,160.0
38.725332,-9.208577,PT,Portugal,Amadora,,3,100.0
38.725025,-9.213872,PT,Portugal,Oeiras,,2,100.0
38.737276,-9.22892,PT,Portugal,Amadora,,1,180.0
38.728396,-9.22155,PT,Portugal,Amadora,,3,100.0
38.716017,-9.263505,PT,Portugal,Oeiras,,2,120.0
38.704788,-9.301953,PT,Portugal,Oeiras,,2,100.0
38.702592,-9.304332,PT,Portugal,Oeiras,,1,180.0
38.701014,-9.305464,PT,Portugal,Oeiras,,2,120.0
38.700071,-9.30639,PT,Portugal,Oeiras,,1,180.0
38.694361,-9.322098,PT,Portugal,Oeiras,,2,180.0
38.776951,-9.33669,PT,Portugal,Sintra,,2,120.0
38.771078,-9.346266,PT,Portugal,Sintra,,4,100.0
38.68562,-9.343971,PT,Portugal,Setúbal,,4,100.0
38.709609,-9.335603,PT,Portugal,Oeiras,,4,150.0
38.710727,-9.336475,PT,Portugal,Cascais,,2,100.0
38.751839,-9.283973,PT,Portugal,Amadora,,3,120.0
38.781862,-9.349004,PT,Portugal,Sintra,,1,120.0
38.78042,-9.353215,PT,Portugal,Sintra,,3,100.0
38.792747,-9.329227,PT,Portugal,Sintra,,1,120.0
38.768031,-9.298909,PT,Portugal,Sintra,,3,160.0
38.769584,-9.313664,PT,Portugal,Sintra,,2,120.0
38.751151,-9.305161,PT,Portugal,Sintra,,2,120.0
38.750826,-9.30467,PT,Portugal,Oeiras,,4,150.0
38.728268,-9.328495,PT,Portugal,Cascais,,3,150.0
38.740611,-9.341289,PT,Portugal,Cascais,,1,150.0
38.760981,-9.386064,PT,Portugal,Sintra,,3,100.0
38.737926,-9.403234,PT,Portugal,Cascais,,1,120.0
38.715502,-9.417888,PT,Portugal,Cascais,,1,300.0
38.72911,-9.416451,PT,Portugal,Cascais,,3,120.0
38.724029,-9.425179,PT,Portugal,Cascais,,2,150.0
38.716212,-9.440064,PT,Portugal,Cascais,,2,120.0
38.703646,-9.466734,PT,Portugal,Cascais,,3,100.0
38.751852,-8.942445,PT,Portugal,Alcochete,,4,150.0
38.751549,-8.946033,PT,Portugal,Alcochete,,2,150.0
38.749989,-8.962293,PT,Portugal,Alcochete,,1,120.0
38.710165,-8.968591,PT,Portugal,Montijo,,2,100.0
38.702086,-8.946814,PT,Portugal,Montijo,,1,120.0
38.582931,-8.892402,PT,Portugal,Palmela,,3,160.0
38.58478,-8.930684,PT,Portugal,Palmela,,1,120.0
38.585551,-8.930025,PT,Portugal,Palmela,,1,120.0
38.649647,-8.997248,PT,Portugal,Moita,,2,120.0
38.646045,-8.994327,PT,Portugal,Moita,,3,160.0
38.667604,-9.059795,PT,Portugal,Barreiro,,2,120.0
38.650492,-9.064348,PT,Portugal,Barreiro,,1,300.0
38.631668,-9.049013,PT,Portugal,Barreiro,,3,100.0
38.602303,-9.061042,PT,Portugal,Seixal,,1,200.0
38.625102,-9.126137,PT,Portugal,Almada,,2,120.0
38.633255,-9.145265,PT,Portugal,Seixal,,3,100.0
38.634336,-9.145122,PT,Portugal,Almada,,2,120.0
38.660165,-9.176072,PT,Portugal,Almada,,4,160.0
38.63134,-9.177638,PT,Portugal,Almada,,3,100.0
38.618904,-9.194142,PT,Portugal,Almada,,4,100.0
38.598495,-9.139599,PT,Portugal,Seixal,,3,100.0
38.481961,-9.1031,PT,Portugal,Sesimbra,,2,120.0
38.542038,-9.026942,PT,Portugal,Setúbal,,3,100.0
38.522637,-8.89327,PT,Portugal,Setúbal,,4,100.0
38.532524,-8.884334,PT,Portugal,Setúbal,,2,150.0
38.540452,-8.870801,PT,Portugal,Setúbal,,3,100.0
38.540317,-8.869904,PT,Portugal,Setúbal,,3,100.0
38.539287,-8.875366,PT,Portugal,Setúbal,,1,100.0
38.537421,-8.876432,PT,Portugal,Setúbal,,2,120.0
38.534942,-8.873531,PT,Portugal,Setubal,,2,160.0
37.015016,-8.941069,PT,Portugal,Vila do Bispo,,3,100.0
37.119576,-8.673005,PT,Portugal,Lagos,,2,150.0
37.111056,-8.679238,PT,Portugal,Lagos,,1,180.0
37.117553,-8.529492,PT,Portugal,Portimão,,2,180.0
37.152819,-8.555004,PT,Portugal,Portimão,,3,100.0
37.132395,-8.359442,PT,Portugal,Alcantarilha,,3,100.0
37.127996,-8.283611,PT,Portugal,Albufeira,,3,100.0
37.103731,-8.193846,PT,Portugal,Albufeira,,2,120.0
37.107268,-8.12203,PT,Portugal,Loulé,,2,120.0
37.106217,-8.129845,PT,Portugal,Loulé,,2,120.0
37.102721,-8.133092,PT,Portugal,Loulé,,2,120.0
37.101462,-8.129892,PT,Portugal,Loulé,,2,120.0
37.095811,-8.130675,PT,Portugal,Loulé,,2,120.0
37.090102,-8.127504,PT,Portugal,Loulé,,2,120.0
37.091455,-8.104224,PT,Portugal,Loulé,,2,120.0
37.090853,-8.113107,PT,Portugal,Loulé,,2,120.0
37.085835,-8.094125,PT,Portugal,Loulé,,2,120.0
37.073304,-8.079736,PT,Portugal,Loulé,,3,100.0
37.091833,-8.073917,PT,Portugal,Loulé,,3,120.0
37.092049,-8.02672,PT,Portugal,Loulé,,2,150.0
37.02772,-7.91964,PT,Portugal,Faro,,3,100.0
37.033009,-7.924052,PT,Portugal,São Brás de Alportel,,3,120.0
37.034206,-7.929207,PT,Portugal,Faro,,1,180.0
37.033508,-7.928612,PT,Portugal,Faro,,1,120.0
37.011808,-7.931177,PT,Portugal,Faro,,3,100.0
37.027531,-7.942234,PT,Portugal,Faro,,3,120.0
37.045025,-7.967178,PT,Portugal,Faro,,3,100.0
37.023779,-7.847409,PT,Portugal,Olhão,,3,100.0
37.181195,-7.505133,PT,Portugal,Castro Marim,,1,120.0
38.010382,-7.864315,PT,Portugal,Beja,,2,150.0
38.009794,-7.87497,PT,Portugal,Beja,,2,150.0
38.019228,-7.852964,PT,Portugal,Beja,,2,150.0
38.02071,-7.871813,PT,Portugal,Beja,,1,120.0
38.170834,-7.893803,PT,Portugal,Cuba,,1,180.0
37.96619,-8.858111,PT,Portugal,Sines,,2,120.0
38.121237,-8.446652,PT,Portugal,Grândola,,1,150.0
38.184407,-8.568853,PT,Portugal,Vila de Grândola,,2,150.0
38.293298,-8.77583,PT,Portugal,Grândola,,3,120.0
38.683582,-8.611978,PT,Portugal,Montijo,,2,160.0
38.684649,-8.624992,PT,Portugal,Montijo,,3,100.0
38.646278,-8.200546,PT,Portugal,Montemor-o-novo ,,2,120.0
38.649425,-8.216377,PT,Portugal,Montemor-o-Novo,,1,180.0
38.559641,-7.894943,PT,Portugal,Évora ,,3,100.0
38.574078,-7.900303,PT,Portugal,Évora,,2,150.0
38.565978,-7.912885,PT,Portugal,Evora,,3,100.0
38.576115,-7.914553,PT,Portugal,Évora,,2,100.0
39.280333,-7.431405,PT,Portugal,Portalegre,,2,150.0
39.278895,-7.431885,PT,Portugal,Portalegre,,1,150.0
39.693632,-8.294894,PT,Portugal,Ferreira do Zêzere,,1,150.0
39.472188,-8.195087,PT,Portugal,Abrantes,,2,120.0
39.47427,-8.192982,PT,Portugal,Abrantes,,3,100.0
39.808635,-7.51543,PT,Portugal,Castelo Branco,,2,100.0
40.156687,-7.497252,PT,Portugal,Fundão,,1,120.0
40.239918,-7.5221,PT,Portugal,Covilhã,,2,150.0
40.25366,-7.493199,PT,Portugal,Covilhã,,2,150.0
40.263893,-7.490986,PT,Portugal,Covilhã,,3,100.0
40.264903,-7.492217,PT,Portugal,Covilhã,,1,150.0
40.270477,-7.506806,PT,Portugal,Covilhã,,1,150.0
40.270638,-7.50355,PT,Portugal,Covilhã,,2,150.0
40.272002,-7.498692,PT,Portugal,Covilhã,,1,150.0
40.270913,-7.492613,PT,Portugal,Covilha,,2,150.0
40.276934,-7.501277,PT,Portugal,Covilha,,1,150.0
40.277357,-7.496993,PT,Portugal,Covilha,,1,150.0
40.284241,-7.505366,PT,Portugal,Covilha,,2,150.0
40.294767,-7.481157,PT,Portugal,Covilhã,,1,180.0
40.296089,-7.478322,PT,Portugal,Covilha,,2,150.0
40.406956,-7.709042,PT,Portugal,Seia,,2,150.0
40.358361,-7.857926,PT,Portugal,Oliveira do Hospital,,2,150.0
40.303204,-8.32143,PT,Portugal,Penacova,,4,150.0
40.397591,-8.129507,PT,Portugal,Santa Comba Dão,,1,180.0
40.402303,-8.13053,PT,Portugal,Santa Comba Dão,,1,300.0
40.511456,-8.081071,PT,Portugal,Tondela,,3,120.0
40.659511,-7.922609,PT,Portugal,Viseu,,1,120.0
40.39293,-8.450264,PT,Portugal,Mealhada,,3,160.0
40.40864,-8.455086,PT,Portugal,Anadia,,3,160.0
40.446848,-8.436463,PT,Portugal,Anadia,,2,120.0
40.528047,-8.448715,PT,Portugal,Águeda,,2,150.0
40.032759,-7.009441,PT,Portugal,Idanha-a-Nova,,2,150.0
40.000336,-6.876841,PT,Portugal,Idanha-a-Nova,,3,120.0
40.605043,-6.952159,PT,Portugal,Almeida,,2,150.0
40.529554,-7.252168,PT,Portugal,Guarda,,4,200.0
40.607988,-7.762835,PT,Portugal,Mangualde,,2,120.0
40.604509,-7.769064,PT,Portugal,Mangualde,,1,120.0
40.636002,-7.846071,PT,Portugal,Viseu,,2,120.0
40.642275,-7.863151,PT,Portugal,Viseu,,1,120.0
40.898564,-7.485928,PT,Portugal,Sernancelhe,,1,120.0
40.896332,-7.494446,PT,Portugal,Sernancelhe,,1,150.0
41.069399,-7.154953,PT,Portugal,Vila Nova de Foz Côa,,2,150.0
41.178087,-7.041429,PT,Portugal,Torre de Moncorvo,,1,120.0
41.106559,-7.962996,PT,Portugal,Resende,,1,120.0
41.162577,-7.803442,PT,Portugal,Peso da Régua,,3,100.0
41.27946,-7.706267,PT,Portugal,Vila Real,,1,150.0
41.793334,-6.721478,PT,Portugal,Bragança,,2,300.0
41.808194,-6.793092,PT,Portugal,Bragança,,2,150.0
41.392215,-6.424565,PT,Portugal,Miranda do Douro,,2,120.0
40.606584,-6.824866,PT,Portugal,Vilar Formoso,,4,1000.0
39.263725,-9.333569,PT,Portugal,Lourinhã,,1,120.0
39.547777,-8.967087,PT,Portugal,,,3,50.0
39.548788,-8.975943,PT,Portugal,,,2,120.0
39.545659,-8.970225,PT,Portugal,,,2,120.0
39.242374,-9.307428,PT,Portugal,Lourinhã,,3,100.0
39.238526,-9.310357,PT,Portugal,Lourinhã,,1,120.0
39.243558,-9.310375,PT,Portugal,Lourinhã,,2,120.0
39.247255,-9.312202,PT,Portugal,Lourinhã,,2,120.0
39.243954,-9.30877,PT,Portugal,Lourinhã,,3,60.0
39.251249,-9.312536,PT,Portugal,Lourinhã,,1,22.0
41.163247,-8.539669,PT,Portugal,Fânzeres,,1,12.7
41.142578,-8.620917,PT,Portugal,Porto,,1,6.4
41.323588,-7.641189,PT,Portugal,,,2,150.0
41.324434,-7.640943,PT,Portugal,,,2,150.0
38.579846,-8.677619,PT,Portugal,Palmela,,1,350.0
32.661157,-16.894209,PT,Portugal,Madeira,,3,60.0
32.6573,-17.0056,PT,Portugal,Camara de Lobos,,1,32.0
41.245804,-8.626217,PT,Portugal,Castêlo da Maia,,1,350.0
39.268158,-7.438283,PT,Portugal,,,2,50.0
38.89108,-7.150253,PT,Portugal,,,2,50.0
38.554711,-7.908935,PT,Portugal,,,2,50.0
38.022324,-7.860504,PT,Portugal,,,2,50.0
37.144888,-8.552863,PT,Portugal,,,2,50.0
38.654616,-9.168615,PT,Portugal,,,2,50.0
38.744583,-9.191542,PT,Portugal,,,2,50.0
38.772628,-9.105871,PT,Portugal,,,2,50.0
38.826848,-9.162792,PT,Portugal,,,2,50.0
39.240115,-8.70251,PT,Portugal,,,2,50.0
40.920025,-8.57085,PT,Portugal,,,2,50.0
41.439268,-8.325548,PT,Portugal,,,2,50.0
41.365,-8.742998,PT,Portugal,,,2,25.0
41.786805,-6.773488,PT,Portugal,,,2,50.0
41.487883,-8.430071,PT,Portugal,,,1,180.0
41.283176,-8.386125,PT,Portugal,,,2,50.0
39.375202,-9.139157,PT,Portugal,Óbidos,,1,350.0
40.552016,-7.24901,PT,Portugal,,,3,400.0
41.761285,-7.467567,PT,Portugal,,,4,150.0
41.512006,-8.653152,PT,Portugal,,,3,100.0
41.639982,-8.769715,PT,Portugal,Alvarães,,2,180.0
41.814084,-8.419181,PT,Portugal,Arcos de Valdevez,,3,180.0
41.878697,-8.836623,PT,Portugal,Caminha,,3,100.0
40.607477,-6.827062,PT,Portugal,Vilar Formoso,,3,100.0
38.537449,-8.866196,PT,Portugal,,,3,50.0
41.698352,-7.475836,PT,Portugal,Chaves,,2,22.0
41.670812,-8.498945,PT,Portugal,Vila Verde,,2,22.0
41.556308,-8.39465,PT,Portugal,Braga,,4,150.0
41.480173,-8.345515,PT,Portugal,Guimarães,,2,8.0
41.465163,-8.331288,PT,Portugal,Guimarães,,2,20.0
41.45745,-8.287513,PT,Portugal,Guimarães,,2,8.0
41.432917,-8.416056,PT,Portugal,Vila Nova de Famalicão,,2,22.0
41.42722,-8.29893,PT,Portugal,Guimarães,,2,8.0
41.421847,-8.300349,PT,Portugal,Guimarães,,2,7.0
41.372969,-8.379074,PT,Portugal,Guimarães,,2,8.0
41.366893,-8.405789,PT,Portugal,Santo Tirso,,3,50.0
41.294522,-7.738335,PT,Portugal,Vila Real,,4,100.0
41.264901,-8.615254,PT,Portugal,Maia,,3,50.0
41.212654,-8.564658,PT,Portugal,Maia,,2,120.0
41.182018,-8.482661,PT,Portugal,Valongo,,2,22.0
41.180111,-8.154972,PT,Portugal,Marco de Canaveses,,2,22.0
41.174932,-8.64566,PT,Portugal,Porto,,1,22.0
41.152827,-8.651983,PT,Portugal,Porto,,2,22.0
41.098765,-7.686142,PT,Portugal,Armamar,,2,22.0
41.090101,-8.079762,PT,Portugal,Cinfães,,2,7.0
40.965875,-7.599177,PT,Portugal,Moimenta da Beira,,2,7.0
40.951301,-8.486934,PT,Portugal,Santa Maria da Feira,,2,22.0
40.901881,-8.469826,PT,Portugal,Santa Maria da Feira,,2,22.0
40.891087,-8.349329,PT,Portugal,Arouca,,2,11.0
40.64293,-8.60241,PT,Portugal,Aveiro,,2,50.0
40.629801,-7.866715,PT,Portugal,Viseu,,2,22.0
40.627062,-7.400881,PT,Portugal,Celorico da Beira,,5,80.0
40.175841,-8.89445,PT,Portugal,Figueira da Foz,,2,50.0
40.16248,-8.869362,PT,Portugal,Figueira da Foz,,2,22.0
40.158173,-8.857269,PT,Portugal,Figueira da Foz,,2,22.0
39.937989,-7.507347,PT,Portugal,Castelo Branco,,2,22.0
39.826343,-7.499028,PT,Portugal,Castelo Branco,,5,100.0
39.78606,-8.4696,PT,Portugal,Albufeira,,2,120.0
39.765974,-8.938071,PT,Portugal,Marinha Grande,,2,60.0
39.631898,-8.680917,PT,Portugal,Ourém,,1,22.0
39.599691,-8.301315,PT,Portugal,Tomar,,2,22.0
39.552185,-8.280524,PT,Portugal,Abrantes,,2,20.0
39.360253,-9.403004,PT,Portugal,Peniche,,2,7.0
39.133359,-9.379979,PT,Portugal,Torres Vedras,,2,60.0
39.09014,-9.261195,PT,Portugal,Torres Vedras,,2,120.0
39.080415,-9.25718,PT,Portugal,Torres Vedras,,2,120.0
39.047411,-8.699343,PT,Portugal,Salvaterra de Magos,,2,22.0
39.044457,-8.646231,PT,Portugal,Salvaterra de Magos,,2,22.0
38.88488,-9.195687,PT,Portugal,Loures,,3,60.0
38.883529,-7.0493,PT,Portugal,Elvas,,3,60.0
38.883259,-9.197159,PT,Portugal,Loures,,3,60.0
38.88311,-7.050634,PT,Portugal,Elvas,,3,60.0
38.87764,-7.17197,PT,Portugal,Elvas,,2,22.0
38.801642,-27.257479,PT,Portugal,Praia da Vitória,,1,7.0
38.769626,-9.303994,PT,Portugal,Amadora,,2,7.0
38.765528,-9.297455,PT,Portugal,Amadora,,2,7.0
38.764192,-9.158379,PT,Portugal,Lisboa,,2,120.0
38.756917,-9.279056,PT,Portugal,Sintra,,2,22.0
38.752161,-9.283549,PT,Portugal,Amadora,,2,7.0
38.727914,-27.062656,PT,Portugal,Praia da Vitória,,2,22.0
38.706944,-8.958056,PT,Portugal,Montijo,,2,22.0
38.703964,-9.396649,PT,Portugal,Cascais,,1,7.0
38.664267,-9.076311,PT,Portugal,Barreiro,,2,22.0
38.662653,-9.079519,PT,Portugal,Barreiro,,2,22.0
38.661761,-9.080094,PT,Portugal,Barreiro,,2,22.0
38.660067,-9.075822,PT,Portugal,Barreiro,,2,22.0
38.659811,-9.076608,PT,Portugal,Barreiro,,2,22.0
38.65915,-9.078778,PT,Portugal,Barreiro,,2,22.0
38.656542,-9.068592,PT,Portugal,Barreiro,,2,22.0
38.655044,-9.063486,PT,Portugal,Barreiro,,2,22.0
38.653691,-9.072941,PT,Portugal,Barreiro,,2,22.0
38.652311,-9.066601,PT,Portugal,Barreiro,,2,22.0
38.649916,-9.063264,PT,Portugal,Barreiro,,2,22.0
38.649536,-9.064754,PT,Portugal,Barreiro,,2,22.0
38.642798,-9.051861,PT,Portugal,Barreiro,,2,22.0
38.640828,-9.057865,PT,Portugal,Barreiro,,2,22.0
38.633444,-9.150689,PT,Portugal,Seixal,,3,50.0
38.591091,-8.920556,PT,Portugal,Palmela,,2,22.0
38.561208,-7.9141,PT,Portugal,Évora,,3,30.0
38.438093,-9.115957,PT,Portugal,Sesimbra,,3,60.0
38.052623,-8.786616,PT,Portugal,Santiago do Cacém,,6,150.0
38.004278,-7.865361,PT,Portugal,Beja,,2,22.0
37.884123,-8.153967,PT,Portugal,Aljustrel,,3,60.0
37.694389,-8.088611,PT,Portugal,Castro Verde,,3,50.0
37.542548,-8.736107,PT,Portugal,Odemira,,2,7.0
37.153187,-7.751534,PT,Portugal,Tavira,,2,7.0
37.12741,-8.034161,PT,Portugal,Loulé,,1,7.0
37.12675,-8.23719,PT,Portugal,Albufeira,,2,120.0
37.10421,-8.370591,PT,Portugal,Silves,,1,7.0
37.073379,-8.049274,PT,Portugal,Loulé,,2,11.0
37.045429,-8.053464,PT,Portugal,Loulé,,2,22.0
37.041764,-8.027736,PT,Portugal,Portimão,,2,22.0
37.037038,-7.834335,PT,Portugal,Olhão,,3,30.0
37.0299,-7.8513,PT,Portugal,Faro,,3,60.0
38.607423,-9.074611,PT,Portugal,,,3,50.0
41.177525,-8.591,PT,Portugal,,,3,50.0
38.788552,-9.340435,PT,Portugal,Algueirão-Mem Martins,,3,50.0
41.082577,-8.635097,PT,Portugal,,,1,22.0
41.181079,-8.615263,PT,Portugal,,,3,50.0
41.311355,-7.733997,PT,Portugal,,,3,50.0
40.155131,-7.496532,PT,Portugal,,,1,22.0
41.167486,-8.654613,PT,Portugal,,,3,50.0
39.080909,-9.260263,PT,Portugal,,,3,50.0
41.237304,-8.597459,PT,Portugal,,,3,50.0
41.17096,-8.569832,PT,Portugal,,,3,50.0
40.116693,-8.238483,PT,Portugal,Lousã,,1,22.0
38.7578,-9.113478,PT,Portugal,,,3,50.0
41.218788,-8.545941,PT,Portugal,,,1,22.0
38.872737,-9.07695,PT,Portugal,Vialonga,,1,22.0
41.182894,-8.443142,PT,Portugal,,,1,22.0
41.393458,-8.754199,PT,Portugal,,,3,50.0
41.179458,-8.680875,PT,Portugal,,,3,50.0
41.170487,-8.635385,PT,Portugal,,,3,50.0
41.148851,-8.600029,PT,Portugal,,,3,50.0
38.717837,-9.223132,PT,Portugal,Carnaxide,,1,22.0
39.754213,-8.801678,PT,Portugal,,,1,22.0
41.16312,-8.620932,PT,Portugal,,,1,22.0
38.977211,-8.977283,PT,Portugal,Vila Franca de Xira,,3,50.0
40.110253,-8.504384,PT,Portugal,Condeixa-a-Nova,,1,22.0
41.541273,-8.430369,PT,Portugal,Braga,,3,50.0
39.833047,-7.496064,PT,Portugal,Castelo Branco,,3,50.0
41.546237,-8.419329,PT,Portugal,,,3,30.0
41.944832,-8.741684,PT,Portugal,Vila Nova de Cerveira,,2,120.0
41.530918,-8.780565,PT,Portugal,Esposende,,2,3.0
41.480776,-8.258722,PT,Portugal,Guimarães,,2,7.0
41.448507,-8.342659,PT,Portugal,Guimarães,,2,22.0
41.445514,-8.299757,PT,Portugal,Guimarães,,2,22.0
41.442802,-8.495575,PT,Portugal,Vila Nova de Famalicão,,4,100.0
41.441882,-8.286373,PT,Portugal,Guimarães,,2,7.0
41.434154,-8.304277,PT,Portugal,Guimarães,,2,7.0
41.432978,-8.30284,PT,Portugal,Guimarães,,2,7.0
41.421538,-8.368511,PT,Portugal,Guimarães,,2,7.0
41.39593,-7.97059,PT,Portugal,Mondim de Basto,,2,22.0
41.365841,-8.370534,PT,Portugal,Guimarães,,2,7.0
41.311479,-7.724207,PT,Portugal,Vila Real,,4,150.0
41.246694,-8.664778,PT,Portugal,Maia,,2,22.0
41.202538,-8.695374,PT,Portugal,Matosinhos,,2,30.0
41.183072,-8.442163,PT,Portugal,Paredes,,2,22.0
41.180026,-8.153737,PT,Portugal,Marco de Canaveses,,2,120.0
41.179039,-8.624307,PT,Portugal,Porto,,3,100.0
41.174557,-8.566103,PT,Portugal,Gondomar,,2,7.0
41.162284,-8.653863,PT,Portugal,Porto,,2,120.0
41.151803,-8.625482,PT,Portugal,Porto,,3,60.0
41.151688,-8.515944,PT,Portugal,Gondomar,,3,50.0
41.141332,-8.483111,PT,Portugal,Maia,,2,22.0
41.102772,-8.599882,PT,Portugal,Vila Nova de Gaia,,2,22.0
41.094106,-8.551006,PT,Portugal,Vila Nova de Gaia,,3,50.0
41.061715,-8.628919,PT,Portugal,Vila Nova de Gaia,,3,50.0
41.058115,-8.567406,PT,Portugal,Vila Nova de Gaia,,4,150.0
41.057066,-8.567918,PT,Portugal,Vila Nova de Gaia,,2,30.0
40.985569,-8.590103,PT,Portugal,Santa Maria da Feira,,3,50.0
40.880208,-8.617964,PT,Portugal,Ovar,,3,50.0
40.843038,-8.395712,PT,Portugal,Vale de Cambra,,2,50.0
40.268992,-7.508165,PT,Portugal,Covilhã,,3,50.0
40.166903,-8.836742,PT,Portugal,Figueira da Foz,,4,100.0
40.012344,-8.59997,PT,Portugal,Pombal,,3,160.0
39.879144,-8.343187,PT,Portugal,Tomar,,2,50.0
39.868397,-8.917066,PT,Portugal,Marinha Grande,,2,60.0
39.765558,-8.817704,PT,Portugal,Leiria,,3,50.0
39.746632,-8.821223,PT,Portugal,Leiria,,4,100.0
39.474984,-8.46828,PT,Portugal,Entroncamento,,3,50.0
39.471666,-8.195278,PT,Portugal,Abrantes,,2,22.0
39.415917,-7.455917,PT,Portugal,Castelo de Vide,,2,22.0
39.408678,-8.484801,PT,Portugal,Golegã,,5,100.0
39.398867,-9.137544,PT,Portugal,Caldas da Rainha,,3,50.0
39.39197,-8.637996,PT,Portugal,Santarém,,2,160.0
39.247973,-8.692815,PT,Portugal,Santarém,,3,60.0
39.237226,-9.307659,PT,Portugal,Lourinhã,,2,22.0
39.039364,-8.989742,PT,Portugal,Alenquer,,1,22.0
39.026801,-8.98022,PT,Portugal,Alenquer,,3,50.0
38.998045,-9.084937,PT,Portugal,Arruda dos Vinhos,,2,22.0
38.996577,-8.737279,PT,Portugal,Salvaterra de Magos,,2,22.0
38.99183,-9.076318,PT,Portugal,Arruda dos Vinhos,,2,60.0
38.942415,-9.347996,PT,Portugal,Mafra,,3,50.0
38.85825,-9.161167,PT,Portugal,Loures,,2,160.0
38.857772,-9.379359,PT,Portugal,Sintra,,3,120.0
38.845169,-7.614371,PT,Portugal,Estremoz,,3,50.0
38.814444,-9.215,PT,Portugal,Odivelas,,3,50.0
38.778652,-9.232464,PT,Portugal,Amadora,,3,60.0
38.766973,-9.104874,PT,Portugal,Lisboa,,2,60.0
38.757204,-9.176067,PT,Portugal,Lisboa,,1,3.0
38.751535,-9.17244,PT,Portugal,Lisboa,,2,22.0
38.749797,-9.203714,PT,Portugal,Lisboa,,3,60.0
38.737646,-9.159804,PT,Portugal,Lisboa,,2,7.0
38.725067,-9.151138,PT,Portugal,Lisboa,,2,7.0
38.715198,-9.424255,PT,Portugal,Cascais,,3,60.0
38.701159,-9.471937,PT,Portugal,Cascais,,2,22.0
38.700101,-9.229221,PT,Portugal,Oeiras,,3,50.0
38.695538,-9.219721,PT,Portugal,Lisboa,,2,22.0
38.688547,-9.327903,PT,Portugal,Cascais,,1,7.0
38.649639,-9.047258,PT,Portugal,Barreiro,,2,22.0
38.648363,-9.153869,PT,Portugal,Almada,,3,60.0
38.648025,-8.617964,PT,Portugal,Montemor-o-Novo,,3,50.0
38.646248,-8.202257,PT,Portugal,Montemor-o-Novo,,3,50.0
38.645555,-8.978056,PT,Portugal,Moita,,2,22.0
38.634561,-9.142568,PT,Portugal,Seixal,,3,60.0
38.62711,-9.152028,PT,Portugal,Seixal,,3,60.0
38.622975,-8.579453,PT,Portugal,Vendas Novas,,2,160.0
38.621886,-9.133814,PT,Portugal,Seixal,,2,160.0
38.619778,-8.580319,PT,Portugal,Vendas Novas,,2,160.0
38.574202,-7.899712,PT,Portugal,Évora,,3,50.0
38.538365,-8.838114,PT,Portugal,Setúbal,,5,100.0
38.167691,-8.490198,PT,Portugal,Grândola,,2,160.0
38.16717,-8.49087,PT,Portugal,Grândola,,3,120.0
38.167018,-8.492748,PT,Portugal,Grândola,,2,160.0
37.74679,-25.675265,PT,Portugal,Ponta Delgada,,2,22.0
37.591713,-8.669424,PT,Portugal,Odemira,,3,50.0
37.19062,-7.41782,PT,Portugal,Vila Real de Santo António,,2,22.0
37.140882,-8.020396,PT,Portugal,Loulé,,2,22.0
37.137788,-8.030347,PT,Portugal,Loulé,,3,30.0
37.130622,-8.545342,PT,Portugal,Portimão,,3,50.0
37.12766,-8.280386,PT,Portugal,Albufeira,,6,22.0
37.12652,-7.644986,PT,Portugal,Tavira,,3,60.0
37.066973,-8.099362,PT,Portugal,Loulé,,2,22.0
41.183583,-8.651808,PT,Portugal,Sra. da Hora,,1,22.2
41.172373,-8.679399,PT,Portugal,Matosinhos,,2,12.7
40.21832,-8.585414,PT,Portugal,Tentúgal,,2,100.0
39.938249,-8.628966,PT,Portugal,,,3,100.0
39.425391,-9.161595,PT,Portugal,,,2,180.0
38.930243,-9.251972,PT,Portugal,Mafra,,2,120.0
38.782253,-9.117825,PT,Portugal,,,2,120.0
38.75653,-9.15532,PT,Portugal,,,2,100.0
38.727784,-9.211564,PT,Portugal,,,3,120.0
38.726168,-9.243044,PT,Portugal,Carnaxide,,2,100.0
38.685026,-9.313661,PT,Portugal,Oeiras,,2,160.0
38.683949,-9.316411,PT,Portugal,Oeiras,,1,180.0
38.735876,-9.301223,PT,Portugal,Porto Salvo,,2,180.0
38.728594,-9.334956,PT,Portugal,,,1,180.0
38.807477,-9.37783,PT,Portugal,Sintra,,3,100.0
38.722359,-9.477386,PT,Portugal,,,3,100.0
38.648549,-9.243189,PT,Portugal,,,4,150.0
38.641288,-9.236651,PT,Portugal,,,3,100.0
38.631338,-9.177346,PT,Portugal,,,4,50.0
38.702303,-8.945059,PT,Portugal,,,1,120.0
37.092272,-8.093495,PT,Portugal,,,2,100.0
37.086543,-8.110652,PT,Portugal,,,2,100.0
37.079086,-8.122164,PT,Portugal,,,2,100.0
37.077037,-8.102245,PT,Portugal,,,2,100.0
37.081756,-8.106992,PT,Portugal,,,2,100.0
37.080339,-8.114314,PT,Portugal,,,2,100.0
37.08747,-8.115812,PT,Portugal,,,2,100.0
37.086768,-8.121058,PT,Portugal,,,2,100.0
37.091287,-8.121624,PT,Portugal,,,2,100.0
37.105039,-8.114981,PT,Portugal,,,2,100.0
37.116124,-8.120059,PT,Portugal,,,2,120.0
37.106293,-8.141621,PT,Portugal,,,2,100.0
37.110203,-8.14701,PT,Portugal,,,2,100.0
37.114434,-8.147102,PT,Portugal,,,2,100.0
38.535174,-8.864743,PT,Portugal,,,1,120.0
38.519712,-9.014399,PT,Portugal,,,3,100.0
38.522701,-8.893207,PT,Portugal,,,3,60.0
38.554265,-7.914999,PT,Portugal,,,2,120.0
39.484625,-8.155316,PT,Portugal,,,1,100.0
39.485963,-8.158825,PT,Portugal,,,1,100.0
39.806465,-7.5157,PT,Portugal,,,1,250.0
39.888175,-7.488352,PT,Portugal,,,1,350.0
39.887458,-7.486628,PT,Portugal,,,1,350.0
40.189733,-7.48796,PT,Portugal,,,1,100.0
40.190767,-7.48628,PT,Portugal,,,1,100.0
40.533987,-7.243669,PT,Portugal,,,2,120.0
40.549257,-7.241638,PT,Portugal,,,2,180.0
40.69701,-7.910831,PT,Portugal,,,3,100.0
41.059393,-8.645688,PT,Portugal,Arcozelo,,3,100.0
41.102328,-8.588851,PT,Portugal,,,2,120.0
41.147023,-8.632254,PT,Portugal,,,1,175.0
41.147071,-8.631827,PT,Portugal,,,1,180.0
41.171933,-8.678288,PT,Portugal,,,2,120.0
41.184177,-8.681769,PT,Portugal,,,2,50.0
41.202492,-8.692945,PT,Portugal,,,2,120.0
41.180081,-8.634735,PT,Portugal,,,3,100.0
41.21601,-8.684115,PT,Portugal,,,4,120.0
41.366632,-8.200919,PT,Portugal,,,1,120.0
41.402774,-8.515398,PT,Portugal,,,2,120.0
41.404483,-8.516679,PT,Portugal,,,2,120.0
41.410831,-8.507727,PT,Portugal,,,2,120.0
41.108174,-8.532737,PT,Portugal,,,3,100.0
41.25395,-8.61709,PT,Portugal,Castêlo da Maia,,4,120.0
41.196002,-8.576226,PT,Portugal,,,1,120.0
41.1732,-8.554401,PT,Portugal,,,1,120.0
41.196859,-8.510803,PT,Portugal,,,1,120.0
37.112932,-8.676326,PT,Portugal,,,2,100.0
41.293003,-7.737746,PT,Portugal,,,3,100.0
41.292055,-7.737152,PT,Portugal,,,2,120.0
41.731844,-7.46792,PT,Portugal,,,3,100.0
41.459652,-8.494571,PT,Portugal,,,3,100.0
41.560375,-8.446881,PT,Portugal,,,2,120.0
41.569869,-8.427896,PT,Portugal,,,5,120.0
41.557648,-8.405742,PT,Portugal,,,4,120.0
41.694761,-8.842159,PT,Portugal,,,2,120.0
41.17235,-8.68095,PT,Portugal,Matosinhos,,1,12.7
42.075744,-8.494956,PT,Portugal,Monção,,2,22.0
42.066838,-8.497283,PT,Portugal,Monção,,3,50.0
42.062832,-8.508873,PT,Portugal,Monção,,3,50.0
42.031824,-8.632912,PT,Portugal,Valença,,2,22.0
41.977993,-8.683745,PT,Portugal,Viana do Castelo,,2,22.0
41.92347,-8.755701,PT,Portugal,Vila Nova de Cerveira,,3,50.0
41.895337,-8.819441,PT,Portugal,Caminha,,2,3.0
41.877624,-8.838164,PT,Portugal,Caminha,,2,22.0
41.876119,-8.840067,PT,Portugal,Caminha,,3,50.0
41.816622,-8.868719,PT,Portugal,Caminha,,3,50.0
41.810425,-6.762481,PT,Portugal,Bragança,,3,50.0
41.798996,-6.770531,PT,Portugal,Bragança,,3,60.0
41.792752,-8.541638,PT,Portugal,Ponte de Lima,,2,22.0
41.788148,-6.773953,PT,Portugal,Bragança,,2,120.0
41.787862,-6.779171,PT,Portugal,Bragança,,3,60.0
41.774036,-8.591684,PT,Portugal,Ponte de Lima,,3,50.0
41.772502,-8.577376,PT,Portugal,Ponte de Lima,,3,50.0
41.764935,-7.468029,PT,Portugal,Chaves,,2,22.0
41.759597,-7.472586,PT,Portugal,Chaves,,3,50.0
41.75878,-8.585327,PT,Portugal,Ponte de Lima,,3,60.0
41.744745,-8.610238,PT,Portugal,Ponte de Lima,,3,50.0
41.742918,-7.469736,PT,Portugal,Chaves,,2,22.0
41.715598,-7.487742,PT,Portugal,Chaves,,2,22.0
41.706658,-8.827435,PT,Portugal,Viana do Castelo,,2,22.0
41.706308,-8.819658,PT,Portugal,Viana do Castelo,,3,50.0
41.706227,-8.806366,PT,Portugal,Viana do Castelo,,2,50.0
41.703519,-8.835788,PT,Portugal,Viana do Castelo,,1,7.0
41.702655,-8.821213,PT,Portugal,Viana do Castelo,,2,22.0
41.697542,-8.836002,PT,Portugal,Viana do Castelo,,2,22.0
41.696694,-8.84353,PT,Portugal,Viana do Castelo,,2,120.0
41.694711,-8.832878,PT,Portugal,Viana do Castelo,,4,22.0
41.694252,-8.838153,PT,Portugal,Viana do Castelo,,2,120.0
41.68166,-8.82944,PT,Portugal,Viana do Castelo,,2,22.0
41.681339,-8.775156,PT,Portugal,Viana do Castelo,,3,50.0
41.659141,-8.27058,PT,Portugal,Amares,,1,7.0
41.652379,-8.434346,PT,Portugal,Vila Verde,,2,22.0
41.647743,-8.184934,PT,Portugal,Terras de Bouro,,1,7.0
41.647427,-8.439826,PT,Portugal,Vila Verde,,3,50.0
41.640946,-8.435365,PT,Portugal,Vila Verde,,3,90.0
41.636639,-8.142603,PT,Portugal,Vieira do Minho,,3,50.0
41.620944,-8.221497,PT,Portugal,Póvoa de Lanhoso,,2,11.0
41.587041,-8.416771,PT,Portugal,Braga,,3,60.0
41.579113,-8.622332,PT,Portugal,Barcelos,,1,22.0
41.560464,-8.416756,PT,Portugal,Braga,,3,50.0
41.556777,-8.406444,PT,Portugal,Braga,,2,22.0
41.552,-8.409149,PT,Portugal,Braga,,3,50.0
41.551106,-8.40654,PT,Portugal,Braga,,3,50.0
41.548815,-8.423549,PT,Portugal,Braga,,1,7.0
41.54703,-8.399948,PT,Portugal,Braga,,1,22.0
41.546602,-8.422059,PT,Portugal,Braga,,3,30.0
41.544158,-6.959786,PT,Portugal,Macedo de Cavaleiros,,3,50.0
41.543781,-8.427272,PT,Portugal,Braga,,3,50.0
41.543583,-8.40235,PT,Portugal,Braga,,2,7.0
41.542469,-8.399797,PT,Portugal,Braga,,3,50.0
41.541321,-8.424964,PT,Portugal,Braga,,2,50.0
41.538903,-8.62049,PT,Portugal,Barcelos,,3,60.0
41.534708,-8.43977,PT,Portugal,Braga,,2,11.0
41.533726,-8.621336,PT,Portugal,Barcelos,,3,50.0
41.532828,-8.446757,PT,Portugal,Braga,,2,22.0
41.53258,-8.628945,PT,Portugal,Barcelos,,3,50.0
41.5301,-8.762908,PT,Portugal,Esposende,,3,30.0
41.526581,-8.448767,PT,Portugal,Braga,,2,60.0
41.526222,-8.418414,PT,Portugal,Braga,,3,150.0
41.508536,-8.334417,PT,Portugal,Guimarães,,2,7.0
41.496212,-7.180711,PT,Portugal,Mirandela,,3,50.0
41.494176,-7.184129,PT,Portugal,Mirandela,,3,50.0
41.493473,-7.645683,PT,Portugal,Vila Pouca de Aguiar,,2,22.0
41.491773,-8.340513,PT,Portugal,Guimarães,,1,7.0
41.486209,-8.343832,PT,Portugal,Guimarães,,2,22.0
41.485863,-8.348277,PT,Portugal,Guimarães,,2,60.0
41.484986,-8.350041,PT,Portugal,Guimarães,,2,7.0
41.482528,-8.481254,PT,Portugal,Braga,,2,22.0
41.481794,-7.179594,PT,Portugal,Mirandela,,2,22.0
41.481147,-8.262814,PT,Portugal,Guimarães,,2,8.0
41.469265,-8.327859,PT,Portugal,Guimarães,,3,60.0
41.456202,-8.278563,PT,Portugal,Guimarães,,2,7.0
41.456083,-8.363795,PT,Portugal,Guimarães,,2,8.0
41.454,-8.27001,PT,Portugal,Guimarães,,3,50.0
41.453912,-8.278973,PT,Portugal,Guimarães,,3,50.0
41.452353,-8.27548,PT,Portugal,Guimarães,,2,8.0
41.452112,-8.286406,PT,Portugal,Guimarães,,2,8.0
41.449904,-8.279835,PT,Portugal,Guimarães,,2,8.0
41.448086,-8.306102,PT,Portugal,Guimarães,,2,7.0
41.446492,-8.291962,PT,Portugal,Guimarães,,3,50.0
41.4455,-8.33961,PT,Portugal,Guimarães,,2,22.0
41.443541,-8.300146,PT,Portugal,Guimarães,,2,20.0
41.443145,-8.281268,PT,Portugal,Guimarães,,2,22.0
41.442772,-8.3804,PT,Portugal,Guimarães,,2,8.0
41.442677,-8.302626,PT,Portugal,Guimarães,,2,8.0
41.441793,-8.302246,PT,Portugal,Guimarães,,2,20.0
41.440889,-8.306535,PT,Portugal,Guimarães,,4,22.0
41.437961,-8.294555,PT,Portugal,Guimarães,,3,50.0
41.437256,-8.312555,PT,Portugal,Guimarães,,2,60.0
41.432175,-8.268285,PT,Portugal,Guimarães,,2,22.0
41.429871,-8.321933,PT,Portugal,Guimarães,,2,8.0
41.427048,-8.357135,PT,Portugal,Guimarães,,2,8.0
41.425564,-8.296881,PT,Portugal,Guimarães,,2,7.0
41.415972,-8.518583,PT,Portugal,Vila Nova de Famalicão,,3,50.0
41.414478,-8.651926,PT,Portugal,Póvoa de Varzim,,3,50.0
41.406706,-8.51478,PT,Portugal,Vila Nova de Famalicão,,2,22.0
41.404528,-8.767323,PT,Portugal,Póvoa de Varzim,,2,22.0
41.395103,-8.766531,PT,Portugal,Póvoa de Varzim,,3,50.0
41.394073,-8.764236,PT,Portugal,Póvoa de Varzim,,2,22.0
41.390098,-8.481654,PT,Portugal,Vila Nova de Famalicão,,3,50.0
41.387296,-8.528183,PT,Portugal,Vila Nova de Famalicão,,2,60.0
41.380146,-8.768052,PT,Portugal,Póvoa de Varzim,,2,22.0
41.379412,-8.739001,PT,Portugal,Póvoa de Varzim,,3,50.0
41.378981,-8.759592,PT,Portugal,Póvoa de Varzim,,1,22.0
41.378654,-8.739915,PT,Portugal,Póvoa de Varzim,,2,22.0
41.377036,-8.758644,PT,Portugal,Póvoa de Varzim,,3,50.0
41.368779,-8.305644,PT,Portugal,Vizela,,3,50.0
41.365112,-8.401706,PT,Portugal,Santo Tirso,,2,90.0
41.364135,-8.747284,PT,Portugal,Vila do Conde,,2,120.0
41.363,-8.396333,PT,Portugal,Santo Tirso,,3,50.0
41.36001,-8.74445,PT,Portugal,Vila do Conde,,3,50.0
41.356198,-8.189298,PT,Portugal,Felgueiras,,4,100.0
41.353107,-8.558066,PT,Portugal,Vila Nova de Famalicão,,3,50.0
41.343158,-8.556993,PT,Portugal,Trofa,,3,50.0
41.330269,-8.564611,PT,Portugal,Trofa,,3,50.0
41.326205,-8.570253,PT,Portugal,Trofa,,3,50.0
41.314269,-7.731658,PT,Portugal,Vila Real,,2,180.0
41.308868,-7.738615,PT,Portugal,Vila Real,,2,22.0
41.306581,-7.742274,PT,Portugal,Vila Real,,2,22.0
41.301029,-8.706583,PT,Portugal,Vila do Conde,,2,22.0
41.2974,-7.735191,PT,Portugal,Vila Real,,2,22.0
41.288928,-8.702743,PT,Portugal,Vila do Conde,,2,120.0
41.28881,-8.704776,PT,Portugal,Vila do Conde,,2,120.0
41.274566,-8.392217,PT,Portugal,Paços de Ferreira,,2,22.0
41.274048,-8.091576,PT,Portugal,Amarante,,3,50.0
41.2731,-8.09158,PT,Portugal,Amarante,,1,22.0
41.256169,-8.651464,PT,Portugal,Maia,,3,50.0
41.255319,-8.650096,PT,Portugal,Maia,,3,50.0
41.254081,-8.61715,PT,Portugal,Maia,,1,11.0
41.249756,-8.665776,PT,Portugal,Maia,,3,50.0
41.248184,-8.623063,PT,Portugal,Maia,,2,22.0
41.24,-8.529028,PT,Portugal,Valongo,,3,50.0
41.233946,-8.623227,PT,Portugal,Maia,,2,22.0
41.233834,-8.668005,PT,Portugal,Maia,,3,50.0
41.232058,-8.610479,PT,Portugal,Maia,,2,22.0
41.229238,-8.585378,PT,Portugal,Maia,,3,50.0
41.226579,-8.617881,PT,Portugal,Maia,,3,60.0
41.226353,-8.613296,PT,Portugal,Maia,,3,50.0
41.225506,-8.612922,PT,Portugal,Maia,,3,50.0
41.223862,-8.632039,PT,Portugal,Porto,,3,50.0
41.220461,-8.561463,PT,Portugal,Maia,,6,22.0
41.216409,-8.684284,PT,Portugal,Matosinhos,,1,11.0
41.215078,-8.282991,PT,Portugal,Penafiel,,4,180.0
41.213104,-8.558668,PT,Portugal,Valongo,,3,50.0
41.212886,-8.550475,PT,Portugal,Valongo,,3,50.0
41.212763,-8.56527,PT,Portugal,Maia,,3,60.0
41.211185,-8.270846,PT,Portugal,Penafiel,,3,50.0
41.205791,-8.549377,PT,Portugal,Valongo,,2,120.0
41.20564,-8.63986,PT,Portugal,Matosinhos,,2,120.0
41.204966,-8.325757,PT,Portugal,Paredes,,2,120.0
41.204567,-8.698824,PT,Portugal,Matosinhos,,3,50.0
41.20439,-8.64026,PT,Portugal,Matosinhos,,2,120.0
41.202538,-8.326863,PT,Portugal,Paredes,,3,60.0
41.198764,-8.610433,PT,Portugal,Matosinhos,,3,50.0
41.197498,-8.576948,PT,Portugal,Maia,,3,50.0
41.195499,-8.611733,PT,Portugal,Matosinhos,,3,50.0
41.194966,-8.305678,PT,Portugal,Penafiel,,2,30.0
41.193192,-8.306424,PT,Portugal,Penafiel,,2,60.0
41.192912,-8.494551,PT,Portugal,Valongo,,2,22.0
41.19224,-8.30543,PT,Portugal,Penafiel,,3,75.0
41.18832,-8.500396,PT,Portugal,Valongo,,3,60.0
41.186808,-8.488888,PT,Portugal,Valongo,,3,60.0
41.185699,-8.69433,PT,Portugal,Matosinhos,,3,50.0
41.185065,-8.608203,PT,Portugal,Porto,,3,50.0
41.184753,-8.632167,PT,Portugal,Matosinhos,,3,50.0
41.183509,-8.445928,PT,Portugal,Paredes,,2,22.0
41.1835,-8.484806,PT,Portugal,Valongo,,3,50.0
41.183211,-8.653542,PT,Portugal,Matosinhos,,1,22.0
41.183155,-8.661583,PT,Portugal,Matosinhos,,3,50.0
41.183058,-8.606115,PT,Portugal,Porto,,2,22.0
41.181813,-8.69024,PT,Portugal,Matosinhos,,2,22.0
41.181012,-8.154007,PT,Portugal,Marco de Canaveses,,3,50.0
41.180962,-8.654587,PT,Portugal,Matosinhos,,2,22.0
41.179272,-8.689267,PT,Portugal,Matosinhos,,2,90.0
41.178538,-8.594961,PT,Portugal,Porto,,3,50.0
41.178309,-8.655097,PT,Portugal,Porto,,3,30.0
41.178259,-8.654397,PT,Portugal,Porto,,2,22.0
41.1771,-8.655239,PT,Portugal,Porto,,3,50.0
41.175866,-8.688226,PT,Portugal,Matosinhos,,3,50.0
41.17552,-8.64641,PT,Portugal,Porto,,2,180.0
41.174653,-8.687745,PT,Portugal,Matosinhos,,2,150.0
41.173971,-7.049995,PT,Portugal,Torre de Moncorvo,,2,22.0
41.173413,-8.204673,PT,Portugal,Felgueiras,,3,60.0
41.17265,-8.638926,PT,Portugal,Porto,,3,50.0
41.1721,-8.60987,PT,Portugal,Porto,,1,11.0
41.170999,-8.658587,PT,Portugal,Porto,,3,50.0
41.16476,-7.79395,PT,Portugal,Peso da Régua,,3,60.0
41.164352,-8.642037,PT,Portugal,Porto,,3,50.0
41.163955,-8.035073,PT,Portugal,Baião,,2,22.0
41.162725,-8.576799,PT,Portugal,Porto,,2,22.0
41.162533,-7.792471,PT,Portugal,Peso da Régua,,2,22.0
41.162326,-6.773953,PT,Portugal,Porto,,2,120.0
41.160958,-8.610623,PT,Portugal,Porto,,2,7.0
41.157865,-8.664276,PT,Portugal,Porto,,3,60.0
41.156154,-8.626015,PT,Portugal,Porto,,2,22.0
41.15594,-8.629741,PT,Portugal,Porto,,2,22.0
41.15449,-8.64976,PT,Portugal,Porto,,2,22.0
41.154056,-8.600741,PT,Portugal,Porto,,3,50.0
41.153762,-7.64456,PT,Portugal,Armamar,,1,7.0
41.153757,-8.608699,PT,Portugal,Porto,,2,11.0
41.15362,-7.784769,PT,Portugal,Lamego,,1,7.0
41.153612,-7.64456,PT,Portugal,Armamar,,1,7.0
41.15234,-8.67074,PT,Portugal,Porto,,1,11.0
41.1513,-8.6341,PT,Portugal,Porto,,3,50.0
41.150897,-8.626431,PT,Portugal,Porto,,1,22.0
41.150867,-8.599111,PT,Portugal,Porto,,1,7.0
41.1491,-8.60519,PT,Portugal,Porto,,6,22.0
41.147425,-8.611527,PT,Portugal,Porto,,1,22.0
41.147295,-8.620757,PT,Portugal,Porto,,1,7.0
41.145662,-8.629866,PT,Portugal,Porto,,1,7.0
41.14559,-8.57806,PT,Portugal,Porto,,3,50.0
41.143765,-8.575556,PT,Portugal,Porto,,1,7.0
41.141879,-8.573547,PT,Portugal,Gondomar,,1,7.0
41.14095,-8.615195,PT,Portugal,Porto,,2,22.0
41.140257,-8.632957,PT,Portugal,Vila Nova de Gaia,,2,120.0
41.137306,-8.536861,PT,Portugal,Gondomar,,3,50.0
41.137128,-8.630688,PT,Portugal,Vila Nova de Gaia,,3,43.0
41.13641,-8.618227,PT,Portugal,Vila Nova de Gaia,,2,22.0
41.135796,-8.618449,PT,Portugal,Vila Nova de Gaia,,2,22.0
41.12975,-8.608681,PT,Portugal,Vila Nova de Gaia,,1,22.0
41.127675,-8.580773,PT,Portugal,Vila Nova de Gaia,,3,50.0
41.127615,-8.650932,PT,Portugal,Vila Nova de Gaia,,3,50.0
41.12564,-8.60481,PT,Portugal,Vila Nova de Gaia,,1,22.0
41.124586,-8.635382,PT,Portugal,Vila Nova de Gaia,,2,22.0
41.124092,-8.614805,PT,Portugal,Vila Nova de Gaia,,2,22.0
41.120469,-8.605123,PT,Portugal,Vila Nova de Gaia,,2,22.0
41.120136,-8.626893,PT,Portugal,Vila Nova de Gaia,,3,30.0
41.119669,-8.626378,PT,Portugal,Vila Nova de Gaia,,3,50.0
41.114291,-8.577324,PT,Portugal,Vila Nova de Gaia,,3,90.0
41.11363,-8.59042,PT,Portugal,Vila Nova de Gaia,,3,50.0
41.105911,-7.96512,PT,Portugal,Resende,,2,22.0
41.102255,-7.800472,PT,Portugal,Lamego,,2,22.0
41.10039,-7.819006,PT,Portugal,Lamego,,2,120.0
41.089117,-8.628258,PT,Portugal,Vila Nova de Gaia,,3,50.0
41.081694,-7.143472,PT,Portugal,Vila Nova de Foz Côa,,2,3.0
41.057304,-8.566432,PT,Portugal,Vila Nova de Gaia,,2,22.0
41.046331,-8.565744,PT,Portugal,Vila Nova de Gaia,,3,50.0
41.027576,-8.642117,PT,Portugal,Vila Nova de Gaia,,3,50.0
41.027231,-8.635868,PT,Portugal,Vila Nova de Gaia,,3,50.0
41.017667,-8.572403,PT,Portugal,Vila Nova de Gaia,,2,7.0
48.4785,16.592328,AT,Austria,Gaweinstal.,,1,11.0
48.14776,16.945679,AT,Austria,Hainburg an der Donau.,,2,22.0
47.381398,10.901188,AT,Austria,Biberwier,,1,11.0
47.854178,15.018814,AT,Austria,Lunz am See,,1,120.0
47.522355,14.082485,AT,Austria,Pürgg,,1,150.0
47.567318,13.857663,AT,Austria,Steiermark,,2,100.0
48.31912,13.63126,AT,Austria,Zell an der Pram ,,1,0.0
48.526018,14.29374,AT,Austria,Bad Leonfelden,,2,200.0
48.192326,16.280491,AT,Austria,Vienna,,2,400.0
47.130146,9.775542,AT,Austria,Bürserberg,,1,150.0
47.745572,14.896145,AT,Austria,Göstling an der Ybbs,,1,11.0
47.48836,9.740332,AT,Austria,Bregenz,,2,300.0
48.673827,16.49141,AT,Austria,Staatz.,,2,22.0
48.673043,16.479985,AT,Austria,Staatz.,,2,22.0
48.721186,16.384379,AT,Austria,Laa an der Taya.,,4,11.0
48.393926,16.795663,AT,Austria,A suburb of Angern am March (West suburb).,,2,11.0
48.66801,16.629026,AT,Austria,Poysdorf.,,1,11.0
48.668214,16.626381,AT,Austria,Poysdorf.,,3,22.0
48.664113,16.628672,AT,Austria,Poysdorf.,,1,11.0
48.656388,16.631268,AT,Austria,Poysdorf.,,2,22.0
48.65562,16.631753,AT,Austria,Poysdorf.,,1,11.0
48.451483,16.601871,AT,Austria,Bad Pirawarth.,,2,11.0
48.414925,16.634577,AT,Austria,Gross Schweinbarth.,,3,22.0
48.372447,16.687516,AT,Austria,Reyersdorf.,,1,11.0
48.34761,16.724557,AT,Austria,Gänserndorf.,,2,22.0
48.350463,16.728647,AT,Austria,Gänserndorf.,,1,11.0
48.347931,16.725667,AT,Austria,Gänserndorf.,,1,11.0
48.348831,16.724203,AT,Austria,Gänserndorf.,,2,0.0
48.339768,16.716985,AT,Austria,Gänserndorf.,,2,11.0
48.33319,16.714,AT,Austria,Gänserndorf.,,2,11.0
48.332426,16.713966,AT,Austria,Gänserndorf.,,2,22.0
48.331727,16.715747,AT,Austria,Gänserndorf.,,3,22.0
48.103471,17.040744,AT,Austria,Berg.,,1,11.0
48.15019,16.944173,AT,Austria,Hainburg am Donau.,,1,11.0
48.147571,16.941104,AT,Austria,Hainburg am Donau.,,2,11.0
48.150774,16.948505,AT,Austria,Hainburg am Donau.,,1,11.0
48.144983,16.935141,AT,Austria,Hainburg am Donau.,,1,11.0
48.198527,16.900908,AT,Austria,Niederwinden.,,1,11.0
48.279757,16.90703,AT,Austria,Marchegg am March.,,2,11.0
48.28107,16.905305,AT,Austria,Marchegg am March.,,1,11.0
48.261977,16.911003,AT,Austria,Marchegg am March.,,1,11.0
48.259662,16.912104,AT,Austria,Marchegg am March.,,1,11.0
48.25003,16.917255,AT,Austria,Marchegg am March.,,1,11.0
48.342545,16.772563,AT,Austria,Weikendorf.,,1,11.0
48.38111,16.828763,AT,Austria,Angern am March.,,2,11.0
48.470216,16.848323,AT,Austria,Dürnkrut.,,1,11.0
48.612484,16.907854,AT,Austria,Hohenau am March.,,1,11.0
47.141362,11.715523,AT,Austria,Tux,,1,11.0
47.229811,11.375716,AT,Austria,Mutters,,1,22.0
47.229872,11.375686,AT,Austria,Mutters,,1,22.0
48.157165,16.33405,AT,Austria,Wien,,1,150.0
46.752514,15.588523,AT,Austria,Straß in der Steiermark,,2,50.0
47.096624,13.632767,AT,Austria,,,1,250.0
47.979265,16.843959,AT,Austria,,,1,250.0
47.194048,14.722817,AT,Austria,,,1,250.0
48.193088,16.277066,AT,Austria,,,1,250.0
48.247238,16.46446,AT,Austria,,,1,250.0
48.180358,14.063559,AT,Austria,,,1,250.0
48.145939,13.975097,AT,Austria,,,1,250.0
47.033508,15.414669,AT,Austria,,,1,250.0
46.682284,14.678985,AT,Austria,,,1,250.0
47.468973,15.34504,AT,Austria,,,1,250.0
47.289905,11.887682,AT,Austria,,,1,250.0
46.786382,13.522243,AT,Austria,,,1,250.0
47.835942,13.059135,AT,Austria,,,1,250.0
46.730393,14.378565,AT,Austria,,,1,250.0
48.24495,14.234207,AT,Austria,,,1,250.0
48.183465,13.786069,AT,Austria,,,1,250.0
46.62725,14.344498,AT,Austria,,,1,250.0
47.422725,14.759266,AT,Austria,,,1,250.0
48.183654,15.417881,AT,Austria,,,1,250.0
47.437041,10.765878,AT,Austria,,,1,250.0
47.281427,15.99369,AT,Austria,,,1,250.0
48.039397,13.991102,AT,Austria,,,1,250.0
48.207304,16.219791,AT,Austria,Wien,,1,11.0
47.053086,15.74601,AT,Austria,St. Margarethen an der Raab,,1,300.0
48.287988,13.435026,AT,Austria,St. Martin im Innkreis,,2,22.0
47.975943,16.854406,AT,Austria,Burgenland,,1,350.0
47.468665,15.344083,AT,Austria,Steiermark,,1,350.0
48.21099,14.279478,AT,Austria,Ansfelden,,1,350.0
48.039206,13.990725,AT,Austria,,,1,350.0
48.183412,13.785334,AT,Austria,,,2,350.0
47.929356,13.50094,AT,Austria,Oberösterreich,,1,350.0
47.218571,10.731639,AT,Austria,Imst,,1,250.0
46.550105,13.698798,AT,Austria,Arnoldstein,,1,300.0
47.183459,16.162989,AT,Austria,Ollersdorf im Burgenland,,1,1.6
47.190842,16.421484,AT,Austria,Eisenberg an der Pinka,,1,1.4
47.008117,11.507238,AT,Austria,Gries,,1,300.0
47.723994,16.412153,AT,Austria,Marz,,1,11.0
48.210999,16.42181,AT,Austria,Vienna,,1,11.0
46.722908,14.096837,AT,Austria,Feldkirchen,,1,150.0
47.202161,14.792754,AT,Austria,Spielberg ,,1,50.0
48.178757,13.746984,AT,Austria,Aistersheim,,4,225.0
47.009091,15.440996,AT,Austria,Feldkirchen bei Graz,,1,300.0
47.973653,14.302062,AT,Austria,Steinbach an der Steyr,,1,22.0
48.191893,16.277689,AT,Austria,Wien,,1,11.0
47.405726,16.25661,AT,Austria,Bernstein,,1,11.0
46.568597,13.85636,AT,Austria,Finkenstein am Faaker See,,1,50.0
46.564208,13.907361,AT,Austria,Finkenstein am Faaker See,,1,22.0
47.281638,12.482977,AT,Austria,Mittersill,,1,11.0
47.280425,12.481817,AT,Austria,Mittersill,,2,150.0
46.779372,13.531682,AT,Austria,Spittal an der Drau,,1,250.0
47.648785,12.19715,AT,Austria,Niederndorf,,1,250.0
46.973762,15.501309,AT,Austria,Fernitz bei Graz,,5,150.0
47.120047,15.372268,AT,Austria,Gratkorn,,6,150.0
47.49006,14.485078,AT,Austria,Trieben,,5,50.0
46.566733,13.809502,AT,Austria,Finkenstein am Faaker See,,3,350.0
47.27279,9.617596,AT,Austria,Rankweil,,1,250.0
46.60169,13.883367,AT,Austria,Villach,,1,250.0
47.273137,11.476123,AT,Austria,Stadt Hall in Tirol,,1,250.0
47.588609,16.547446,AT,Austria,Horitschon,,1,11.0
46.696318,13.644075,AT,Austria,Kärnten,,1,150.0
46.690674,13.680999,AT,Austria,Kärnten,,3,51.0
46.615159,13.851007,AT,Austria,Villach,,1,300.0
46.611825,13.839717,AT,Austria,Villach,,3,50.0
46.597931,13.848953,AT,Austria,Villach,,1,225.0
48.156301,16.280763,AT,Austria,Vienna,,2,11.0
48.337851,14.368997,AT,Austria,Oberösterreich,,3,180.0
47.516117,12.424048,AT,Austria,Sankt Johann in Tirol,,1,11.0
46.6222,13.255953,AT,Austria,Gemeinde Hermagor-Pressegger See,,3,50.0
48.050599,13.766923,AT,Austria,Schwanenstadt,,1,11.0
48.060652,13.785467,AT,Austria,Schlatt,,3,150.0
46.751127,12.427225,AT,Austria,Sillian,,3,50.0
47.802291,16.620043,AT,Austria,Marktgemeinde Sankt Margarethen im Burgenland,,1,150.0
47.774144,16.529482,AT,Austria,Gemeinde Siegendorf,,2,300.0
48.16717,14.840357,AT,Austria,Ardagger Stift,,3,50.0
47.285747,16.184616,AT,Austria,Oberwart,,2,200.0
48.278299,14.273643,AT,Austria,Leonding,,1,22.0
47.490159,14.485385,AT,Austria,Trieben,,1,350.0
47.380511,15.096715,AT,Austria,Leoben,,1,22.0
47.903791,16.274311,AT,Austria,Sollenau,,2,11.0
47.222773,10.822963,AT,Austria,Roppen,,1,11.0
48.146763,16.286467,AT,Austria,Vienna,,1,11.0
47.803424,13.035653,AT,Austria,Salzburg,,1,0.0
48.157374,16.302425,AT,Austria,Wien,,1,22.0
48.148639,16.39632,AT,Austria,Wien,,1,11.0
48.340379,16.715657,AT,Austria,Gänserndorf,,1,22.0
48.24084,16.591911,AT,Austria,Raasdorf,,1,22.0
48.180935,14.026888,AT,Austria,Wels,,2,50.0
48.668562,16.629135,AT,Austria,Poysdorf,,2,22.0
48.586113,16.64544,AT,Austria,Gemeinde Wilfersdorf,,3,22.0
48.400126,13.746293,AT,Austria,Natternbach,,1,11.0
48.127489,16.326516,AT,Austria,Vösendorf,,1,11.0
48.668645,16.630296,AT,Austria,Poysdorf,,2,0.0
48.232641,16.417706,AT,Austria,Vienna,,1,22.0
48.267418,16.399491,AT,Austria,Neujedlersdorf,,2,22.0
48.243441,16.434376,AT,Austria,Vienna,,2,11.0
48.253214,16.406823,AT,Austria,Vienna,,1,11.0
48.253564,16.416535,AT,Austria,Vienna,,1,11.0
47.976792,16.852638,AT,Austria,Parndorf,,2,0.0
48.246527,16.397423,AT,Austria,Vienna,,2,11.0
48.07148,16.31585,AT,Austria,Wr. Neudorf,,1,22.0
47.98246,16.28475,AT,Austria,Oeynhausen,,1,11.0
48.12261,14.88634,AT,Austria,Amstetten (Stadt),,5,50.0
48.14701,13.97642,AT,Austria,Wels,,5,50.0
48.01098,13.92345,AT,Austria,Vorchdorf,,3,50.0
48.06658,14.034,AT,Austria,Sattledt,,6,225.0
48.21556,14.279524,AT,Austria,Ansfelden,,5,150.0
48.22227,14.40911,AT,Austria,Asten,,3,50.0
48.19687,14.52685,AT,Austria,St. Valentin,,3,50.0
48.124316,14.973367,AT,Austria,St. Georgen am Ybbsfeld,,5,50.0
48.15831,15.1124,AT,Austria,Gemeinde Bergland,,3,50.0
48.20445,15.21899,AT,Austria,Gemeinde Pöchlarn,,3,200.0
48.1898,15.40824,AT,Austria,Gemeinde Loosdorf,,3,50.0
48.17715,15.55327,AT,Austria,Gerersdorf,,5,150.0
48.18279,15.62005,AT,Austria,Sankt Pölten,,4,50.0
48.18794,15.76511,AT,Austria,Gemeinde Böheimkirchen,,5,150.0
48.157946,15.941816,AT,Austria,Gemeinde Altlengbach,,3,50.0
48.067966,16.0632,AT,Austria,Alland,,3,50.0
47.977215,16.282925,AT,Austria,Gemeinde Baden,,1,22.0
47.805555,16.212088,AT,Austria,Wiener Neustadt,,3,50.0
47.214781,14.831272,AT,Austria,Knittelfeld,,4,50.0
47.588371,15.660634,AT,Austria,Mürzzuschlag,,4,50.0
46.571426,13.697263,AT,Austria,Arnoldstein,,2,240.0
47.955956,16.218872,AT,Austria,Kottingbrunn,,3,50.0
46.604003,13.869255,AT,Austria,Villach,,6,300.0
46.613763,14.039509,AT,Austria,Velden am Wörthersee,,4,50.0
47.153389,14.409556,AT,Austria,Scheifling,,4,50.0
47.172131,14.632195,AT,Austria,Judenburg,,2,150.0
47.079273,14.424818,AT,Austria,Neumarkt in der Steiermark,,3,150.0
46.766277,14.377184,AT,Austria,St. Veit an der Glan,,2,50.0
47.3384,15.010635,AT,Austria,St. Michael in der Obersteiermark,,4,50.0
47.412433,15.275046,AT,Austria,Bruck an der Mur,,4,50.0
48.376077,16.513103,AT,Austria,Wolkersdorf,,1,22.0
48.381787,15.453533,AT,Austria,Wösendorf,,1,22.0
47.870983,16.091664,AT,Austria,Oberpiesting,,1,11.0
47.286,12.49991,AT,Austria,Mittersill,,2,50.0
47.527003,16.187634,AT,Austria,Gemeinde Krumbach,,2,60.0
47.55835,16.094131,AT,Austria,Gemeinde Aspang-Markt,,2,120.0
47.337255,11.841019,AT,Austria,Fügenberg,,1,11.0
46.713135,15.539284,AT,Austria,Gamlitz,,1,11.0
48.221159,14.406744,AT,Austria,Asten,,1,120.0
47.372431,10.886093,AT,Austria,Biberwier,,1,120.0
47.97987,16.843454,AT,Austria,Parndorf,,1,11.0
48.220545,14.40708,AT,Austria,Asten,,1,11.0
47.979182,16.285314,AT,Austria,Oeynhausen,,1,22.0
48.20987,16.167359,AT,Austria,Purkersdorf,,1,11.0
47.405557,12.898939,AT,Austria,Salzburg,,1,22.0
47.860024,13.126867,AT,Austria,Eugendorf,,3,150.0
47.114402,11.681149,AT,Austria,Tux,,1,22.0
48.038828,16.375982,AT,Austria,Münchendorf,,1,22.0
47.983375,16.289499,AT,Austria,Gemeinde Traiskirchen,,1,22.0
47.011744,16.00847,AT,Austria,Söchau,,1,3.7
47.284022,11.547034,AT,Austria,Gemeinde Mils,,1,22.0
47.091081,11.466648,AT,Austria,Marktgemeinde Steinach am Brenner,,1,11.0
47.099593,11.464018,AT,Austria,Marktgemeinde Steinach am Brenner,,3,50.0
47.227108,12.826552,AT,Austria,Fusch an der Großglocknerstraße,,1,22.0
47.223462,12.826884,AT,Austria,Fusch an der Großglocknerstraße,,1,11.0
47.080978,12.842803,AT,Austria,Heiligenblut am Großglockner,,1,11.0
47.428454,12.842286,AT,Austria,Bezirk Zell am See,,2,11.0
47.508831,12.048936,AT,Austria,Angerberg,,1,22.0
47.477122,11.973279,AT,Austria,Breitenbach am Inn,,2,22.0
47.439966,11.895631,AT,Austria,Radfeld,,1,22.0
47.430095,11.878767,AT,Austria,Brixlegg,,1,22.0
47.291844,11.032889,AT,Austria,Rietz,,4,150.0
47.391753,11.772025,AT,Austria,Jenbach,,1,22.0
47.430522,11.737383,AT,Austria,Eben am Achensee,,2,22.0
47.591031,12.174932,AT,Austria,Kufstein,,2,22.0
47.59374,12.176815,AT,Austria,Kufstein,,3,50.0
47.264009,11.374731,AT,Austria,Innsbruck,,1,22.0
47.276719,11.404516,AT,Austria,Innsbruck,,2,22.0
47.255571,11.381169,AT,Austria,Innsbruck,,2,22.0
47.397782,11.819247,AT,Austria,Gemeinde Strass im Zillertal,,1,22.0
47.284508,11.164483,AT,Austria,Gemeinde Pettnau,,4,150.0
47.478371,12.039313,AT,Austria,Stadt Wörgl,,1,22.0
47.485862,12.063478,AT,Austria,Stadt Wörgl,,4,50.0
47.490805,12.06136,AT,Austria,Stadt Wörgl,,1,22.0
47.395476,11.818385,AT,Austria,Gemeinde Strass im Zillertal,,3,22.0
47.403317,11.802937,AT,Austria,Gemeinde Wiesing,,3,130.0
47.397889,11.823498,AT,Austria,Gemeinde Strass im Zillertal,,3,50.0
47.534356,12.092912,AT,Austria,Gemeinde Langkampfen,,2,22.0
47.305678,11.64285,AT,Austria,Gemeinde Weer,,1,11.0
47.480218,10.735532,AT,Austria,Marktgemeinde Reutte,,3,75.0
47.303193,10.484633,AT,Austria,Häselgehr,,1,22.0
48.120352,14.86196,AT,Austria,Bezirk Amstetten,,1,11.0
47.353355,11.700646,AT,Austria,Marktgemeinde Vomp,,4,150.0
47.276943,11.474456,AT,Austria,Stadt Hall in Tirol,,1,22.0
47.276777,11.474323,AT,Austria,Stadt Hall in Tirol,,3,75.0
47.552777,13.648743,AT,Austria,Hallstatt,,2,22.0
47.239424,10.73783,AT,Austria,Stadt Imst,,1,11.0
48.178689,14.863834,AT,Austria,Ardagger,,2,11.0
47.277648,11.445927,AT,Austria,Marktgemeinde Rum,,1,13.2
47.265716,11.42582,AT,Austria,Innsbruck,,1,3.7
47.277005,11.440757,AT,Austria,Innsbruck,,4,50.0
47.273638,11.473827,AT,Austria,Stadt Hall in Tirol,,3,50.0
47.422798,11.750318,AT,Austria,Gemeinde Eben am Achensee,,1,150.0
47.270024,10.941322,AT,Austria,Gemeinde Silz,,1,22.0
47.510954,12.301696,AT,Austria,Gemeinde Ellmau,,1,22.0
47.262998,11.399995,AT,Austria,Innsbruck,,2,11.0
47.273139,11.396417,AT,Austria,Innsbruck,,2,22.0
47.263216,11.432334,AT,Austria,Innsbruck,,2,22.0
47.261194,11.431506,AT,Austria,Innsbruck,,3,50.0
47.381506,13.429506,AT,Austria,Bezirk St. Johann im Pongau,,3,50.0
47.150747,9.812164,AT,Austria,Gemeinde Bürs,,1,11.0
47.497598,9.745662,AT,Austria,Stadt Bregenz,,1,11.0
47.23482,9.587047,AT,Austria,Stadt Feldkirch,,1,11.0
47.404711,9.745629,AT,Austria,Stadt Dornbirn,,1,11.0
47.155474,9.814735,AT,Austria,Stadt Bludenz,,2,11.0
47.365966,9.682817,AT,Austria,Hohenems,,2,11.0
47.417858,9.739828,AT,Austria,Stadt Dornbirn,,2,11.0
47.258567,11.394981,AT,Austria,Innsbruck,,1,11.0
47.256624,11.325519,AT,Austria,Marktgemeinde Völs,,1,3.7
47.28085,11.50404,AT,Austria,Stadt Hall in Tirol,,1,22.0
47.304018,12.801723,AT,Austria,Bezirk Zell am See,,3,22.0
47.262195,11.428284,AT,Austria,Innsbruck,,3,50.0
47.287451,11.566077,AT,Austria,Gemeinde Volders,,1,22.0
47.29848,11.580753,AT,Austria,Marktgemeinde Wattens,,1,22.0
47.292095,11.601473,AT,Austria,Wattens,,1,22.0
47.308531,11.685252,AT,Austria,Gemeinde Weerberg,,1,22.0
47.336596,11.705198,AT,Austria,Stadt Schwaz,,1,22.0
47.34405,11.703621,AT,Austria,Stadt Schwaz,,1,11.0
47.382205,11.740262,AT,Austria,Gemeinde Stans,,2,22.0
47.26174,11.364883,AT,Austria,Innsbruck,,2,11.0
47.23645,11.274733,AT,Austria,Gemeinde Axams,,2,75.0
47.232956,11.292074,AT,Austria,Gemeinde Axams,,1,22.0
47.256452,11.41281,AT,Austria,,,1,22.0
47.262521,11.428216,AT,Austria,Innsbruck,,1,22.0
47.271649,11.387569,AT,Austria,Innsbruck,,1,22.0
47.274349,11.397841,AT,Austria,Innsbruck,,2,11.0
47.282068,12.646626,AT,Austria,Bezirk Zell am See,,1,22.0
47.277564,12.757258,AT,Austria,Kaprun,,1,0.0
47.276958,12.757407,AT,Austria,Kaprun,,2,22.0
47.277066,12.757509,AT,Austria,Kaprun,,1,150.0
47.254819,11.378418,AT,Austria,Innsbruck,,1,11.0
47.270993,10.967175,AT,Austria,Gemeinde Silz,,2,11.0
47.067105,10.967314,AT,Austria,Gemeinde Längenfeld,,1,22.0
47.195408,11.30035,AT,Austria,Gemeinde Axams,,1,22.0
47.23033,11.375739,AT,Austria,Gemeinde Natters,,1,22.0
47.13108,11.452086,AT,Austria,Marktgemeinde Matrei am Brenner,,1,22.0
47.418934,11.837785,AT,Austria,Gemeinde Münster,,1,22.0
47.448272,11.883232,AT,Austria,Gemeinde Kramsach,,1,22.0
47.461049,11.906793,AT,Austria,Gemeinde Kramsach,,2,22.0
47.449213,11.875619,AT,Austria,Gemeinde Kramsach,,1,22.0
47.468383,11.976247,AT,Austria,Marktgemeinde Kundl,,1,22.0
47.440287,11.702824,AT,Austria,Gemeinde Eben am Achensee,,1,22.0
47.456151,12.365882,AT,Austria,Stadt Kitzbühel,,1,11.0
47.45113,12.375409,AT,Austria,Stadt Kitzbühel,,1,11.0
47.451466,12.372703,AT,Austria,Stadt Kitzbühel,,1,22.0
47.490141,12.067333,AT,Austria,Stadt Wörgl,,1,22.0
47.581996,12.172184,AT,Austria,Stadt Kufstein,,1,22.0
47.329539,11.188942,AT,Austria,Gemeinde Seefeld in Tirol,,1,11.0
47.331544,11.110133,AT,Austria,Marktgemeinde Telfs,,1,22.0
47.264775,11.776769,AT,Austria,Gemeinde Fügenberg,,1,11.0
47.421846,11.863918,AT,Austria,Gemeinde Reith im Alpbachtal,,1,22.0
47.503997,9.73639,AT,Austria,Stadt Bregenz,,1,22.0
47.501834,9.746508,AT,Austria,Stadt Bregenz,,1,22.0
47.320023,11.719006,AT,Austria,Gemeinde Pill,,1,22.0
47.140154,10.290263,AT,Austria,Gemeinde Sankt Anton am Arlberg,,1,22.0
47.135604,10.274846,AT,Austria,Gemeinde Sankt Anton am Arlberg,,2,22.0
47.137897,10.179513,AT,Austria,Gemeinde Klösterle,,1,22.0
47.138338,10.161276,AT,Austria,Stuben,,1,22.0
47.139397,10.157999,AT,Austria,Gemeinde Klösterle,,1,22.0
47.282204,11.486225,AT,Austria,Stadt Hall in Tirol,,1,22.0
47.52025,12.577924,AT,Austria,Gemeinde St. Ulrich am Pillersee,,1,22.0
47.528068,12.575246,AT,Austria,Gemeinde St. Ulrich am Pillersee,,1,11.0
47.518417,12.413921,AT,Austria,Marktgemeinde St. Johann in Tirol,,1,22.0
47.594246,12.175926,AT,Austria,Stadt Kufstein,,1,22.0
47.595019,12.178163,AT,Austria,Stadt Kufstein,,1,22.0
47.65094,12.216335,AT,Austria,Gemeinde Niederndorf,,1,11.0
47.653764,12.316764,AT,Austria,Gemeinde Walchsee,,1,22.0
47.650572,12.32234,AT,Austria,Gemeinde Walchsee,,1,22.0
47.66028,12.404999,AT,Austria,Gemeinde Kössen,,1,22.0
47.269441,11.449707,AT,Austria,Innsbruck,,1,22.0
47.410959,12.033862,AT,Austria,Gemeinde Wildschönau,,1,22.0
47.444242,12.389888,AT,Austria,Stadt Kitzbühel,,1,11.0
47.418743,12.420931,AT,Austria,Gemeinde Aurach bei Kitzbühel,,1,22.0
47.269471,11.399298,AT,Austria,Innsbruck,,1,22.0
47.5827,12.160295,AT,Austria,Stadt Kufstein,,1,22.0
47.591864,12.177214,AT,Austria,Stadt Kufstein,,1,22.0
47.273049,11.428352,AT,Austria,Innsbruck,,1,22.0
47.277006,11.440746,AT,Austria,Innsbruck,,3,50.0
47.83994,13.255638,AT,Austria,Salzburg,,1,11.0
48.038568,14.423034,AT,Austria,Oberösterreich,,2,11.0
47.304722,10.964504,AT,Austria,Gemeinde Mieming,,2,22.0
47.226279,11.391246,AT,Austria,Innsbruck,,3,150.0
47.197219,11.397461,AT,Austria,Gemeinde Schönberg im Stubaital,,2,150.0
47.523466,12.100428,AT,Austria,Gemeinde Kirchbichl,,3,50.0
47.256828,11.351699,AT,Austria,Innsbruck,,1,22.0
47.265329,11.427215,AT,Austria,Innsbruck,,1,22.0
47.271733,11.24064,AT,Austria,Marktgemeinde Zirl,,1,11.0
47.276085,10.984415,AT,Austria,Gemeinde Stams,,3,11.0
47.258958,11.320404,AT,Austria,Marktgemeinde Völs,,1,11.0
47.28101,11.529435,AT,Austria,Gemeinde Mils,,1,22.0
47.128097,11.452997,AT,Austria,Matrei am Brenner,,1,11.0
47.316057,11.634857,AT,Austria,Gemeinde Terfens,,1,11.0
47.29229,11.592443,AT,Austria,Marktgemeinde Wattens,,1,22.0
47.287237,11.59227,AT,Austria,Marktgemeinde Wattens,,1,22.0
47.292223,11.588818,AT,Austria,Marktgemeinde Wattens,,1,22.0
47.295621,11.600562,AT,Austria,Marktgemeinde Wattens,,1,22.0
47.293403,11.5927,AT,Austria,Marktgemeinde Wattens,,1,22.0
47.288517,11.532369,AT,Austria,Mils,,1,22.0
47.291298,11.588386,AT,Austria,Marktgemeinde Wattens,,1,22.0
47.277672,11.494798,AT,Austria,Hall in Tirol,,3,50.0
47.279888,11.505574,AT,Austria,Stadt Hall in Tirol,,1,22.0
47.037043,15.478331,AT,Austria,Graz,,1,120.0
47.228551,15.809928,AT,Austria,Buchberg bei Herberstein,,1,22.0
48.412602,15.606501,AT,Austria,Krems an der Donau,,1,11.0
47.87426,16.248749,AT,Austria,Felixdorf,,1,22.0
48.135587,14.226683,AT,Austria,Neuhofen an der Krems,,1,11.0
47.873573,16.248836,AT,Austria,Felixdorf,,1,22.0
47.960719,16.202443,AT,Austria,Bad Vöslau,,1,11.0
47.983671,16.289616,AT,Austria,Oeynhausen,,1,11.0
48.252428,16.498563,AT,Austria,Wien,,1,11.0
48.106272,16.307627,AT,Austria,Brunn am Gebirge,,1,22.0
48.118948,16.288695,AT,Austria,Perchtoldsdorf,,5,50.0
48.157839,15.940398,AT,Austria,Steinhäusl,,1,350.0
47.374032,16.093669,AT,Austria,Pinkafeld,,1,350.0
47.327313,10.819309,AT,Austria,Nassereith,,1,350.0
47.789284,15.912011,AT,Austria,Puchberg am Schneeberg,,1,11.0
46.631459,13.438049,AT,Austria,Hermagor,,1,11.0
47.115402,13.134248,AT,Austria,Bad Gastein,,1,11.0
48.148496,16.277901,AT,Austria,Vienna,,2,11.0
47.20066,11.86645,AT,Austria,Schwendau,,1,22.0
47.830424,16.245017,AT,Austria,Wr. Neustadt,,3,22.0
47.792514,12.987364,AT,Austria,Salzburg-Umgebung,,2,175.0
48.278736,14.273486,AT,Austria,Leonding,,1,11.0
47.258061,11.376667,AT,Austria,Innsbruck,,2,150.0
47.242382,13.109452,AT,Austria,Dorfgastein,,1,9.0
48.166748,16.345207,AT,Austria,Wien,,1,22.0
47.068509,10.965654,AT,Austria,Laengenfeld,,1,11.0
48.201422,15.548954,AT,Austria,Gerersdorf,,1,22.0
46.665408,13.054987,AT,Austria,Dellach,,1,6.0
47.535572,16.658461,AT,Austria,Füles,,2,22.0
47.82875,16.535167,AT,Austria,Eisenstadt,,1,4.0
47.384887,12.545319,AT,Austria,Lodge,,1,22.0
46.979948,16.006131,AT,Austria,Hatzendorf,,1,11.0
47.375942,12.546761,AT,Austria,Hinterglemm,,1,17.0
47.700862,14.158941,AT,Austria,Hinterstoder,,1,22.0
47.144259,10.339329,AT,Austria,Pettneu am Arlberg,,1,4.0
47.136781,10.925562,AT,Austria,Umhausen,,1,22.0
47.168055,13.110655,AT,Austria,Bad Hofgastein,,1,8.0
48.196397,14.52822,AT,Austria,St. Valentin,,1,350.0
47.836676,13.395779,AT,Austria,Innerschwand am Mondsee,,1,350.0
47.129066,10.060559,AT,Austria,Klösterle,,1,350.0
46.959244,15.382045,AT,Austria,Dobl,,1,350.0
47.140914,9.924473,AT,Austria,Innerbraz,,1,350.0
47.366163,9.659167,AT,Austria,Hohenems,,1,350.0
48.425298,16.547783,AT,Austria,Wolfpassing an der Hochleithen,,1,350.0
48.056232,16.711973,AT,Austria,Göttlesbrunn,,1,350.0
46.639685,14.451405,AT,Austria,Dolina,,1,350.0
47.584781,13.157939,AT,Austria,Golling an der Salzach,,1,350.0
46.919943,13.579276,AT,Austria,Eisentratten,,1,350.0
47.519215,12.065526,AT,Austria,Angath,,1,350.0
48.120307,16.56299,AT,Austria,Wien,,3,100.0
46.627188,13.375594,AT,Austria,Hermagor-Pressegger See,,1,22.0
46.918577,12.510763,AT,Austria,Hopfgarten in Defereggen,,1,22.0
47.129516,13.137609,AT,Austria,Bad Gastein,,1,11.0
48.213979,15.624823,AT,Austria,St. Pölten,,1,22.0
47.056337,10.621295,AT,Austria,Fiss,,1,11.0
46.782546,13.657371,AT,Austria,Döbriach,,1,22.0
48.167327,14.041696,AT,Austria,Wels,,1,11.0
47.292561,16.19714,AT,Austria,Oberwart,,1,22.0
46.893054,10.49844,AT,Austria,Nauders,,1,22.0
48.33551,16.335925,AT,Austria,Korneuburg,,1,22.0
47.3276,11.180955,AT,Austria,Seefeld,,1,22.0
46.629798,14.355837,AT,Austria,Klagenfurt,,1,11.0
47.324173,12.798599,AT,Austria,Zell am See,,1,22.0
48.439369,15.786182,AT,Austria,Feuersbrunn,,1,22.0
46.810819,13.76971,AT,Austria,Bad Kleinkirchheim,,1,43.0
47.088624,15.733007,AT,Austria,Hofstätten an der Raab,,1,22.0
46.9345,15.4665,AT,Austria,Werndorf,,1,22.0
48.210352,14.27332,AT,Austria,Ansfelden,,2,50.0
48.139507,16.402577,AT,Austria,Wien,,1,22.0
48.201176,15.547633,AT,Austria,Gemeinde Gerersdorf,,1,22.0
47.534597,12.092972,AT,Austria,Langkampfen,,2,250.0
48.501193,14.592652,AT,Austria,St Oswald,,1,11.0
47.405593,12.901119,AT,Austria,Maria Alm am Steinernen Meer,,1,11.0
47.099667,15.417682,AT,Austria,Graz,,3,50.0
48.205593,15.638815,AT,Austria,Gemeinde St. Pölten,,3,50.0
48.138988,15.138216,AT,Austria,Gemeinde Wieselburg,,3,50.0
48.173321,16.366474,AT,Austria,Wien,,3,50.0
47.235741,11.881147,AT,Austria,Zellberg,,1,14.0
47.393153,12.636618,AT,Austria,Saalbach,,1,22.0
48.152811,14.012608,AT,Austria,Wels,,1,22.0
47.948863,16.941328,AT,Austria,Zurndorf,,1,22.0
48.384486,13.875233,AT,Austria,St. Agatha,,1,17.0
47.123979,10.255755,AT,Austria,St.Anton am Arlberg,,1,11.0
47.073298,10.450483,AT,Austria,See,,1,22.0
47.131185,13.136789,AT,Austria,Bad Gastein,,1,14.0
47.924335,15.082292,AT,Austria,Gaming,,1,22.0
47.087574,15.279883,AT,Austria,Sankt Oswald bei Plankenwarth,,1,7.4
48.03024,14.22099,AT,Austria,Bad Hall,,2,44.0
47.436835,11.883192,AT,Austria,Brixlegg,,1,44.0
47.348117,11.707349,AT,Austria,Schwaz,,1,44.0
47.346508,11.707941,AT,Austria,Schwaz,,1,22.0
48.145554,16.700585,AT,Austria,Orth an der Donau,,2,44.0
47.519097,12.097905,AT,Austria,Kirchbichl,,2,44.0
46.807519,12.793903,AT,Austria,Amlach,,1,22.0
46.801806,14.401953,AT,Austria,St. Veit an der Glan,,1,44.0
47.049526,15.150606,AT,Austria,Voitsberg,,2,44.0
47.579124,14.463529,AT,Austria,Admont,,1,22.0
46.783214,12.662289,AT,Austria,Assling,,2,120.0
46.816038,13.518851,AT,Austria,Seeboden am Millstätter See,,4,50.0
46.829461,12.773618,AT,Austria,Lienz,,1,22.0
48.368775,16.504583,AT,Austria,Wolkersdorf im Weinviertel,,2,44.0
46.747949,12.969139,AT,Austria,Oberdrauburg,,1,22.0
46.747167,12.420277,AT,Austria,Sillian,,1,22.0
46.671199,13.00092,AT,Austria,Kötschach-Mauthen,,4,50.0
47.008681,10.002359,AT,Austria,St. Gallenkirch,,1,11.0
47.051494,10.646614,AT,Austria,Ried im Oberinntal,,1,11.0
47.929392,16.16637,AT,Austria,Leobersdorf,,2,11.0
47.582541,12.172452,AT,Austria,Kufstein,,1,11.0
47.054663,10.615782,AT,Austria,Fiss,,1,11.0
47.263143,12.748824,AT,Austria,Kaprun,,1,11.0
47.339868,11.847437,AT,Austria,Fuegen,,1,17.0
47.055684,10.623414,AT,Austria,Fiss,,1,11.0
47.229638,11.385941,AT,Austria,Innsbruck Land,,1,22.0
47.202651,10.89123,AT,Austria,Oetz,,1,11.0
47.254184,12.271526,AT,Austria,Neukirchen a. Gr./Ven.,,1,22.0
48.211086,16.405357,AT,Austria,Wien,,1,11.0
47.03958,10.610199,AT,Austria,Serfaus,,1,11.0
47.155209,11.727727,AT,Austria,Tux,,1,11.0
47.434894,12.733702,AT,Austria,Leogang,,1,11.0
47.128074,10.263712,AT,Austria,St.Anton am Arlberg,,1,11.0
47.218749,15.624023,AT,Austria,Weiz,,1,14.0
46.973527,11.002724,AT,Austria,Soelden,,1,11.0
47.39257,12.636138,AT,Austria,Saalbach,,1,11.0
48.114743,16.296551,AT,Austria,Brunn am Gebirge,,1,11.0
47.260551,9.617235,AT,Austria,Feldkirch,,1,22.0
47.393809,12.632126,AT,Austria,Saalbach,,1,11.0
48.167244,13.656019,AT,Austria,Haag am Hausruck,,1,11.0
46.875221,11.031812,AT,Austria,Obergurgl,,1,22.0
47.107364,11.674235,AT,Austria,Tux,,1,11.0
47.951944,13.616275,AT,Austria,Schörfling am Attersee,,1,22.0
47.950968,13.672916,AT,Austria,Aurach am Hongar,,2,22.0
48.200959,15.889619,AT,Austria,Neulengbach,,1,22.0
48.201171,15.898597,AT,Austria,Neulengbach,,1,22.0
47.382509,15.096177,AT,Austria,Leoben,,1,22.0
47.077182,15.445866,AT,Austria,Graz,,1,11.0
48.216476,16.388316,AT,Austria,Wien,,2,11.0
48.165459,16.487634,AT,Austria,Wien,,1,11.0
48.366583,16.511075,AT,Austria,Wolkersdorf,,5,50.0
47.794453,15.912151,AT,Austria,Puchberg,,1,22.0
48.213475,15.625423,AT,Austria,St. Pölten ,,4,22.0
48.212971,15.628878,AT,Austria,St. Pölten ,,2,22.0
47.955104,13.606071,AT,Austria,Seewalchen,,1,22.0
48.561866,15.484464,AT,Austria,Jaidhof,,3,22.0
48.283934,14.29188,AT,Austria,Linz,,2,50.0
48.191708,15.893436,AT,Austria,Neulengbach,,3,50.0
47.057299,13.619012,AT,Austria,Rennweg,,1,17.0
47.167683,11.866111,AT,Austria,,,1,11.0
46.702496,15.540093,AT,Austria,Gamlitz,,1,11.0
48.590649,14.173765,AT,Austria,,,1,11.0
47.472983,11.467108,AT,Austria,Hinterriss,,1,22.0
47.498062,12.198091,AT,Austria,,,1,11.0
47.347217,11.707369,AT,Austria,,,2,22.0
48.461037,15.69598,AT,Austria,Gobelsburg,,1,11.0
47.057719,13.613949,AT,Austria,Rennweg am Katschberg,,1,22.0
47.071295,15.577911,AT,Austria,Laßnitzhöhe,,1,120.0
47.379274,12.602683,AT,Austria,Saalbach,,1,11.0
47.170626,10.161809,AT,Austria,Zuers,,1,17.0
47.421431,11.751591,AT,Austria,,,1,22.0
47.482136,12.83139,AT,Austria,Saalfelden,,1,11.0
47.929174,13.50149,AT,Austria,St. Georgen im Attergau,,3,50.0
48.258164,16.398997,AT,Austria,Wien,,1,11.0
47.02946,15.400386,AT,Austria,Graz,,1,22.0
48.415122,15.773839,AT,Austria,Grafenwörth,,1,22.0
46.629642,14.355684,AT,Austria,Klagenfurt,,1,11.0
46.629569,14.355347,AT,Austria,Klagenfurt,,1,50.0
48.367833,16.512222,AT,Austria,Wolkersdorf,,1,11.0
47.46373,10.718021,AT,Austria,Reutte,,2,22.0
47.426952,10.941713,AT,Austria,Reutte (Außerfern),,2,11.0
47.21855,10.733414,AT,Austria,Imst,,1,22.0
47.2209,10.752239,AT,Austria,Karrösten,,5,50.0
47.229496,10.744207,AT,Austria, Imst,,2,22.0
47.164231,11.862303,AT,Austria,Mayrhofen,,1,0.0
46.804297,15.556515,AT,Austria,Gralla,,3,50.0
47.93037,15.491026,AT,Austria,Türnitz,,1,11.0
47.071816,15.577578,AT,Austria,Laßnitzhöhe,,1,11.0
47.262608,11.392949,AT,Austria,Innsbruck,,1,22.0
47.281096,11.533663,AT,Austria,Mils,,1,22.0
47.474113,11.981604,AT,Austria,Kundl,,1,22.0
47.263482,11.372222,AT,Austria,Innsbruck,,1,22.0
48.312294,16.6127,AT,Austria,Strasshof,,1,22.0
46.723469,15.95158,AT,Austria,Halbenrain,,1,11.0
47.484046,10.727033,AT,Austria,Reutte in Tirol,,2,22.0
47.48063,10.725716,AT,Austria,Reutte,,5,50.0
47.305119,11.067973,AT,Austria,Telfs,,1,22.0
47.303626,11.069414,AT,Austria,Telfs,,1,22.0
47.171474,11.383453,AT,Austria,Mieders,,3,50.0
47.261838,11.264485,AT,Austria,Kematen in Tirol Austria,,1,32.0
47.269435,12.754842,AT,Austria,Kaprun,,1,22.0
47.914492,13.986949,AT,Austria,Pettenbach,,1,11.0
47.409222,12.920642,AT,Austria,Maria Alm,,1,11.0
46.824543,15.437547,AT,Austria,St. Nikolai im Sausal,,1,22.0
47.406216,12.901891,AT,Austria,Maria Alm,,1,11.0
47.310318,10.888786,AT,Austria,Obsteig,,1,11.0
47.233372,11.327027,AT,Austria,Götzens,,1,22.0
47.369904,16.122809,AT,Austria,Pinkafeld,,1,22.0
47.34757,11.852016,AT,Austria,Fuegen,,1,11.0
46.717074,13.304663,AT,Austria,Weissensee,,1,11.0
46.81706,13.512237,AT,Austria,Seeboden,,2,22.0
47.97167,13.106158,AT,Austria,Mattsee,,1,14.0
47.037149,10.974212,AT,Austria,Laengenfeld,,1,17.0
47.236726,11.894267,AT,Austria,Zell am Ziller,,1,11.0
47.398122,10.887652,AT,Austria,Lermoos,,1,11.0
47.193263,10.907041,AT,Austria,Oetz,,1,11.0
46.683256,15.536462,AT,Austria,Gamlitz,,1,17.0
47.391018,12.644573,AT,Austria,Saalbach,,1,22.0
47.351814,9.88221,AT,Austria,Mellau,,1,11.0
46.55198,14.42746,AT,Austria,Sankt Margareten,,1,17.0
48.372668,16.639422,AT,Austria,Auersthal,,1,14.0
47.387456,10.938515,AT,Austria,Ehrwald,,2,11.0
47.404753,10.87782,AT,Austria,Lermoos,,3,100.0
48.220055,16.354017,AT,Austria,Wien,,2,11.0
48.23759,16.47857,AT,Austria,Wien,,1,11.0
48.159558,16.385148,AT,Austria,Wien,,1,50.0
48.223537,16.369578,AT,Austria,Vienna,,2,22.0
48.164774,16.333619,AT,Austria,Vienna,,1,22.0
48.564032,16.636891,AT,Austria,Mistelbach,,3,50.0
46.995103,15.446119,AT,Austria,Feldkirchen,,1,11.0
47.273099,12.762005,AT,Austria,Kaprun,,1,11.0
47.261675,12.744231,AT,Austria,Kaprun,,1,22.0
47.315721,13.137211,AT,Austria,Schwarzach,,1,22.0
46.658114,14.87372,AT,Austria,Lavamünd,,1,22.0
46.631725,13.829329,AT,Austria,Villach,,1,11.0
47.637356,13.767322,AT,Austria,Altaussee,,1,17.0
47.385717,12.65693,AT,Austria,Saalbach,,1,11.0
47.293005,13.458144,AT,Austria,Altenmarkt im Pongau,,1,14.0
47.438042,12.735936,AT,Austria,Leogang,,1,22.0
46.669504,12.990689,AT,Austria,Koetschach-Mauthen,,1,11.0
48.385495,16.212156,AT,Austria,Stockerau,,1,22.0
46.742843,14.840519,AT,Austria,St. Andrae,,1,11.0
47.75518,13.033735,AT,Austria,Salzburg,,1,11.0
47.651166,12.319867,AT,Austria,Walchsee,,1,11.0
47.742077,13.436481,AT,Austria,St. Wolfgang,,1,11.0
48.017833,15.597071,AT,Austria,Lilienfeld,,1,11.0
47.965559,16.839746,AT,Austria,Neusiedl am See,,1,22.0
46.870391,13.328946,AT,Austria,Kolbnitz,,1,22.0
48.3001,13.6376,AT,Austria,Riedau,,1,22.0
46.586523,13.925681,AT,Austria,Drobollach,,1,17.0
47.324079,12.799079,AT,Austria,Zell am See,,1,14.0
46.637061,14.137791,AT,Austria,Poertschach am Woerthersee,,1,11.0
47.036777,10.60816,AT,Austria,Serfaus,,1,11.0
47.311979,11.147945,AT,Austria,Moesern,,1,22.0
47.407023,13.633369,AT,Austria,Ramsau,,1,22.0
47.392612,12.636969,AT,Austria,Saalbach,,1,22.0
47.41756,11.878755,AT,Austria,Reith im Alpbachtal,,1,11.0
46.717782,13.289482,AT,Austria,Weissensee,,1,17.0
47.581307,13.534471,AT,Austria,Gosau,,1,22.0
46.983187,16.109947,AT,Austria,Loipersdorf bei Fuerstenfeld,,1,22.0
48.253012,16.41362,AT,Austria,Vienna,,1,11.0
48.914719,15.328548,AT,Austria,Dobersberg,,1,11.0
47.521569,12.428039,AT,Austria,St Johann in Tirol,,1,11.0
47.388084,12.61991,AT,Austria,Saalbach,,1,11.0
47.014422,10.295886,AT,Austria,Ischgl,,1,11.0
47.268873,15.896272,AT,Austria,Poellau,,1,17.0
48.040661,13.538871,AT,Austria,Neukirchen an der Voeckla,,1,6.0
46.723302,13.267861,AT,Austria,Weissensee,,1,11.0
47.217398,10.138452,AT,Austria,Lech am Arlberg,,1,6.0
47.171624,16.148014,AT,Austria,Stegersbach,,1,11.0
48.217133,16.389555,AT,Austria,Wien,,1,11.0
46.023387,7.751295,AT,Austria,Tux,,1,11.0
47.010822,10.288108,AT,Austria,Ischgl,,2,22.0
48.367184,15.72077,AT,Austria,Traismauer,,3,22.0
47.481479,10.680931,AT,Austria,Waengle,,1,17.0
47.334346,10.163152,AT,Austria,Mittelberg im Kleinwalsertal,,1,22.0
46.631098,14.636901,AT,Austria,Kühnsdorf,,1,11.0
46.827506,14.831425,AT,Austria,Wolfsberg,,1,11.0
46.965197,11.006971,AT,Austria,Soelden,,1,22.0
47.346961,13.394687,AT,Austria,Flachau,,1,17.0
46.614739,14.042993,AT,Austria,Velden am Woerthersee,,1,22.0
48.20577,15.618651,AT,Austria,St. Pölten,,1,120.0
47.345761,11.850167,AT,Austria,Fuegen,,1,22.0
47.450026,12.158881,AT,Austria,Hopfgarten,,1,22.0
47.51396,10.458227,AT,Austria,Schattwald,,1,22.0
47.335623,11.187452,AT,Austria,Seefeld,,1,22.0
47.641584,13.772419,AT,Austria,Altaussee,,1,11.0
47.30714,10.986049,AT,Austria,Mieming,,1,14.0
47.642505,13.775195,AT,Austria,Altaussee,,1,11.0
47.456452,9.964185,AT,Austria,Hittisau,,1,22.0
47.027152,15.434114,AT,Austria,Graz-Puntigam,,1,22.0
47.480774,16.091809,AT,Austria,Schäffern,,3,50.0
48.201429,16.391018,AT,Austria,Wien,,1,22.0
47.56631,13.343768,AT,Austria,Abtenau,,1,11.0
47.07098,10.645255,AT,Austria,Ladis,,1,11.0
46.954466,11.014376,AT,Austria,Soelden,,1,11.0
48.514477,15.861341,AT,Austria,Ebersbrunn,,2,11.0
48.065258,15.467648,AT,Austria,Rabenstein an der Pielach,,3,11.0
47.284731,12.57265,AT,Austria,Uttendorf,,1,14.0
47.20581,10.889921,AT,Austria,Oetz,,1,11.0
47.378829,12.599673,AT,Austria,Hinterglemm,,1,22.0
47.039274,10.601762,AT,Austria,Serfaus,,1,22.0
46.615718,14.047402,AT,Austria,Velden,,1,8.0
46.68803,15.448459,AT,Austria,Leutschach an der Weinstrasse,,1,22.0
47.021894,9.983571,AT,Austria,St. Gallenkirch,,1,14.0
47.454108,12.396735,AT,Austria,Kitzbuehel,,1,17.0
47.267837,11.391366,AT,Austria,Innsbruck,,1,22.0
47.061079,16.239073,AT,Austria,Gerersdorf,,1,11.0
47.054165,10.613886,AT,Austria,Fiss,,1,17.0
47.135297,13.678615,AT,Austria,Mauterndorf,,1,14.0
47.230086,11.37686,AT,Austria,Mutters,,1,17.0
47.528237,12.250041,AT,Austria,Scheffau am wilden Kaiser,,1,22.0
47.929278,13.501932,AT,Austria,St. Georgen,,1,120.0
47.259777,12.319152,AT,Austria,Bramberg am Wildkogel,,1,11.0
47.432478,12.42629,AT,Austria,Kitzbuehel,,1,22.0
47.172603,13.104047,AT,Austria,Bad Hofgastein,,1,22.0
47.376337,13.632618,AT,Austria,Schladming,,1,14.0
46.680576,15.506829,AT,Austria,Gamlitz,,1,14.0
48.20963,13.486026,AT,Austria,Ried im Innkreis,,1,11.0
47.249595,13.554988,AT,Austria,Obertauern,,1,22.0
47.267231,12.749203,AT,Austria,Kaprun,,1,11.0
46.747886,14.319765,AT,Austria,St. Veit an der Glan,,1,22.0
47.94618,14.357454,AT,Austria,445,,1,11.0
47.230887,15.866332,AT,Austria,Kaindorf bei Hartberg,,1,17.0
47.667788,12.395684,AT,Austria,Koessen,,1,22.0
46.660322,15.516062,AT,Austria,Leutschach,,1,11.0
47.099123,13.63461,AT,Austria,St. Michael im Lungau,,1,22.0
48.27939,16.146153,AT,Austria,Mauerbach bei Wien,,1,14.0
46.57251,14.291849,AT,Austria,Maria Rain,,1,22.0
47.247556,13.562921,AT,Austria,Obertauern,,1,22.0
47.062152,15.440579,AT,Austria,Graz,,1,22.0
47.280335,9.879452,AT,Austria,Damüls,,1,22.0
47.27602,13.322451,AT,Austria,Kleinarl,,1,17.0
47.055528,10.616628,AT,Austria,Fiss,,1,11.0
47.416962,10.790209,AT,Austria,Bichlbach,,1,11.0
47.040653,10.598128,AT,Austria,Serfaus,,1,11.0
47.262114,10.351588,AT,Austria,Holzgau,,1,17.0
47.586908,12.563984,AT,Austria,Waidring,,1,17.0
48.186904,16.343918,AT,Austria,Wien,,1,11.0
46.863884,13.828677,AT,Austria,9,,1,22.0
47.390608,11.824223,AT,Austria,Strass im Zillertal,,1,11.0
46.812445,15.247475,AT,Austria,Deuschlandsberg,,1,11.0
47.495878,12.395087,AT,Austria,Oberndorf in Tirol,,1,22.0
47.055879,10.622348,AT,Austria,Fiss,,1,11.0
48.192878,16.315904,AT,Austria,Wien,,1,22.0
47.448533,12.26133,AT,Austria,Brixen im Thale,,1,11.0
47.013998,10.287646,AT,Austria,Ischgl,,1,11.0
47.052359,10.357516,AT,Austria,Kappl,,1,22.0
46.977473,10.983471,AT,Austria,Hochsoelden,,1,22.0
46.716643,13.30845,AT,Austria,Weissensee,,1,11.0
47.77986,17.032634,AT,Austria,Andau,,1,22.0
47.286047,11.497228,AT,Austria,Hall in Tirol,,3,11.0
46.962524,11.005562,AT,Austria,Sölden,,1,11.0
46.723927,12.766768,AT,Austria,St. Lorenzen,,1,14.0
47.162402,11.745312,AT,Austria,Tux,,1,22.0
48.676461,16.622836,AT,Austria,Poysdorf,,1,120.0
47.159686,16.006935,AT,Austria,Bad Waltersdorf,,1,22.0
46.985469,10.026192,AT,Austria,Gaschurn,,1,11.0
47.451097,12.246622,AT,Austria,Brixen im Thale,,1,22.0
46.655961,13.881045,AT,Austria,Treffen,,1,11.0
47.934015,13.479013,AT,Austria,St. Georgen im Attergau,,1,11.0
47.073946,10.648366,AT,Austria,Ladis,,1,14.0
47.516453,13.449685,AT,Austria,Annaberg,,1,11.0
47.271793,12.339597,AT,Austria,Bramberg am Wildkogel,,1,22.0
47.040029,10.603197,AT,Austria,Serfaus,,1,11.0
47.443155,15.287829,AT,Austria,Kapfenberg,,1,22.0
46.718982,15.553422,AT,Austria,Gamlitz,,1,11.0
47.48848,9.739919,AT,Austria,Bregenz,,1,120.0
48.182302,16.378192,AT,Austria,Wien,,1,14.0
47.329016,11.189884,AT,Austria,Seefeld,,1,22.0
46.967812,10.870289,AT,Austria,St. Leonhard im Pitztal,,1,22.0
46.917705,13.240001,AT,Austria,Kaernten,,1,17.0
47.246383,15.724347,AT,Austria,Floing,,1,11.0
47.057739,10.617573,AT,Austria,Fiss,,1,22.0
47.40154,10.88179,AT,Austria,Lermoos,,2,22.0
47.427845,12.214093,AT,Austria,Westendorf,,1,22.0
48.4362,15.8971,AT,Austria,Kirchberg am Wagram,,1,22.0
47.487573,12.52954,AT,Austria,Fieberbrunn,,1,22.0
47.052776,10.629116,AT,Austria,Fiss,,1,22.0
47.585032,12.575074,AT,Austria,Waidring,,1,11.0
47.056734,13.611859,AT,Austria,Rennweg,,1,22.0
47.21059,11.015622,AT,Austria,Kühtai,,1,22.0
46.715996,13.313415,AT,Austria,Weissensee,,1,11.0
47.215169,11.027769,AT,Austria,Kühtai,,1,22.0
48.004758,13.921438,AT,Austria,Vorchdorf,,1,22.0
47.046171,10.862758,AT,Austria,St. Leonhard,,1,11.0
47.039721,10.608864,AT,Austria,Serfaus,,1,22.0
47.81806,13.079472,AT,Austria,Salzburg,,1,17.0
46.801427,13.573133,AT,Austria,Millstatt,,1,11.0
48.196677,15.641387,AT,Austria,St. Pölten,,1,22.0
47.617543,13.809711,AT,Austria,Bad Aussee,,1,14.0
48.180841,14.521776,AT,Austria,St. Valentin,,1,22.0
47.171187,13.105918,AT,Austria,Bad Hofgastein,,1,11.0
47.213577,11.022697,AT,Austria,Kuehtai,,1,22.0
47.816741,13.042017,AT,Austria,Salzburg,,3,22.0
48.137056,16.90425,AT,Austria,Bad Deutschaltenburg,,1,22.0
48.26894,15.686715,AT,Austria,Herzogenburg,,1,11.0
48.472162,16.141473,AT,Austria,Göllersdorf,,1,22.0
48.529541,14.303044,AT,Austria,Bad Leonfelden,,1,17.0
46.564446,13.273342,AT,Austria,Hermagor,,1,22.0
46.631783,13.357002,AT,Austria,9,,1,11.0
47.038222,10.604726,AT,Austria,Serfaus,,1,14.0
47.245218,13.19583,AT,Austria,Grossarl,,1,22.0
47.334103,13.308091,AT,Austria,Wagrain,,1,22.0
47.883179,13.522486,AT,Austria,Nussdorf am Attersee,,1,11.0
47.973758,13.10251,AT,Austria,Mattsee,,1,17.0
46.884626,11.037467,AT,Austria,Obergurgl,,1,22.0
47.139136,10.158761,AT,Austria,Stuben am Arlberg,,1,11.0
48.21483,16.340203,AT,Austria,Wien,,1,14.0
47.127277,11.697768,AT,Austria,Hintertux,,1,11.0
46.975188,10.868474,AT,Austria,St. Leonhard im Pitztal,,1,11.0
47.091548,10.666754,AT,Austria,Prutz,,3,50.0
47.226567,12.041923,AT,Austria,Gerlos,,1,2.3
48.186323,15.411892,AT,Austria,Loosdorf,,1,22.0
47.6702,12.40561,AT,Austria,Kössen,,1,11.0
47.527313,12.424598,AT,Austria,St. Johann in Tirol,,1,11.0
47.43301,12.2164,AT,Austria,Westendorf,,1,22.0
48.461404,15.721704,AT,Austria,Hadersdorf am Kamp,,3,22.0
47.5044,14.1212,AT,Austria,Aigen im Ennstal,,1,22.0
48.0475,16.3817,AT,Austria,Münchendorf,,1,22.0
48.425499,16.548136,AT,Austria,Wolfpassing an der Hochleithen,,4,50.0
47.038318,10.608458,AT,Austria,Serfaus,,1,14.0
47.602657,16.621746,AT,Austria,Deutschkreutz,,1,17.0
47.216828,10.136629,AT,Austria,Lech am Arlberg,,1,22.0
47.511744,12.292116,AT,Austria,Ellmau,,1,11.0
46.612704,13.280276,AT,Austria,Jenig,,1,22.0
47.054367,10.611416,AT,Austria,Fiss,,1,17.0
47.028382,10.74456,AT,Austria,Kaunertal,,1,11.0
47.354676,13.385812,AT,Austria,Flachau,,1,150.0
48.191003,14.120802,AT,Austria,Marchtrenk,,1,22.0
46.958463,11.012562,AT,Austria,Soelden,,1,14.0
47.321406,13.195097,AT,Austria,St. Johann im Pongau,,1,14.0
47.147856,10.570381,AT,Austria,Obertauern,,1,11.0
47.273061,12.759582,AT,Austria,Kaprun,,1,22.0
47.38566,13.413064,AT,Austria,Altenmarkt im Pongau,,1,11.0
47.362686,10.181327,AT,Austria,Riezlern,,1,22.0
48.159137,14.022716,AT,Austria,Wels,,1,11.0
47.172509,13.100316,AT,Austria,Bad Hofgastein,,1,22.0
47.445379,12.392179,AT,Austria,Kitzbuehel,,1,22.0
46.692646,15.608899,AT,Austria,,,1,14.0
48.583293,15.149501,AT,Austria,,,1,11.0
47.375503,13.472954,AT,Austria,,,1,14.0
47.321797,12.79588,AT,Austria,,,1,22.0
46.99302,15.773144,AT,Austria,,,1,11.0
47.167462,11.861239,AT,Austria,Mayrhofen,,1,22.0
47.113196,11.310413,AT,Austria,Neustift im Stubaital,,1,22.0
48.194409,14.11134,AT,Austria,Marchtrenk,,1,17.0
48.333591,14.319295,AT,Austria,Linz,,5,50.0
48.073406,14.051429,AT,Austria,Sattledt,,5,50.0
48.206444,16.222776,AT,Austria,Wien,,5,50.0
48.086076,16.296437,AT,Austria,Gemeinde Mödling,,1,11.0
46.750046,12.434633,AT,Austria,,,1,22.0
46.95461,11.015102,AT,Austria,,,1,11.0
47.64395,12.291053,AT,Austria,,,1,22.0
46.8852,15.518688,AT,Austria,,,1,11.0
48.17935,16.362278,AT,Austria,,,1,17.0
48.282197,15.065186,AT,Austria,,,1,14.0
47.34654,13.196214,AT,Austria,,,1,11.0
47.280433,9.880837,AT,Austria,,,1,11.0
47.991447,12.956771,AT,Austria,,,1,22.0
47.400089,10.925102,AT,Austria,,,1,22.0
48.105482,16.310274,AT,Austria,Brunn am Gebirge,,5,50.0
47.074598,12.752074,AT,Austria,Heiligenblut,,1,22.0
46.987969,13.171639,AT,Austria,Mallnitz,,1,22.0
46.980322,13.051603,AT,Austria,Flattach,,1,22.0
47.806767,13.049689,AT,Austria,Salzburg,,1,22.0
47.107967,11.673997,AT,Austria,Hintertux,,1,17.0
47.433911,11.733963,AT,Austria,Eben am Achensee,,1,11.0
46.935754,13.110656,AT,Austria,Flattach,,4,50.0
47.1538,10.1034,AT,Austria,Warth,,1,16.0
48.260296,13.036219,AT,Austria,Braunau,,1,11.0
47.467038,12.349957,AT,Austria,Reith bei Kitzbuehel,,1,11.0
47.497102,13.373558,AT,Austria,St. Martin,,1,22.0
47.888191,15.281507,AT,Austria,Gösing an der Mariazellerbahn,,1,22.0
48.505667,13.732856,AT,Austria,Engelhartszell an der Donau,,1,2.3
47.078749,13.344964,AT,Austria,Malta,,1,22.0
47.441035,12.716708,AT,Austria,Leogang,,1,22.0
47.054634,13.611378,AT,Austria,Rennweg,,1,22.0
47.515947,12.418339,AT,Austria,St. Johann,,1,11.0
47.260557,10.176416,AT,Austria,Warth,,1,22.0
46.811392,13.78737,AT,Austria,Bad Kleinkirchheim,,1,22.0
46.814446,13.79761,AT,Austria,Bad Kleinkirchheim,,1,11.0
47.44931,12.378284,AT,Austria,Kitzbuhel,,1,11.0
47.389677,13.611501,AT,Austria,Schladming,,1,11.0
47.125353,16.04645,AT,Austria,Bad Blumau,,1,22.0
46.993389,10.018641,AT,Austria,Gaschurn,,1,11.0
47.49991,12.569326,AT,Austria,Sankt Jakob in Haus,,1,22.0
47.078993,9.921056,AT,Austria,Schruns,,1,17.0
47.283875,9.892699,AT,Austria,Damuels,,1,11.0
46.721539,15.558626,AT,Austria,Gamlitz,,1,11.0
47.174405,13.104756,AT,Austria,Bad Hofgastein,,1,22.0
47.519865,12.275659,AT,Austria,Ellmau,,1,11.0
47.383957,12.416901,AT,Austria,Jochberg,,1,22.0
48.035103,16.808527,AT,Austria,Bezirk Bruck an der Leitha,,3,44.0
47.127035,13.141409,AT,Austria,Bad Gastein,,3,22.0
47.447216,12.391961,AT,Austria,Kitzbühel,,2,0.0
47.299467,12.787233,AT,Austria,Zell am See,,1,22.0
47.453712,13.474096,AT,Austria,Filzmoos,,1,22.0
47.566438,13.51959,AT,Austria,Gosau,,1,22.0
47.058768,13.615493,AT,Austria,Rennweg am Katschberg,,1,22.0
47.232644,12.993426,AT,Austria,Rauris,,1,11.0
47.057928,13.615156,AT,Austria,Rennweg am Katschberg,,1,22.0
47.724528,12.906581,AT,Austria,Salzburg,,1,22.0
47.450332,15.317611,AT,Austria,Kapfenberg,,1,120.0
47.962856,14.775617,AT,Austria,Waidhofen an der Ybbs,,1,22.0
47.502537,10.552732,AT,Austria,Gran,,1,22.0
48.75801,15.950126,AT,Austria,Retz,,1,22.0
47.302755,13.506999,AT,Austria,Untertauern,,1,22.0
47.890311,13.199724,AT,Austria,Henndorf,,1,11.0
48.618567,13.893415,AT,Austria,Peilstein i.M.,,1,14.0
47.229739,12.045904,AT,Austria,Gerols,,1,14.0
47.286403,11.494782,AT,Austria,Hall,,1,11.0
47.420704,13.675683,AT,Austria,Ramsau,,1,11.0
47.020278,9.974865,AT,Austria,10a,,1,11.0
47.585556,13.528637,AT,Austria,Gosau,,1,22.0
48.234657,16.3937,AT,Austria,Wien,,6,50.0
48.309849,16.323963,AT,Austria,Klosterneuburg,,3,22.0
47.298469,10.927539,AT,Austria,Obsteig,,1,22.0
47.776038,12.992191,AT,Austria,Wals,,1,22.0
46.643877,15.513646,AT,Austria,Leutschach,,1,11.0
48.057671,14.895556,AT,Austria,Neuhofen an der Ybbs,,1,22.0
47.414938,11.209678,AT,Austria,Leutasch,,1,11.0
47.495012,10.523145,AT,Austria,Tannheim,,1,11.0
47.31707,10.82963,AT,Austria,Niederthai,,1,22.0
47.055153,10.609692,AT,Austria,Fiss,,1,22.0
47.938961,13.467559,AT,Austria,St. Georgen im Attergau,,1,11.0
47.4093,12.980014,AT,Austria,Maria Alm-Hinterthal,,1,22.0
47.040421,10.598153,AT,Austria,Serfaus,,1,11.0
48.267659,15.03854,AT,Austria,St. Oswald,,1,14.0
46.810499,13.781727,AT,Austria,Bad Kleinkirchheim,,1,22.0
47.327746,11.187788,AT,Austria,Seefeld,,1,17.0
46.818849,12.754325,AT,Austria,Lienz,,1,22.0
47.163789,11.860996,AT,Austria,Mayrhofen,,1,22.0
47.289883,9.656151,AT,Austria,Rothis,,1,22.0
46.875567,15.908309,AT,Austria,Bad Gleichenberg,,1,22.0
47.230649,11.408816,AT,Austria,Innsbruck,,1,22.0
48.386203,16.215588,AT,Austria,Stockerau,,1,21.0
47.262738,12.746234,AT,Austria,Kaprun,,1,17.0
47.149885,15.666752,AT,Austria,St. Ruprecht an der Raab,,1,11.0
48.223068,15.635872,AT,Austria,St. Polten,,1,11.0
47.76207,16.801175,AT,Austria,Illmitz,,1,22.0
47.319797,11.554122,AT,Austria,Gnadenwald,,1,22.0
47.412277,9.714029,AT,Austria,Dornbirn,,1,22.0
46.634356,14.120472,AT,Austria,Portschach,,1,22.0
47.127317,10.21365,AT,Austria,St. Anton am Arlberg,,1,22.0
48.47392,15.67455,AT,Austria,Langenlois,,1,11.0
47.269147,12.752638,AT,Austria,Kaprun,,1,22.0
47.892819,16.922812,AT,Austria,Gols,,1,11.0
46.818403,13.553474,AT,Austria,Laubendorf,,1,11.0
46.726839,15.581139,AT,Austria,Ehrenhausen,,1,22.0
47.39026,11.264504,AT,Austria,Scharnitz,,1,14.0
47.373937,12.418952,AT,Austria,Jochberg,,1,22.0
48.318535,16.055553,AT,Austria,Tulln an der Donau,,3,22.0
48.163857,14.028541,AT,Austria,Wels,,1,14.0
46.67904,15.562442,AT,Austria,Gamlitz,,1,14.0
46.80181,13.574925,AT,Austria,Millstatt,,1,17.0
47.332618,13.301255,AT,Austria,Salzburg,,1,22.0
47.169474,11.38203,AT,Austria,Mieders,,1,22.0
48.263956,15.131617,AT,Austria,Münichreith am Ostrong,,2,22.0
47.139908,10.158462,AT,Austria,Stuben am Arlberg,,1,22.0
47.235541,9.598113,AT,Austria,Feldkirch,,1,22.0
46.748803,13.14511,AT,Austria,Berg im Drautal,,1,22.0
47.462465,10.620057,AT,Austria,Nesselwaengle,,1,22.0
47.66421,13.123382,AT,Austria,Vigaun,,1,14.0
47.363969,16.24024,AT,Austria,Mariasdorf,,1,22.0
47.254273,9.578349,AT,Austria,Feldkirch,,1,22.0
47.449601,12.156627,AT,Austria,Hopfgarten,,1,14.0
47.584664,12.066231,AT,Austria,Thiersee,,1,14.0
47.211268,11.008538,AT,Austria,Kuhtai,,1,22.0
47.792574,12.988315,AT,Austria,Wals - Himmelreich,,1,22.0
47.545322,15.522278,AT,Austria,St. Barbara-Mitterdorf,,1,22.0
48.383177,13.512836,AT,Austria,Taufkirchen/Pram,,1,22.0
46.564284,13.27212,AT,Austria,Hermago,,1,22.0
47.325049,12.797519,AT,Austria,Zell am See,,1,17.0
46.986285,10.028194,AT,Austria,Gaschurn,,1,11.0
47.44756,12.331759,AT,Austria,Kirchberg,,1,22.0
47.2692,11.397725,AT,Austria,Innsbruck,,1,22.0
46.955563,14.779286,AT,Austria,Bad Sankt Leonhard,,1,11.0
47.340353,16.2263,AT,Austria,Bad Tatzmannsdorf,,1,22.0
48.241704,15.337243,AT,Austria,Emmersdorf,,1,17.0
47.606707,15.673096,AT,Austria,Murzzuschlag,,1,22.0
47.380622,12.598188,AT,Austria,Hinterglemm,,1,11.0
47.446548,12.161257,AT,Austria,Hopfgarten,,1,4.0
47.54549,13.927599,AT,Austria,Bad Mitterndorf,,1,22.0
47.818782,13.053294,AT,Austria,Salzburg,,1,11.0
47.448359,12.38507,AT,Austria,Kitzbuhel,,1,22.0
47.481978,10.677484,AT,Austria,Wangle,,1,22.0
47.444523,12.394645,AT,Austria,Kitzbuhel,,1,22.0
47.212759,14.722665,AT,Austria,Rattenberg bei Fohnsdorf,,1,11.0
48.396349,15.519063,AT,Austria,Durnstein,,1,22.0
47.012638,15.410189,AT,Austria,Seiersberg,,1,22.0
47.055841,10.613375,AT,Austria,Fiss,,1,11.0
46.639946,14.367192,AT,Austria,Klagenfurt am Wörthersee,,3,50.0
47.268941,15.896143,AT,Austria,Winzendorf,,1,14.0
47.327854,12.786263,AT,Austria,Zell am See,,1,11.0
47.770931,15.314684,AT,Austria,Mariazell,,2,22.0
48.191284,16.408041,AT,Austria,Wien,,1,22.0
47.081913,9.926502,AT,Austria,Schruns,,1,11.0
47.341942,10.164345,AT,Austria,Hirschegg,,1,11.0
46.810697,13.769889,AT,Austria,Bad Kleinkirchheim,,1,22.0
46.995255,10.867489,AT,Austria,St. Leonhard,,1,22.0
47.444064,12.314364,AT,Austria,Kirchberg in Tirol,,1,14.0
47.329106,11.200315,AT,Austria,Reith bei Seefeld,,1,22.0
48.670952,16.188886,AT,Austria,Mailberg,,1,14.0
47.330965,11.123483,AT,Austria,Telfs-Buchen,,1,22.0
46.617975,14.261346,AT,Austria,Klagenfurt,,1,22.0
48.010326,16.235063,AT,Austria,Baden,,1,22.0
47.341142,11.845178,AT,Austria,Fügen,,3,22.0
47.33784,16.227555,AT,Austria,Jormannsdorf,,1,22.0
47.201217,10.109026,AT,Austria,Lech am Arlberg,,1,11.0
47.572929,12.694302,AT,Austria,St.Martin bei Lofer,,1,11.0
47.086394,10.473361,AT,Austria,See,,1,22.0
47.20936,10.140584,AT,Austria,Lech am Arlberg,,1,22.0
48.182327,16.38092,AT,Austria,Wien,,1,11.0
47.069109,14.694837,AT,Austria,Obdach,,1,11.0
46.614421,14.320663,AT,Austria,Klagenfurt,,1,14.0
47.328654,11.188084,AT,Austria,Seefeld,,1,22.0
48.246036,14.294471,AT,Austria,Linz,,1,22.0
47.566339,12.151521,AT,Austria,Kufstein,,1,22.0
47.055623,10.617358,AT,Austria,Fiss,,1,22.0
47.00135,12.538863,AT,Austria,Matrei in Osttirol,,1,22.0
47.230375,11.880858,AT,Austria,Zell im Zillertal,,1,22.0
46.915857,13.875192,AT,Austria,Turracherhöhe,,1,11.0
47.874975,13.569726,AT,Austria,Weyregg,,1,11.0
47.492349,10.559644,AT,Austria,Haldensee,,1,17.0
47.072291,10.965781,AT,Austria,Längenfeld,,1,22.0
46.624552,14.034304,AT,Austria,Velden am Wörthersee,,1,22.0
47.50286,12.190232,AT,Austria,Söll,,1,14.0
47.526991,11.707354,AT,Austria,Achenkirch,,1,11.0
47.166809,10.590407,AT,Austria,Zams,,1,22.0
47.233818,11.882926,AT,Austria,Zell im Zillertal,,1,22.0
46.999883,12.538249,AT,Austria,Matrei in Osttirol,,1,22.0
47.318474,11.860646,AT,Austria,Uderns,,1,22.0
47.398589,11.94515,AT,Austria,Alpbach,,1,22.0
47.502436,16.195295,AT,Austria,Krumbach,,1,22.0
47.065395,9.932105,AT,Austria,Schruns,,1,22.0
47.153889,10.756499,AT,Austria,Jerzens,,1,17.0
47.440839,12.714732,AT,Austria,Leogang,,1,22.0
47.014695,10.293666,AT,Austria,Ischgl,,1,11.0
48.705157,13.94708,AT,Austria,Ulrichsberg,,1,22.0
47.253333,10.322358,AT,Austria,Steeg,,1,14.0
47.383424,9.899281,AT,Austria,Bezau,,1,22.0
47.182868,13.222741,AT,Austria,Hüttschlag,,1,22.0
47.287468,12.484607,AT,Austria,Mittersill,,1,14.0
47.374188,11.960221,AT,Austria,Alpbach,,1,22.0
47.436216,12.708772,AT,Austria,Leogang,,1,22.0
47.403316,10.880963,AT,Austria,Lermoos,,3,22.0
47.396019,12.636939,AT,Austria,Saalbach,,1,11.0
47.334571,11.854946,AT,Austria,Fügen,,1,22.0
47.379401,12.595886,AT,Austria,Hinterglemm,,1,22.0
47.493889,16.232234,AT,Austria,Bad Schönau,,1,22.0
47.449866,12.243646,AT,Austria,Brixen im Thale,,1,22.0
47.35993,10.177917,AT,Austria,Riezlern,,1,22.0
47.127172,9.303145,CH,Switzerland,Walenstadt,,1,22.0
47.504133,8.5351,CH,Switzerland,Bachenbülach,,5,22.2
47.422988,9.339003,CH,Switzerland,St. Gallen,,1,22.0
47.165232,9.469016,CH,Switzerland,Buchs (SG),,1,22.0
47.165428,9.469778,CH,Switzerland,Buchs (SG),,1,22.0
47.17326,9.469978,CH,Switzerland,Buchs (SG),,1,22.0
47.046793,9.445005,CH,Switzerland,Sargans,,1,22.0
47.258403,9.14155,CH,Switzerland,Ebnat-Kappel,,2,60.0
47.402148,8.207324,CH,Switzerland,Othmarsingen,,3,300.0
47.315983,7.945159,CH,Switzerland,Oftringen,,3,300.0
47.321827,7.964546,CH,Switzerland,Walterswil,,3,300.0
47.138151,9.050808,CH,Switzerland,Ziegelbrücke,,4,150.0
47.389665,9.649259,CH,Switzerland,Diepoldsau,,2,150.0
47.2054,9.442077,CH,Switzerland,Gams,,1,22.0
46.957283,9.54761,CH,Switzerland,Zizers,,3,300.0
46.957127,9.548918,CH,Switzerland,Zizers,,3,300.0
47.075134,9.485999,CH,Switzerland,Trübbach,,2,320.0
47.177709,9.467974,CH,Switzerland,Buchs,,2,60.0
47.145912,9.434847,CH,Switzerland,Buchs,,1,11.0
47.211862,9.494599,CH,Switzerland,Haag,,2,150.0
47.173821,9.449913,CH,Switzerland,Grabs,,1,120.0
47.229483,8.837586,CH,Switzerland,Rapperswil-Jona ,,1,22.0
46.831908,6.858095,CH,Switzerland,Lully,,3,150.0
46.422417,6.258269,CH,Switzerland,Gland,,2,300.0
46.959055,7.469208,CH,Switzerland,Bern,,1,300.0
47.488808,8.955708,CH,Switzerland,Wängi,,2,300.0
47.530502,8.852138,CH,Switzerland,Stegen,,2,300.0
47.185929,8.458562,CH,Switzerland,Cham,,1,150.0
47.16819,8.290188,CH,Switzerland,Hochdorf,,1,22.0
47.173085,9.474206,CH,Switzerland,Buchs,,2,22.0
47.182693,9.444769,CH,Switzerland,Grabs,,3,50.0
47.163938,9.472409,CH,Switzerland,Buchs,,1,22.0
47.166313,9.47645,CH,Switzerland,Buchs,,4,22.0
46.505344,8.310723,CH,Switzerland,Obergoms,,1,150.0
47.167119,9.478939,CH,Switzerland,Buchs,,3,50.0
47.166701,9.474523,CH,Switzerland,Buchs,,1,22.0
47.510269,8.367033,CH,Switzerland,Niederweningen,,1,22.0
46.21902,6.110704,CH,Switzerland,,,1,250.0
47.408156,9.304363,CH,Switzerland,,,1,250.0
47.199916,8.794421,CH,Switzerland,,,1,250.0
47.011941,6.996524,CH,Switzerland,,,1,250.0
45.844338,9.015955,CH,Switzerland,,,1,250.0
46.832233,6.859269,CH,Switzerland,,,1,150.0
46.966052,9.55264,CH,Switzerland,,,1,250.0
47.01739,8.30147,CH,Switzerland,,,1,250.0
47.407976,8.598261,CH,Switzerland,,,1,250.0
46.943446,7.37062,CH,Switzerland,,,1,250.0
46.232642,9.040018,CH,Switzerland,,,1,250.0
46.790968,9.822283,CH,Switzerland,Davos Platz,,3,66.0
47.439042,8.843981,CH,Switzerland,Turbenthal,,1,22.0
47.437016,8.846809,CH,Switzerland,Turbenthal,,1,22.0
47.451809,8.704438,CH,Switzerland,Kemptthal,,1,250.0
47.435015,8.85062,CH,Switzerland,Turbenthal,,2,150.0
46.45563,9.790636,CH,Switzerland,Graubünden/Grischun/Grigioni,,2,350.0
47.412868,9.240642,CH,Switzerland,Gossau (SG),,1,350.0
47.304254,7.929495,CH,Switzerland,Oftringen,,2,350.0
47.065369,7.291436,CH,Switzerland,Lyss,,2,350.0
47.125081,8.397353,CH,Switzerland,Gisikon,,2,350.0
47.437008,8.562653,CH,Switzerland,Glattbrugg,,1,22.0
46.166634,8.796012,CH,Switzerland,Locarno,,1,250.0
46.152019,8.937282,CH,Switzerland,Cadenazzo,,1,250.0
46.79233,9.820534,CH,Switzerland,Davos,,1,22.0
47.2941,8.564186,CH,Switzerland,Thalwil,,2,0.0
46.351556,8.973558,CH,Switzerland,Biasca,,2,22.0
47.389733,8.524597,CH,Switzerland,Zürich,,1,22.0
47.38135,8.537227,CH,Switzerland,Zürich,,3,50.0
47.40176,8.531485,CH,Switzerland,Zürich,,1,22.0
47.389678,8.518118,CH,Switzerland,Zürich,,3,60.0
47.388817,8.517286,CH,Switzerland,Zürich,,2,22.0
47.388423,8.518254,CH,Switzerland,Zürich,,2,66.0
47.383045,8.574595,CH,Switzerland,Zürich,,4,22.0
47.386673,8.575687,CH,Switzerland,Zürich,,3,50.0
47.404495,8.594182,CH,Switzerland,Zürich,,3,50.0
47.411841,8.547196,CH,Switzerland,Zurich,,1,22.0
47.403616,8.570202,CH,Switzerland,Zürich,,3,50.0
47.410591,8.543365,CH,Switzerland,Zürich,,1,22.0
47.410651,8.545126,CH,Switzerland,Zürich,,1,0.0
47.386422,8.539108,CH,Switzerland,Zürich,,2,22.0
47.394761,8.544847,CH,Switzerland,Zürich,,3,50.0
46.485736,7.042308,CH,Switzerland,Montbovon,,1,22.0
46.64081,6.63473,CH,Switzerland,Vaud,,2,22.0
46.64104,6.630376,CH,Switzerland,Echallens,,2,22.0
45.97477,8.92798,CH,Switzerland,Grancia,,1,250.0
46.795727,9.401768,CH,Switzerland,Rhäzüns,,1,0.0
46.697405,9.440764,CH,Switzerland,Thusis,,1,22.0
46.694614,9.440908,CH,Switzerland,Thusis,,3,50.0
46.402855,9.695898,CH,Switzerland,Maloja,,1,22.0
47.011657,9.512567,CH,Switzerland,Fläsch,,6,50.0
47.41246,8.61545,CH,Switzerland,Zürich,,3,150.0
47.429333,8.973883,CH,Switzerland,Thurgau,,3,13.0
47.305847,8.821096,CH,Switzerland,Hinwil,,1,22.0
47.30433,8.82392,CH,Switzerland,Hinwil,,1,22.0
47.391423,7.718515,CH,Switzerland,Liedertswil,,1,11.0
46.780607,8.668063,CH,Switzerland,Silenen,,3,320.0
46.814525,8.654312,CH,Switzerland,Erstfeld,,3,320.0
46.778571,6.640916,CH,Switzerland,Yverdon-les-Bains,,1,11.0
46.938786,7.475579,CH,Switzerland,Bern,,1,22.0
46.943528,10.36249,CH,Switzerland,Samnaun Dorf,,1,11.0
46.84697,9.50066,CH,Switzerland,Chur,,3,150.0
47.020728,7.451065,CH,Switzerland,Münchenbuchsee,,1,22.0
47.4462,9.052952,CH,Switzerland,Rickenbach,,1,22.0
47.465478,9.056954,CH,Switzerland,Wil,,1,22.0
46.832458,6.859379,CH,Switzerland,Lully FR,,1,350.0
46.640066,8.591605,CH,Switzerland,Andermatt,,2,22.0
46.539016,6.597979,CH,Switzerland,Renens,,3,50.0
47.302483,8.690545,CH,Switzerland,Egg bei Zürich,,1,22.0
46.693303,6.913022,CH,Switzerland,Romont (FR),,1,22.0
46.931435,7.419984,CH,Switzerland,Köniz,,1,11.0
46.945176,7.374105,CH,Switzerland,Bern,,1,0.0
46.943559,7.372191,CH,Switzerland,Bern,,1,0.0
46.944225,7.376712,CH,Switzerland,Bern,,1,22.0
46.946195,7.373396,CH,Switzerland,Bern,,1,0.0
46.314337,6.963312,CH,Switzerland,District d'Aigle,,1,22.0
46.193356,9.02406,CH,Switzerland,Bellinzona,,1,22.0
46.710298,9.435921,CH,Switzerland,Masein,,3,50.0
46.506029,8.309313,CH,Switzerland,Obergoms,,1,22.0
46.949816,7.459431,CH,Switzerland,Bern,,1,11.0
47.428262,7.809191,CH,Switzerland,Tenniken,,1,22.0
47.428732,7.808395,CH,Switzerland,Tenniken,,1,22.0
47.333266,7.821363,CH,Switzerland,Hägendorf,,3,350.0
46.308995,7.471198,CH,Switzerland,Crans-Montana,,2,0.0
47.392834,8.161143,CH,Switzerland,Lenzburg,,2,300.0
47.380377,8.109058,CH,Switzerland,Suhr,,2,300.0
47.466041,9.050318,CH,Switzerland,Wil (SG),,1,22.0
47.46202,9.047142,CH,Switzerland,Wil (SG),,3,50.0
47.467009,9.037189,CH,Switzerland,Wil (SG),,1,22.0
46.920503,7.84967,CH,Switzerland,Trubschachen,,3,50.0
46.708113,8.218142,CH,Switzerland,Innertkirchen,,1,11.0
46.728695,8.185689,CH,Switzerland,Meiringen,,1,22.0
46.334642,6.161447,CH,Switzerland,Chavannes-de-Bogis,,2,150.0
47.041379,8.31107,CH,Switzerland,Lucerne,,2,60.0
47.052923,8.335288,CH,Switzerland,Lucerne,,3,60.0
46.127822,7.059829,CH,Switzerland,Martigny,,1,350.0
46.17891,6.083622,CH,Switzerland,Confignon,,3,50.0
46.629135,9.745838,CH,Switzerland,Berguen,,1,11.0
46.02115,8.966428,CH,Switzerland,Lugano,,2,22.0
46.895395,8.623569,CH,Switzerland,Altdorf (UR),,3,50.0
46.865901,8.633711,CH,Switzerland,Altdorf (UR),,1,22.0
45.98113,8.929047,CH,Switzerland,Lugano,,1,320.0
47.015976,8.644889,CH,Switzerland,Schwyz,,5,120.0
47.028025,8.631165,CH,Switzerland,Schwyz,,4,100.0
47.035683,8.579377,CH,Switzerland,Arth,,3,50.0
47.079221,8.634653,CH,Switzerland,Sattel,,5,120.0
47.172858,8.518321,CH,Switzerland,Zug,,3,150.0
47.238141,8.61162,CH,Switzerland,Horgen,,3,150.0
46.851907,9.505446,CH,Switzerland,Chur,,2,50.0
47.096281,9.353367,CH,Switzerland,Flums,,3,100.0
47.147756,8.433742,CH,Switzerland,Risch-Rotkreuz,,3,100.0
47.200962,8.793925,CH,Switzerland,Pfäffikon,,1,11.0
47.182758,8.527793,CH,Switzerland,Baar,,1,11.0
47.271211,8.439433,CH,Switzerland,Affoltern,,1,120.0
46.151724,8.771934,CH,Switzerland,Ascona,,3,50.0
46.624331,7.034992,CH,Switzerland,Bulle,,1,120.0
47.173949,8.121608,CH,Switzerland,Sursee,,1,22.0
46.192991,6.142383,CH,Switzerland,Geneva,,1,22.0
46.674819,6.569368,CH,Switzerland,Vaudois,,3,175.0
47.413508,8.540607,CH,Switzerland,Zurich,,1,11.0
46.683267,7.854833,CH,Switzerland,Interlaken,,1,22.0
46.710805,9.435912,CH,Switzerland,Thusis,,2,150.0
46.301546,7.467689,CH,Switzerland,Crans-Montana,,1,11.0
46.624546,8.034113,CH,Switzerland,Grindelwald,,1,11.0
47.037705,8.293272,CH,Switzerland,Kriens,,5,30.0
47.540318,8.041497,CH,Switzerland,Kaisten,,2,22.0
46.624519,8.034716,CH,Switzerland,Grindelwald,,1,11.0
46.294764,7.055609,CH,Switzerland,Villars sur Ollon,,1,22.0
47.029663,8.421654,CH,Switzerland,Weggis,,1,11.0
46.873562,8.270463,CH,Switzerland,Flueli-Ranft,,1,11.0
47.439073,8.348292,CH,Switzerland,Würenlos AG,,4,300.0
46.895531,8.247636,CH,Switzerland,Sarnen,,1,11.0
46.819499,7.15427,CH,Switzerland,Granges-Paccot,,3,50.0
45.933013,8.929373,CH,Switzerland,Vico Morcote,,1,11.0
46.846359,8.632367,CH,Switzerland,Schattdorf,,3,50.0
46.701065,8.233188,CH,Switzerland,Innertkirchen,,3,22.0
46.330821,6.959344,CH,Switzerland,Yvorne,,1,6.0
46.37974,7.628229,CH,Switzerland,Leukerbad,,1,11.0
47.112009,7.828862,CH,Switzerland,Schwarzenbach/Huttwil,,1,11.0
46.382225,7.624764,CH,Switzerland,Leukerbad,,1,11.0
46.556469,6.561357,CH,Switzerland,Bussigny,,1,11.0
46.742531,8.985466,CH,Switzerland,Trun,,1,14.0
46.0672,7.77619,CH,Switzerland,Zermatt,,1,11.0
46.483003,9.912706,CH,Switzerland,Pontresina,,3,50.0
47.637995,8.695031,CH,Switzerland,Truellikon,,1,11.0
46.30765,7.46033,CH,Switzerland,CRANS-MONTANA,,1,22.0
46.932017,7.421263,CH,Switzerland,Liebefeld,,1,14.0
47.113372,8.232328,CH,Switzerland,Rothenburg,,1,350.0
47.449367,8.700137,CH,Switzerland,Kemptthal,,1,350.0
47.011751,9.512371,CH,Switzerland,Maienfeld,,1,350.0
46.990174,7.475976,CH,Switzerland,Ittigen,,1,350.0
46.846522,8.632302,CH,Switzerland,Schattdorf,,1,350.0
46.847886,8.633197,CH,Switzerland,Schattdorf,,1,350.0
45.998119,8.944712,CH,Switzerland,Lugano,,1,11.0
46.182242,9.001796,CH,Switzerland,Monte Carasso,,1,350.0
46.209551,9.0266,CH,Switzerland,Bellinzona,,1,350.0
45.850315,8.982428,CH,Switzerland,Coldrerio,,5,60.0
45.849707,8.985639,CH,Switzerland,Coldrerio,,5,60.0
46.368255,6.196007,CH,Switzerland,Arnex-sur-Nyon,,5,150.0
46.365177,6.191243,CH,Switzerland,Crans-près-Céligny,,5,150.0
46.122011,7.111657,CH,Switzerland,Martigny,,5,150.0
46.125266,7.118331,CH,Switzerland,Martigny,,5,150.0
46.492024,9.833263,CH,Switzerland, St. Moritz,,5,150.0
46.212735,9.039555,CH,Switzerland,Bellinzona,,4,100.0
45.875872,8.979741,CH,Switzerland,Mendrisio,,5,43.0
45.95424,8.950575,CH,Switzerland,Melide,,4,135.0
46.555642,6.561004,CH,Switzerland,Bussigny,,1,120.0
47.153278,6.998978,CH,Switzerland,Saint-Imier,,2,22.0
47.092062,6.800103,CH,Switzerland,La Chaux-de-Fonds,,3,11.0
47.10714,6.835537,CH,Switzerland,La Chaux-de-Fonds,,3,22.0
47.106021,6.825191,CH,Switzerland,La Chaux-de-Fonds,,3,22.0
47.103156,6.829574,CH,Switzerland,La Chaux-de-Fonds,,3,22.0
47.099657,6.825437,CH,Switzerland,La Chaux-de-Fonds,,3,22.0
46.501529,7.284476,CH,Switzerland,Schönried,,1,11.0
46.679994,7.851571,CH,Switzerland,Interlaken,,1,11.0
46.726566,8.188022,CH,Switzerland,Meiringen,,1,22.0
46.623215,8.03845,CH,Switzerland,Grindelwald,,1,17.0
46.238334,7.29178,CH,Switzerland,Erde,,2,22.0
47.418125,8.396816,CH,Switzerland,Dietikon,,1,120.0
46.067535,8.972183,CH,Switzerland,Cagiallo,,1,11.0
47.406132,9.633576,CH,Switzerland,Widnau,,1,11.0
47.05175,8.29472,CH,Switzerland,Luzern,,1,22.0
47.223843,8.825194,CH,Switzerland,Rapperswil-Jona,,3,11.0
47.425341,7.475251,CH,Switzerland,Roeschenz,,1,17.0
47.461014,9.045943,CH,Switzerland,Wil,,3,20.0
47.31236,7.914598,CH,Switzerland,Oftringen,,1,22.0
46.623013,8.038497,CH,Switzerland,Grindelwald,,2,11.0
47.313512,7.922401,CH,Switzerland,Bezirk Zofingen,,2,11.0
46.646361,8.052375,CH,Switzerland,Grindelwald,,1,22.0
47.173783,8.521453,CH,Switzerland,Zug,,1,22.0
47.09152,8.242202,CH,Switzerland,Rothenburg,,1,11.0
46.176715,8.795518,CH,Switzerland,Orselina,,1,11.0
46.512103,8.325143,CH,Switzerland,Obergesteln,,1,11.0
46.985902,6.837519,CH,Switzerland,Montezillon,,1,11.0
47.256458,8.851663,CH,Switzerland,Rüti (ZH),,2,40.0
47.193161,7.39956,CH,Switzerland,Amtei Solothurn-Lebern,,2,50.0
46.684449,7.861818,CH,Switzerland,Interlaken,,4,22.0
46.793374,10.286004,CH,Switzerland,Scuol,,1,22.0
46.6977,10.090095,CH,Switzerland,Zernez,,1,22.0
46.534529,9.873745,CH,Switzerland,Samedan,,1,22.0
46.585182,9.936274,CH,Switzerland,Madulain,,1,22.0
46.596611,9.964458,CH,Switzerland,Zuoz,,1,22.0
46.486001,9.836413,CH,Switzerland, St. Moritz,,3,50.0
46.223094,6.080877,CH,Switzerland,Meyrin,,1,11.0
46.757501,8.13734,CH,Switzerland,Bruenig,,1,17.0
46.819925,8.401555,CH,Switzerland,,,1,14.0
47.187403,8.396723,CH,Switzerland,Sins,,1,11.0
46.48701,7.245621,CH,Switzerland,Saanen,,1,22.0
46.103524,7.224201,CH,Switzerland,Verbier,,1,22.0
46.515263,8.67061,CH,Switzerland,Quinto,,1,120.0
46.168401,8.855964,CH,Switzerland,Tenero-Contra,,1,14.0
46.312129,7.477509,CH,Switzerland,Crans-Montana,,1,17.0
46.794346,10.288302,CH,Switzerland,Scuol,,1,22.0
46.79682,10.302457,CH,Switzerland,Scuol,,1,22.0
46.087826,8.915136,CH,Switzerland,Mezzovico-Vira,,3,22.0
46.364184,8.944315,CH,Switzerland,Pollegio,,3,22.0
45.853609,8.987154,CH,Switzerland,Coldrerio,,3,22.0
45.861688,9.007651,CH,Switzerland,Castel San Pietro,,3,22.0
45.834104,9.031922,CH,Switzerland,Chiasso,,3,22.0
45.837345,9.026234,CH,Switzerland,Chiasso,,3,22.0
45.881,9.03594,CH,Switzerland,Bruzella,,3,22.0
46.477932,9.813498,CH,Switzerland,St. Moritz,,1,22.0
46.496613,9.842531,CH,Switzerland, St. Moritz,,1,22.0
46.498333,9.849349,CH,Switzerland,St. Moritz,,1,22.0
46.171675,9.010127,CH,Switzerland,Giubiasco,,3,22.0
46.163306,8.998626,CH,Switzerland,Camorino,,3,22.0
47.483902,8.291902,CH,Switzerland,Baden,,1,0.0
46.198246,8.751174,CH,Switzerland,Avegno,,3,22.0
46.17431,8.943035,CH,Switzerland,Gudo,,3,22.0
46.151971,8.881562,CH,Switzerland,Gambarogno,,3,22.0
46.178466,8.841299,CH,Switzerland,Minusio,,3,22.0
46.183028,8.815332,CH,Switzerland,Brione sopra Minusio,,3,22.0
46.169437,8.793545,CH,Switzerland,Locarno,,3,22.0
46.169086,8.796252,CH,Switzerland,Locarno,,3,22.0
46.169555,8.797504,CH,Switzerland,Locarno,,3,22.0
46.1643,8.789458,CH,Switzerland,Locarno,,3,22.0
46.160572,8.802729,CH,Switzerland,Locarno,,3,22.0
46.162871,8.803083,CH,Switzerland,Locarno,,3,22.0
46.165929,8.803538,CH,Switzerland,Locarno,,3,22.0
46.164131,8.769538,CH,Switzerland,Losone,,2,11.0
46.186119,8.743817,CH,Switzerland,Tegna,,3,22.0
46.032892,8.921748,CH,Switzerland,Manno,,3,22.0
46.006663,8.945811,CH,Switzerland,Lugano,,3,22.0
46.02399,8.856009,CH,Switzerland,Miglieglia,,3,22.0
46.009211,8.855699,CH,Switzerland,Novaggio,,3,22.0
45.948764,8.966238,CH,Switzerland,Bissone,,3,22.0
45.865559,8.977509,CH,Switzerland,Mendrisio,,3,22.0
45.842078,9.03013,CH,Switzerland,Vacallo,,3,22.0
46.471301,7.285264,CH,Switzerland,Saanen,,1,10.0
47.093735,7.155144,CH,Switzerland,Twann,,1,17.0
47.079906,8.299069,CH,Switzerland,Luzern,,1,22.0
46.652732,10.032354,CH,Switzerland,Brail,,1,22.0
46.455818,9.813097,CH,Switzerland,Silvaplana,,1,22.0
46.46002,9.796797,CH,Switzerland,Silvaplana,,1,22.0
46.452692,9.941459,CH,Switzerland,Pontresina,,1,22.0
46.489177,9.904549,CH,Switzerland,Pontresina,,1,22.0
46.492653,9.902653,CH,Switzerland,Pontresina,,1,22.0
46.490356,9.899421,CH,Switzerland,Pontresina,,1,22.0
46.35966,8.968697,CH,Switzerland,Biasca,,3,22.0
46.529289,8.939599,CH,Switzerland,Olivone,,3,22.0
46.403072,8.983363,CH,Switzerland,Malvaglia,,3,22.0
46.119923,8.711486,CH,Switzerland,Brissago,,3,22.0
46.007028,8.962407,CH,Switzerland,Lugano,,3,22.0
46.007405,8.953265,CH,Switzerland,Lugano,,3,22.0
46.003191,8.95099,CH,Switzerland,Lugano,,3,22.0
46.002586,8.933589,CH,Switzerland,Sorengo,,3,22.0
45.998683,8.924046,CH,Switzerland,Muzzano,,3,22.0
45.993352,8.884999,CH,Switzerland,Vernate,,3,22.0
45.983459,8.887016,CH,Switzerland,Magliaso,,3,22.0
46.856123,9.507596,CH,Switzerland,Chur,,1,22.0
46.602943,9.96177,CH,Switzerland,Zuoz,,1,22.0
46.5164,9.862284,CH,Switzerland,Celerina/Schlarigna,,1,11.0
46.004361,8.949708,CH,Switzerland,Lugano,,1,22.0
46.554024,6.576935,CH,Switzerland,Crissier,,1,11.0
46.473287,7.289425,CH,Switzerland,Gstaad,,1,22.0
47.113396,8.232354,CH,Switzerland,Rothenburg,,1,350.0
45.993175,7.174937,CH,Switzerland,Liddes,,1,14.0
46.481551,6.827899,CH,Switzerland,Le Mont-Pelerin,,1,11.0
46.742438,9.405578,CH,Switzerland,Praez-Cazis,,1,14.0
46.298347,10.073962,CH,Switzerland,Poschiavo,,3,50.0
46.532586,6.703853,CH,Switzerland,Lutry,,1,17.0
46.996054,8.377608,CH,Switzerland,Obbuergen,,1,6.0
46.421468,6.242969,CH,Switzerland,Coinsins,,1,11.0
46.457593,6.852038,CH,Switzerland,Vevey,,1,11.0
46.119785,8.706688,CH,Switzerland,Brissago,,1,11.0
45.890331,8.950636,CH,Switzerland,Meride,,3,11.0
45.872609,8.950925,CH,Switzerland,Besazio,,3,11.0
46.209435,9.026609,CH,Switzerland,Bellinzona,,4,80.0
46.182056,9.001802,CH,Switzerland,Monte Carasso,,4,80.0
46.740476,8.989049,CH,Switzerland,Trun,,2,22.0
46.997434,8.383946,CH,Switzerland,Obbuergen,,1,6.0
45.954138,8.950789,CH,Switzerland,Melide,,1,150.0
47.464497,8.331166,CH,Switzerland,Wettingen,,1,22.0
46.465726,7.285539,CH,Switzerland,Gstaad,,1,11.0
46.872814,7.622627,CH,Switzerland,Konolfingen,,1,22.0
46.315244,7.462901,CH,Switzerland,Crans-Montana,,1,11.0
46.724978,9.557976,CH,Switzerland,Lenzerheide,,1,11.0
46.308232,7.472623,CH,Switzerland,Crans-Montana,,1,22.0
46.996772,8.379379,CH,Switzerland,Obbuergen,,1,6.0
47.245197,8.533477,CH,Switzerland,Hausen am Albis,,1,22.0
46.703248,9.713506,CH,Switzerland,Davos Wiesen,,1,11.0
47.000581,9.503758,CH,Switzerland,Bad Ragaz,,1,11.0
46.621487,8.030284,CH,Switzerland,Grindelwald,,1,22.0
46.477965,7.283462,CH,Switzerland,Gstaad,,1,22.0
47.378024,8.680099,CH,Switzerland,Volketswil,,1,22.0
47.386456,8.51688,CH,Switzerland,Zürich,,1,22.0
46.410669,10.022773,CH,Switzerland,Poschiavo,,1,22.0
46.290856,10.078453,CH,Switzerland,Poschiavo,,1,22.0
46.258123,10.126605,CH,Switzerland,Brusio,,1,22.0
46.233812,10.142422,CH,Switzerland,Brusio,,1,22.0
46.223704,6.1007,CH,Switzerland,Geneva,,1,11.0
45.954229,8.949692,CH,Switzerland,Melide,,3,22.0
47.310137,7.831875,CH,Switzerland,Gunzgen,,5,150.0
47.310224,7.847042,CH,Switzerland,Kappel,,4,60.0
47.021599,7.028675,CH,Switzerland,Neuchâtel-Thielle,,4,60.0
47.526627,8.734232,CH,Switzerland,Seuzach,,4,60.0
46.317149,8.6026,CH,Switzerland,Cevio,,3,22.0
45.870363,8.985621,CH,Switzerland,Mendrisio,,3,22.0
45.870288,8.988631,CH,Switzerland,Mendrisio,,3,22.0
46.152099,8.937677,CH,Switzerland,Cadenazzo,,4,60.0
46.712813,9.446231,CH,Switzerland,Thusis,,4,60.0
46.515343,8.667224,CH,Switzerland,Quinto,,4,80.0
46.780591,9.685196,CH,Switzerland,Arosa,,1,22.0
46.689127,9.562057,CH,Switzerland,Lantsch,,1,11.0
46.322826,10.056134,CH,Switzerland,Poschiavo,,1,22.0
46.175405,6.866558,CH,Switzerland,Champéry,,1,11.0
47.343353,8.715305,CH,Switzerland,Uster,,1,11.0
46.867774,9.882464,CH,Switzerland,Klosters,,1,11.0
46.287528,7.801495,CH,Switzerland,Unterbäch,,1,22.0
46.171257,8.801011,CH,Switzerland,Muralto,,3,22.0
46.171476,8.807187,CH,Switzerland,Muralto,,3,22.0
46.223557,9.041698,CH,Switzerland,Castione,,3,22.0
46.16361,9.00647,CH,Switzerland,Camorino,,3,22.0
46.037447,8.954647,CH,Switzerland,Comano,,3,22.0
45.833592,9.029259,CH,Switzerland,Chiasso,,3,22.0
46.48801,8.268234,CH,Switzerland,Muenster,,1,22.0
46.959662,10.399642,CH,Switzerland,Samnaun-Laret,,1,14.0
46.783347,9.68427,CH,Switzerland,Arosa,,3,21.0
46.774761,9.20832,CH,Switzerland,Ilanz,,1,22.0
46.251725,7.59787,CH,Switzerland,Chandolin,,1,14.0
47.399459,8.443038,CH,Switzerland,Schlieren,,2,3.7
46.681039,7.828306,CH,Switzerland,Unterseen,,1,11.0
47.175529,7.598728,CH,Switzerland,Kriegstetten,,1,120.0
46.499875,9.846417,CH,Switzerland,St. Moritz,,1,22.0
46.786713,10.28702,CH,Switzerland,Vulpera,,1,11.0
47.051512,8.304516,CH,Switzerland,Luzern,,1,14.0
47.048663,8.308911,CH,Switzerland,Luzern,,1,22.0
46.99511,8.402752,CH,Switzerland,Ennetbuergen,,1,11.0
47.450327,9.396564,CH,Switzerland,Wittenbach,,1,22.0
47.419953,7.079007,CH,Switzerland,Porrentruy,,1,22.0
47.028427,7.747533,CH,Switzerland,Sumiswald,,1,17.0
46.696505,7.737631,CH,Switzerland,Merligen am Thunersee,,1,22.0
46.310373,7.483649,CH,Switzerland,Crans-Montana,,1,22.0
46.750024,9.44329,CH,Switzerland,Paspels,,1,11.0
46.912724,8.622726,CH,Switzerland,Flüelen,,1,120.0
46.988763,7.373374,CH,Switzerland,Uettligen,,1,22.0
47.573774,7.563809,CH,Switzerland,Basel,,1,22.0
47.330589,9.410894,CH,Switzerland,Appenzell,,1,22.0
47.392685,8.059106,CH,Switzerland,Aarau,,1,17.0
46.17887,6.870308,CH,Switzerland,Champery,,1,22.0
46.179812,7.289667,CH,Switzerland,La Tzoumaz,,1,17.0
46.462171,9.189891,CH,Switzerland,Mesocco,,2,11.0
46.528002,8.610577,CH,Switzerland,Airolo,,3,22.0
46.477664,8.799755,CH,Switzerland,Faido,,3,22.0
46.167118,8.77014,CH,Switzerland,Losone,,3,22.0
46.165528,8.75931,CH,Switzerland,Losone,,3,22.0
45.982339,8.91804,CH,Switzerland,Montagnola,,3,22.0
46.013903,8.907941,CH,Switzerland,Bioggio,,3,22.0
46.066196,8.966357,CH,Switzerland,Tesserete,,3,22.0
46.05283,8.950225,CH,Switzerland,Origlio,,3,22.0
45.852023,8.93924,CH,Switzerland,Stabio,,3,11.0
46.111428,8.977878,CH,Switzerland,Giubiasco,,2,11.0
46.173788,9.009633,CH,Switzerland,Giubiasco,,3,22.0
46.190669,9.021939,CH,Switzerland,Bellinzona,,3,22.0
46.194913,9.024356,CH,Switzerland,Bellinzona,,3,22.0
46.32279,7.987456,CH,Switzerland,Naters,,1,22.0
47.193432,8.8517,CH,Switzerland,Lachen,,1,22.0
46.385969,7.267493,CH,Switzerland,Gsteig bei Gstaad,,1,11.0
46.433502,9.756685,CH,Switzerland,Sils Baselgia,,1,22.0
46.675186,7.702859,CH,Switzerland,Faulensee,,1,17.0
47.040646,9.434862,CH,Switzerland,Sargans,,1,22.0
46.995569,8.37541,CH,Switzerland,Obbuergen,,1,11.0
46.359478,8.047203,CH,Switzerland,Breiten ob Mörel,,1,22.0
46.470983,7.288607,CH,Switzerland,Gstaad,,1,22.0
46.518969,7.310579,CH,Switzerland,Saanenmoeser-Gstaad,,1,22.0
46.625016,8.029901,CH,Switzerland,Grindelwald,,1,17.0
46.402679,6.149496,CH,Switzerland,Cheserex,,1,14.0
47.539892,7.604555,CH,Switzerland,Basel,,1,22.0
47.310734,7.934924,CH,Switzerland,Oftringen,,1,120.0
46.504419,7.290361,CH,Switzerland,Schoenried Gstaad,,1,22.0
46.736256,9.556839,CH,Switzerland,Vaz,,1,22.0
46.775633,10.153931,CH,Switzerland,Guarda,,1,22.0
46.550508,9.888202,CH,Switzerland,Bever,,1,22.0
45.899805,7.193455,CH,Switzerland,Bourg-Saint-Pierre,,3,50.0
46.238381,6.196463,CH,Switzerland,Vesenaz,,1,22.0
47.411915,9.440953,CH,Switzerland,Speicher,,1,22.0
47.423037,9.372604,CH,Switzerland,St. Gallen,,2,22.0
46.776735,7.615877,CH,Switzerland,,,1,22.0
46.120288,8.712392,CH,Switzerland,,,1,11.0
46.946566,7.446663,CH,Switzerland,,,1,17.0
46.4922,7.556438,CH,Switzerland,,,1,22.0
47.414073,8.542791,CH,Switzerland,Zürich,,3,0.0
46.479749,9.813881,CH,Switzerland,,,1,22.0
46.728582,9.554139,CH,Switzerland,Lenzerheide,,1,11.0
46.624049,8.041777,CH,Switzerland,Grindelwald,,1,11.0
46.881911,9.874304,CH,Switzerland,Klosters Dorf,,1,11.0
46.777148,9.678889,CH,Switzerland,Arosa,,1,11.0
46.793107,9.817729,CH,Switzerland,Davos Platz,,1,11.0
47.226714,7.788212,CH,Switzerland,Langenthal,,2,22.0
46.467941,7.283442,CH,Switzerland,Gstaad,,1,22.0
46.476088,7.288988,CH,Switzerland,Gstaad,,1,11.0
47.10942,8.321079,CH,Switzerland,Emmen,,1,17.0
46.780345,9.677358,CH,Switzerland,Arosa,,1,11.0
46.62556,8.046171,CH,Switzerland,Grindelwald,,1,22.0
46.959428,10.395627,CH,Switzerland,Samnaun,,1,22.0
46.492672,9.90218,CH,Switzerland,Pontresina,,1,22.0
46.503538,7.288116,CH,Switzerland,Gstaad-Schoenried,,1,22.0
46.460457,7.43687,CH,Switzerland,Lenk,,1,11.0
45.993601,8.939413,CH,Switzerland,Lugano,,1,22.0
47.059288,7.654067,CH,Switzerland,Heimiswil,,1,22.0
46.449915,9.553727,CH,Switzerland,Avers,,1,11.0
46.046926,8.900835,CH,Switzerland,Arosio,,1,14.0
47.296208,8.533119,CH,Switzerland,Langnau am Albis,,3,11.0
45.985307,8.937186,CH,Switzerland,Lugano,,3,100.0
46.626969,10.336277,CH,Switzerland,Tschierv,,1,22.0
46.66454,10.210396,CH,Switzerland,Zernez,,2,6.7
47.666573,8.982215,CH,Switzerland,Steckborn,,3,50.0
46.964937,8.355242,CH,Switzerland,Stans,,1,11.0
47.032812,8.427303,CH,Switzerland,Weggis,,1,22.0
46.966315,9.553385,CH,Switzerland,Landquart,,1,22.0
47.720985,8.646664,CH,Switzerland,Schaffhausen,,1,120.0
46.21479,9.039716,CH,Switzerland,Bellinzona,,1,22.0
46.822905,8.396539,CH,Switzerland,Engelberg,,1,11.0
46.624182,8.032743,CH,Switzerland,Grindelwald,,1,22.0
46.152567,8.771349,CH,Switzerland,Ascona,,1,11.0
47.374277,8.533871,CH,Switzerland,Zürich,,1,22.0
45.972647,8.926526,CH,Switzerland,Grancia,,1,22.0
46.701628,10.094997,CH,Switzerland,Zernez,,1,11.0
45.991083,8.944922,CH,Switzerland,Lugano,,1,11.0
46.160439,8.7835,CH,Switzerland,Ascona,,1,11.0
46.000916,8.913886,CH,Switzerland,Muzzano,,3,11.0
46.009633,8.961989,CH,Switzerland,Lugano,,2,22.0
47.426382,9.374622,CH,Switzerland,Berguen,,1,11.0
47.360493,8.553618,CH,Switzerland,Zürich,,2,22.0
47.368363,8.547559,CH,Switzerland,Zürich,,2,22.0
47.187078,8.473726,CH,Switzerland,Cham,,3,50.0
47.057019,8.310138,CH,Switzerland,Luzern,,2,11.0
47.055085,8.315507,CH,Switzerland,Luzern,,2,11.0
47.049588,8.305964,CH,Switzerland,Luzern,,1,11.0
46.798472,9.824015,CH,Switzerland,Davos,,1,22.0
46.807033,9.838388,CH,Switzerland,Davos Dorf,,3,50.0
47.089981,7.791188,CH,Switzerland,Durrenroth,,1,17.0
46.229942,7.437551,CH,Switzerland,Nax,,1,11.0
47.056537,8.319622,CH,Switzerland,Luzern,,1,22.0
47.096984,8.814409,CH,Switzerland,Euthal,,1,17.0
46.152158,8.792171,CH,Switzerland,Ascona,,1,22.0
47.372876,8.536538,CH,Switzerland,Zurich,,1,11.0
46.153873,8.965846,CH,Switzerland,Sant'Antonino,,3,50.0
46.182002,9.017939,CH,Switzerland,Giubiasco,,3,50.0
47.315863,7.695167,CH,Switzerland,Balsthal,,1,22.0
46.70093,8.845353,CH,Switzerland,Disentis,,1,14.0
47.441306,8.201622,CH,Switzerland,Lupfig,,1,14.0
46.475103,7.284526,CH,Switzerland,Gstaad,,1,22.0
45.989957,8.819241,CH,Switzerland,Monteggio,,3,50.0
46.522175,6.626753,CH,Switzerland,Lausanne,,1,14.0
46.626627,10.446028,CH,Switzerland,Müstair,,1,22.0
47.683857,8.629654,CH,Switzerland,Flurlingen,,1,22.0
46.380788,6.241058,CH,Switzerland,Nyon,,2,22.0
46.383656,6.239618,CH,Switzerland,Nyon,,2,22.0
46.432712,6.909917,CH,Switzerland,Montreux,,2,22.0
47.021235,8.325631,CH,Switzerland,Horw,,1,22.0
46.802337,7.935072,CH,Switzerland,Schangnau,,1,22.0
46.786661,10.23883,CH,Switzerland,Scuol,,1,11.0
46.625463,8.031422,CH,Switzerland,Grindelwald,,1,22.0
47.430609,9.490981,CH,Switzerland,Rehetobel,,1,22.0
46.158046,8.770465,CH,Switzerland,Ascona,,1,22.0
46.097954,7.957677,CH,Switzerland,Saas-Almagell,,1,22.0
47.161304,8.177994,CH,Switzerland,Eich,,1,22.0
46.549065,9.889862,CH,Switzerland,Bever,,1,22.0
46.774871,9.20371,CH,Switzerland,Ilanz,,1,22.0
46.218688,6.113137,CH,Switzerland,Genève,,4,22.0
47.238849,8.719191,CH,Switzerland,Stäfa ,,0,0.0
46.230704,7.360095,CH,Switzerland,Sion,,2,22.0
46.294109,7.535112,CH,Switzerland,Sierre,,2,22.0
47.621879,9.058685,CH,Switzerland,Lipperswil,,1,22.0
46.194223,6.139486,CH,Switzerland,Ginevra,,1,0.0
46.199466,6.141728,CH,Switzerland,Ginevra,,1,3.0
46.190301,6.192564,CH,Switzerland,Thônex,,1,3.0
46.222964,6.146918,CH,Switzerland,Ginevra,,1,3.0
46.187141,6.128178,CH,Switzerland,Genève,,1,3.0
46.199417,6.15081,CH,Switzerland,Ginevra,,1,3.0
46.197758,6.141524,CH,Switzerland,Ginevra,,1,3.0
46.194371,6.150027,CH,Switzerland,Ginevra,,1,3.0
46.195288,6.137042,CH,Switzerland,Ginevra,,1,3.0
46.202815,6.136444,CH,Switzerland,Ginevra,,1,3.0
46.209282,6.135302,CH,Switzerland,Ginevra,,1,3.0
46.201007,6.131962,CH,Switzerland,Ginevra,,1,3.0
46.210485,6.143445,CH,Switzerland,Ginevra,,1,3.0
46.105458,7.080112,CH,Switzerland,Martigny,,2,22.0
47.41622,8.63465,CH,Switzerland,Wangen,,1,17.0
46.376641,7.626381,CH,Switzerland,Leukerbad,,1,22.0
46.35869,7.983344,CH,Switzerland,Naters,,1,22.0
47.435295,8.291531,CH,Switzerland,Fislisbach,,1,11.0
46.628391,10.446678,CH,Switzerland,Mustair,,1,17.0
46.888251,8.232663,CH,Switzerland,Sarnen,,1,22.0
46.006535,8.969952,CH,Switzerland,Lugano,,1,11.0
46.293819,7.061877,CH,Switzerland,Villars-sur-Ollon,,1,14.0
46.644838,7.724765,CH,Switzerland,Aeschiried,,1,11.0
47.356228,8.523306,CH,Switzerland,Zurich,,4,22.0
47.111843,8.364796,CH,Switzerland,Perlen,,1,22.0
47.459807,7.741883,CH,Switzerland,Oberdorf,,1,22.0
46.811705,7.157204,CH,Switzerland,Fribourg,,1,22.0
46.380079,7.630056,CH,Switzerland,Leukerbad,,1,4.0
47.348527,8.534169,CH,Switzerland,Zürich,,4,60.0
46.219025,7.35127,CH,Switzerland,Sion,,3,50.0
46.150259,8.911319,CH,Switzerland,Quartino,,3,50.0
45.873828,8.97961,CH,Switzerland,Mendrisio,,1,22.0
46.537532,6.567762,CH,Switzerland,Ecublens,,1,22.0
46.578516,9.926088,CH,Switzerland,La Punt-Chamues-ch,,1,22.0
46.980838,8.617846,CH,Switzerland,Morschach,,1,22.0
47.564251,8.874967,CH,Switzerland,Frauenfeld,,1,4.0
47.177814,7.448819,CH,Switzerland,Leuzigen,,1,22.0
46.603446,10.426609,CH,Switzerland,Santa Maria,,1,4.0
45.988046,8.946431,CH,Switzerland,Lugano,,1,22.0
45.98703,8.950076,CH,Switzerland,Lugano,,1,22.0
46.469531,6.862378,CH,Switzerland,St-Legier,,1,11.0
46.477494,9.810836,CH,Switzerland,Champfèr,,1,9.0
47.419722,9.367156,CH,Switzerland,St. Gallen,,1,11.0
47.531062,7.607746,CH,Switzerland,Muenchenstein,,1,11.0
45.993497,8.942443,CH,Switzerland,Lugano,,1,11.0
46.624183,8.040202,CH,Switzerland,Grindelwald,,1,17.0
46.800591,9.826842,CH,Switzerland,Davos,,1,22.0
47.093489,8.271587,CH,Switzerland,Rothenburg,,1,22.0
46.828082,9.289914,CH,Switzerland,Flims Waldhaus,,1,22.0
46.005549,8.947701,CH,Switzerland,Lugano,,1,11.0
46.813377,8.175324,CH,Switzerland,Buerglen,,1,11.0
46.496865,9.837949,CH,Switzerland,St. Moritz,,1,11.0
46.182958,7.383702,CH,Switzerland,Thyon les Collons,,1,22.0
47.364372,8.547232,CH,Switzerland,Zürich,,1,22.0
46.438414,6.907093,CH,Switzerland,Montreux,,1,22.0
47.360984,7.91274,CH,Switzerland,Olten,,1,11.0
46.753819,8.167171,CH,Switzerland,Hasliberg Hohfluh,,1,11.0
46.496797,9.84272,CH,Switzerland,St. Moritz,,1,120.0
47.279667,8.335832,CH,Switzerland,Muri,,3,50.0
47.565932,8.907444,CH,Switzerland,Frauenfeld,,3,50.0
47.229249,8.84665,CH,Switzerland,Jona,,3,50.0
47.39962,8.432119,CH,Switzerland,Schlieren,,3,50.0
47.36608,8.771306,CH,Switzerland,Pfäffikon,,3,50.0
47.501719,8.733509,CH,Switzerland,Winterthur,,3,22.0
47.401946,8.064778,CH,Switzerland,Aarau,,4,150.0
47.323511,8.022054,CH,Switzerland,Kölliken,,3,50.0
46.399448,6.205441,CH,Switzerland,Signy,,3,50.0
46.311377,7.749909,CH,Switzerland,Steg,,3,50.0
47.458401,8.277704,CH,Switzerland,Baden,,5,50.0
46.478015,6.842605,CH,Switzerland,Jongny,,1,11.0
46.454106,7.436577,CH,Switzerland,Lenk,,1,11.0
47.410677,8.543529,CH,Switzerland,Zürich,,1,11.0
46.222962,6.958702,CH,Switzerland,Les Giettes,,1,11.0
46.511286,6.628545,CH,Switzerland,Lausanne,,1,22.0
47.383399,8.669285,CH,Switzerland,Volketswil,,1,22.0
46.943732,10.359798,CH,Switzerland,Samnaun,,1,22.0
46.499257,9.841735,CH,Switzerland,St. Moritz,,1,14.0
46.745454,7.633642,CH,Switzerland,Thun,,1,22.0
46.512208,9.858192,CH,Switzerland,Celerina,,1,14.0
47.042671,8.703956,CH,Switzerland,Alpthal,,1,11.0
46.071012,7.776747,CH,Switzerland,Täsch,,1,22.0
46.769595,9.057944,CH,Switzerland,Breil/Brigels,,1,8.0
47.438377,8.565306,CH,Switzerland,Opfikon,,1,22.0
46.92821,9.001811,CH,Switzerland,Linthal,,1,22.0
46.818214,8.424872,CH,Switzerland,Engelberg,,1,14.0
45.994637,8.945937,CH,Switzerland,Lugano,,1,22.0
47.38543,7.820795,CH,Switzerland,Eptingen,,1,22.0
47.473301,9.482706,CH,Switzerland,Goldach,,1,17.0
46.808927,9.839287,CH,Switzerland,Davos Dorf,,1,22.0
46.797533,9.834936,CH,Switzerland,Davos Platz,,1,11.0
47.284138,8.225769,CH,Switzerland,Meisterschwanden,,1,22.0
46.819344,9.265421,CH,Switzerland,Laax,,1,22.0
46.826605,9.286689,CH,Switzerland,Flims Waldhaus,,1,22.0
46.068857,7.776326,CH,Switzerland,Täsch,,1,22.0
46.45853,6.847856,CH,Switzerland, 49,,1,22.0
46.948782,7.440818,CH,Switzerland,Bern,,1,22.0
47.014967,8.478416,CH,Switzerland,Vitznau,,1,22.0
46.493656,9.901616,CH,Switzerland,Pontresina,,1,14.0
46.953047,7.449307,CH,Switzerland,Bern,,1,22.0
46.519546,6.630854,CH,Switzerland,Lausanne,,1,22.0
46.306698,7.471084,CH,Switzerland,Crans Montana,,1,17.0
47.365448,8.535967,CH,Switzerland,Zurich,,1,11.0
47.373734,8.536409,CH,Switzerland,Zurich,,1,22.0
47.390605,8.510176,CH,Switzerland,Zurich,,1,22.0
46.851082,9.534029,CH,Switzerland,Chur,,1,11.0
46.071779,7.777149,CH,Switzerland,Täsch,,1,11.0
47.31419,8.796907,CH,Switzerland,Wetzikon,,1,11.0
46.310323,7.74971,CH,Switzerland,Steg-Hohtenn,,1,120.0
47.142898,8.430569,CH,Switzerland,Rotkreuz,,1,22.0
46.827003,9.290015,CH,Switzerland,Flims Waldhaus,,1,22.0
46.218843,6.143814,CH,Switzerland,Geneve,,1,0.0
47.525538,7.693126,CH,Switzerland,Pratteln ,,1,22.0
47.551474,7.848616,CH,Switzerland,Moehlin ,,4,11.0
46.619104,8.005561,CH,Switzerland,Grindelwald,,1,22.0
46.48624,7.671394,CH,Switzerland,Kandersteg,,1,22.0
45.99256,8.944115,CH,Switzerland,Lugano,,1,22.0
46.686187,7.857121,CH,Switzerland,Interlaken,,1,22.0
46.757323,8.134835,CH,Switzerland,Brünig,,2,22.0
46.13916,8.907291,CH,Switzerland,Rivera,,1,150.0
46.150656,8.773326,CH,Switzerland,Ascona,,1,22.0
46.797256,10.298954,CH,Switzerland,Scuol,,1,22.0
46.622582,9.181325,CH,Switzerland,Vals,,1,22.0
46.092741,7.233258,CH,Switzerland,Verbier,,1,22.0
46.588713,7.647231,CH,Switzerland,Frutigen,,1,22.0
47.524843,7.682486,CH,Switzerland,Pratteln,,1,120.0
46.492154,9.903412,CH,Switzerland,Pontresina,,1,11.0
47.413133,8.616919,CH,Switzerland, 8305,,1,120.0
47.003965,9.525809,CH,Switzerland,Maienfeld,,1,120.0
47.372536,8.574303,CH,Switzerland,Zürich,,1,22.0
46.892094,7.542931,CH,Switzerland,Rubigen,,1,120.0
47.115852,8.194909,CH,Switzerland,Sempach Station,,1,22.0
46.495194,7.674505,CH,Switzerland,Kandersteg,,1,22.0
46.517065,7.313302,CH,Switzerland,Saanenmoeser bei Gstaad,,1,22.0
46.127743,7.059962,CH,Switzerland,Martigny,,1,120.0
46.20897,6.14983,CH,Switzerland,Genève,,1,22.0
46.497499,9.840608,CH,Switzerland,St. Moritz,,1,22.0
46.636381,8.594814,CH,Switzerland,Andermatt,,1,22.0
46.172524,8.795067,CH,Switzerland,Locarno,,1,22.0
47.02686,8.402165,CH,Switzerland,Weggis,,1,22.0
46.777532,9.669327,CH,Switzerland,Arosa,,1,11.0
47.480982,8.315099,CH,Switzerland,Ennetbaden,,1,22.0
46.711608,9.54047,CH,Switzerland,Lenzerheide,,1,11.0
47.433066,9.634296,CH,Switzerland,Au,,3,50.0
47.452622,9.634516,CH,Switzerland,St. Margrethen,,3,50.0
47.468079,9.588613,CH,Switzerland,Rheineck,,3,50.0
47.412651,9.340734,CH,Switzerland,St. Gallen,,3,50.0
47.413975,9.249308,CH,Switzerland,Gossau,,3,50.0
47.412661,9.18677,CH,Switzerland,Flawil,,3,22.0
47.459825,9.093107,CH,Switzerland,Wil,,3,22.0
47.461153,9.046007,CH,Switzerland,Wil,,3,22.0
47.567362,9.089856,CH,Switzerland,Weinfelden,,3,22.0
47.486512,8.704154,CH,Switzerland,Winterthur,,3,50.0
47.483232,8.705367,CH,Switzerland,Winterthur,,3,50.0
47.447238,8.648601,CH,Switzerland,Nürensdorf,,3,22.0
47.483275,8.46333,CH,Switzerland,Dielsdorf,,2,50.0
47.424055,8.368009,CH,Switzerland,Spreitenbach,,4,22.0
47.47911,8.306453,CH,Switzerland,Baden,,4,50.0
47.447851,8.168426,CH,Switzerland,Schinznach-Bad,,3,50.0
47.395263,8.166983,CH,Switzerland,Lenzburg,,4,50.0
47.525026,7.682018,CH,Switzerland,Pratteln,,3,50.0
47.479621,7.592277,CH,Switzerland,Aesch,,1,50.0
47.334835,7.841449,CH,Switzerland,Hägendorf,,3,22.0
47.326941,7.805336,CH,Switzerland,Egerkingen,,3,22.0
47.082529,7.296732,CH,Switzerland,Lyss,,3,50.0
47.203301,7.573233,CH,Switzerland,Zuchwil,,3,50.0
47.016506,7.492342,CH,Switzerland,Schönbühl,,3,50.0
46.991249,7.476768,CH,Switzerland,Ittigen,,3,50.0
46.965721,7.466589,CH,Switzerland,Bern,,3,50.0
46.949347,7.43791,CH,Switzerland,Bern,,4,60.0
46.930549,7.380081,CH,Switzerland,Niederwangen,,2,50.0
46.878492,7.542522,CH,Switzerland,Münsingen,,3,22.0
47.126933,8.056665,CH,Switzerland,Grosswangen,,3,22.0
46.749231,7.625481,CH,Switzerland,Thun,,3,22.0
46.831965,6.858484,CH,Switzerland,Lully,,3,50.0
46.62667,7.06806,CH,Switzerland,Bulle,,3,50.0
46.225572,6.085621,CH,Switzerland,Meyrin,,3,22.0
46.196312,6.112835,CH,Switzerland,Petit-Lancy,,3,50.0
46.444518,6.296861,CH,Switzerland,Bursins,,3,50.0
46.537697,6.553428,CH,Switzerland,Ecublens,,3,50.0
46.12668,7.060849,CH,Switzerland,Martigny,,3,22.0
46.287492,7.521546,CH,Switzerland, Sierre,,3,22.0
46.307413,7.963606,CH,Switzerland, Brig,,3,22.0
46.470204,8.816775,CH,Switzerland,Chiggiogna,,3,50.0
47.1727,8.100836,CH,Switzerland,Sursee,,1,11.0
47.172781,8.103459,CH,Switzerland,Sursee,,1,11.0
46.553873,6.568987,CH,Switzerland,Crissier ,,1,22.0
47.32635,8.530377,CH,Switzerland,Adliswil,,2,50.0
47.439793,8.471146,CH,Switzerland, Regensdorf,,3,22.0
47.392502,8.493411,CH,Switzerland,Zürich,,3,22.0
47.389514,8.510445,CH,Switzerland,Zürich,,3,22.0
47.408839,8.54904,CH,Switzerland,Zürich,,3,43.0
47.411433,8.54113,CH,Switzerland, Zürich,,3,50.0
47.409307,8.601136,CH,Switzerland,Wallisellen,,4,44.0
47.401828,8.609827,CH,Switzerland,Dübendorf,,3,50.0
47.395067,8.638489,CH,Switzerland,Dübendorf,,3,50.0
47.360325,8.726647,CH,Switzerland,Uster,,3,22.0
47.354128,8.71539,CH,Switzerland,Uster,,3,22.0
47.356036,8.707459,CH,Switzerland,Uster,,3,22.0
47.345664,8.695089,CH,Switzerland,Uster,,3,22.0
47.232305,8.833668,CH,Switzerland,Jona,,3,22.0
46.845935,9.510181,CH,Switzerland,Chur,,2,50.0
46.829675,9.285759,CH,Switzerland,Films,,3,22.0
46.520809,8.63517,CH,Switzerland,Airolo,,4,150.0
46.177739,8.876958,CH,Switzerland,Gordola,,2,22.0
47.034786,8.242224,CH,Switzerland,Kriens,,4,50.0
47.057572,8.285189,CH,Switzerland,Luzern,,2,50.0
46.971141,8.459202,CH,Switzerland,Beckenried,,3,22.0
47.034173,8.581828,CH,Switzerland,Lauerz,,3,50.0
47.425672,9.608193,CH,Switzerland,Berneck,,3,50.0
47.039238,9.436882,CH,Switzerland,Vilters-Wangs,,2,300.0
46.913252,9.781771,CH,Switzerland,Kueblis,,1,22.0
46.322993,10.05615,CH,Switzerland,Poschiavo,,1,0.0
46.966677,9.555682,CH,Switzerland,Landquart,,1,22.0
46.558751,6.612279,CH,Switzerland,Romanel-sur-Lausanne,,2,22.0
46.684527,7.846877,CH,Switzerland,Unterseen,,5,22.2
46.725161,8.190908,CH,Switzerland,Meiringen,,5,22.2
47.550573,7.58758,CH,Switzerland,Basel,,1,11.0
47.5395,7.617867,CH,Switzerland,Münchenstein,,1,11.0
46.818188,8.227512,CH,Switzerland,Bursins,,1,43.0
47.539417,7.576353,CH,Switzerland,Binningen,,2,7.4
46.178478,8.818653,CH,Switzerland,Minusio,,3,50.0
46.728665,9.557472,CH,Switzerland,Lenzerheide,,1,11.0
47.390239,9.388857,CH,Switzerland,Teufen (AR),,3,22.0
47.44777,9.41022,CH,Switzerland,St. Gallen,,2,11.0
47.436708,8.561476,CH,Switzerland,Opfikon,,1,11.0
47.35465,8.72363,CH,Switzerland,Uster,,1,11.0
47.25706,8.68334,CH,Switzerland,Männedorf,,1,11.0
46.56029,6.56101,CH,Switzerland,Crissier,,2,50.0
46.55117,6.63419,CH,Switzerland,Le Mont-sur-Lausanne,,1,5.0
46.54546,6.6262,CH,Switzerland,Le Mont-sur-Lausanne,,1,5.0
47.580549,7.595598,CH,Switzerland,Basel,,1,22.0
47.135625,7.250026,CH,Switzerland,Biel,,1,11.0
46.854315,9.531257,CH,Switzerland,Chur,,1,22.0
47.384367,8.088592,CH,Switzerland,Buchs,,1,22.0
46.930487,7.428414,CH,Switzerland,Koeniz,,1,2.0
47.38619,8.09146,CH,Switzerland,Buchs,,2,11.0
46.98069,8.61901,CH,Switzerland,Morschach,,2,11.0
46.53509,6.55758,CH,Switzerland,Ecublens,,4,11.0
47.562605,7.581595,CH,Switzerland,Basel,,3,22.0
47.203784,8.790734,CH,Switzerland,Pfäffikon,,1,22.0
47.505977,7.720947,CH,Switzerland,Frenkendorf,,1,35.0
46.039585,8.930603,CH,Switzerland,Lamone,,2,50.0
47.556667,7.567974,CH,Switzerland,Basel,,3,11.0
47.544664,7.594219,CH,Switzerland,Basel,,2,22.0
47.48991,8.245659,CH,Switzerland,Gebenstorf,,2,50.0
47.4454,9.154143,CH,Switzerland,Oberbüren,,2,50.0
47.407784,8.408643,CH,Switzerland,Bezirk Dietikon,,1,50.0
46.755314,7.585985,CH,Switzerland,Thierachern,,2,50.0
46.685431,7.866554,CH,Switzerland,Interlaken,,2,11.0
46.169635,8.911297,CH,Switzerland,Cugnasco,,2,22.0
47.37522,8.53717,CH,Switzerland,Zürich,,1,11.0
47.13325,9.09242,CH,Switzerland,Weesen ,,2,22.0
47.133301,9.092549,CH,Switzerland,Weesen ,,2,22.0
47.32963,8.029937,CH,Switzerland,Kölliken,,2,22.0
47.11062,8.23388,CH,Switzerland,Neuenkirch,,2,11.0
46.229774,9.066389,CH,Switzerland,Lunino,,2,22.0
46.017135,8.961716,CH,Switzerland,Lugano,,3,50.0
47.0035,9.526275,CH,Switzerland,Maienfeld,,4,22.0
46.85117,9.504885,CH,Switzerland,Chur,,3,50.0
45.874456,8.978178,CH,Switzerland,Mendrisio,,1,22.0
45.979471,8.928758,CH,Switzerland,Noranco,,2,22.0
46.464187,9.191684,CH,Switzerland,San Bernardino ,,1,11.0
47.584149,7.65116,CH,Switzerland,Riehen,,2,11.0
47.583559,7.595618,CH,Switzerland,Basel,,2,11.0
47.54659,7.583844,CH,Switzerland,Basel,,1,11.0
47.545359,7.590772,CH,Switzerland,Basel,,2,11.0
47.513564,7.616168,CH,Switzerland,Münchenstein,,2,11.0
47.47061,8.999801,CH,Switzerland,Sirnach,,2,11.0
47.45218,8.289906,CH,Switzerland,Baden,,1,11.0
47.42097,8.556319,CH,Switzerland,Opfikon,,1,11.0
47.39083,8.51227,CH,Switzerland,Zürich,,1,11.0
47.31254,8.396209,CH,Switzerland,Oberlunkhofen,,1,11.0
47.24485,8.186252,CH,Switzerland,Menziken,,1,11.0
47.1931,7.5872,CH,Switzerland,Derendingen,,1,11.0
47.1929,7.401891,CH,Switzerland,Grenchen,,1,11.0
47.13978,7.37024,CH,Switzerland,Büren an der Aare,,2,11.0
47.12568,7.251022,CH,Switzerland,Nidau,,1,11.0
47.09367,7.15552,CH,Switzerland,Twann-Tüscherz,,9,11.0
47.07692,7.30549,CH,Switzerland,Lyss,,2,11.0
47.07133,8.32374,CH,Switzerland,Ebikon,,1,11.0
47.043897,3.896755,CH,Switzerland,Saint-Léger-de-Fougeret,,1,11.0
47.042222,9.070707,CH,Switzerland,Glarus,,2,11.0
47.03932,7.022915,CH,Switzerland,Cornaux,,2,11.0
47.02999,9.44776,CH,Switzerland,Vilters-Wangs,,1,22.0
46.84701,6.85113,CH,Switzerland,Estavayer-le-Lac,,2,11.0
46.844028,6.91525,CH,Switzerland,Rueyres-les-Prés,,2,11.0
46.74998,8.100006,CH,Switzerland,Brienzwiler,,1,11.0
46.704183,6.932829,CH,Switzerland,Romont (FR),,1,11.0
46.8508,10.336075,CH,Switzerland,Sent,,3,22.0
47.423351,7.480078,CH,Switzerland,Röschenz,,2,22.0
47.279484,7.71892,CH,Switzerland,Oensingen,,1,22.0
47.256382,8.851544,CH,Switzerland,Rüti,,3,22.0
47.326524,7.804809,CH,Switzerland,Egerkingen ,,1,120.0
46.971159,8.45899,CH,Switzerland,Beckenried,,1,120.0
47.27139,8.439031,CH,Switzerland,Affoltern am Albis,,3,0.0
47.502276,8.763414,CH,Switzerland,Winterthur,,3,50.0
47.690742,8.501314,CH,Switzerland,Neunkirch,,1,11.0
47.590737,8.241944,CH,Switzerland,Klingnau,,1,11.0
47.54433,9.27397,CH,Switzerland,Amriswil,,1,11.0
47.519174,9.424532,CH,Switzerland,Arbon,,2,11.0
47.512503,9.030842,CH,Switzerland,Tobel,,1,11.0
47.512172,9.432028,CH,Switzerland,Arbon,,2,11.0
47.510933,8.760419,CH,Switzerland,Winterthur,,1,11.0
47.504664,9.429471,CH,Switzerland,Arbon,,2,11.0
47.479375,8.309312,CH,Switzerland,Baden,,1,11.0
47.464961,9.030746,CH,Switzerland,Wil (SG),,1,11.0
47.443594,9.069807,CH,Switzerland,Jonschwil,,2,11.0
47.440879,8.471945,CH,Switzerland,Regensdorf,,1,11.0
47.414625,9.351787,CH,Switzerland,St. Gallen,,1,11.0
47.40548,9.60198,CH,Switzerland,Balgach,,1,11.0
47.404551,8.091376,CH,Switzerland,Aarau,,1,11.0
47.38927,9.288985,CH,Switzerland,Herisau,,1,11.0
47.385379,8.531056,CH,Switzerland,Zürich,,3,11.0
47.36989,8.42353,CH,Switzerland,Urdorf,,8,11.0
47.338197,8.620384,CH,Switzerland,Zumikon,,2,11.0
47.29651,8.2265,CH,Switzerland,Meisterschwanden,,2,11.0
47.290612,7.727895,CH,Switzerland,Oensingen,,2,11.0
47.257162,9.497137,CH,Switzerland,Sennwald,,1,22.0
47.1926,8.47493,CH,Switzerland,Steinhausen,,4,11.0
47.177573,8.123571,CH,Switzerland,Schenkon,,2,11.0
47.1413,8.129473,CH,Switzerland,Nottwil,,2,11.0
47.136053,7.062922,CH,Switzerland,Nods,,2,11.0
47.108261,9.065212,CH,Switzerland,Glarus Nord,,2,11.0
47.10421,8.374174,CH,Switzerland,Root,,2,11.0
47.097887,9.060574,CH,Switzerland,Glarus Nord,,1,11.0
47.08173,8.31386,CH,Switzerland,Ebikon,,2,11.0
47.081452,8.439153,CH,Switzerland,Küssnacht (SZ),,2,11.0
47.072943,8.286537,CH,Switzerland,Emmen,,2,11.0
47.065553,8.280226,CH,Switzerland,Luzern,,2,11.0
47.059561,6.902451,CH,Switzerland,Cernier,,2,11.0
47.036941,9.433914,CH,Switzerland,Vilters-Wangs,,2,11.0
47.03393,8.30355,CH,Switzerland,Luzern,,2,11.0
47.025363,7.741016,CH,Switzerland,Sumiswald,,1,11.0
47.018097,8.298454,CH,Switzerland,Kriens,,2,11.0
47.01684,7.4925,CH,Switzerland,Urtenen-Schönbühl,,1,11.0
46.99572,8.606,CH,Switzerland,Ingenbohl,,2,11.0
46.993412,6.927765,CH,Switzerland,Neuchâtel,,1,11.0
46.993342,9.0729,CH,Switzerland,Glarus Süd,,2,11.0
46.991823,6.934156,CH,Switzerland,Neuchâtel,,2,11.0
46.9893,6.9285,CH,Switzerland,Neuchâtel,,2,11.0
46.95553,7.451373,CH,Switzerland,Bern,,2,11.0
46.947922,7.444609,CH,Switzerland,Bern,,2,11.0
46.944739,6.843428,CH,Switzerland,Cortaillod,,2,11.0
46.929343,7.119326,CH,Switzerland,Murten,,2,11.0
46.927819,7.446709,CH,Switzerland,Köniz,,2,11.0
46.90372,6.576673,CH,Switzerland,Val-de-Travers,,2,11.0
46.893546,7.04722,CH,Switzerland,Avenches,,1,11.0
46.850945,7.190549,CH,Switzerland,Düdingen,,2,11.0
46.845881,9.506392,CH,Switzerland,Chur,,1,22.0
46.82311,7.14951,CH,Switzerland,Granges-Paccot,,5,50.0
46.81931,6.93896,CH,Switzerland,Payerne,,2,11.0
46.810436,7.173066,CH,Switzerland,Fribourg - Freiburg,,1,11.0
46.805664,7.153528,CH,Switzerland,Fribourg - Freiburg,,2,11.0
46.802222,7.153333,CH,Switzerland,Fribourg - Freiburg,,2,11.0
46.79921,7.152588,CH,Switzerland,Fribourg - Freiburg,,2,11.0
46.782573,7.088735,CH,Switzerland,Matran,,2,11.0
46.779963,7.151606,CH,Switzerland,Marly,,2,11.0
46.745858,8.090559,CH,Switzerland,Brienzwiler,,2,11.0
46.74445,7.61389,CH,Switzerland,Thun,,4,11.0
46.717377,6.963889,CH,Switzerland,Villaz-Saint-Pierre,,2,11.0
46.712386,9.452802,CH,Switzerland,Fürstenau,,1,11.0
46.683012,7.087818,CH,Switzerland,Pont-en-Ogoz,,2,11.0
46.621925,6.961746,CH,Switzerland,Sâles,,2,11.0
46.394478,6.236326,CH,Switzerland,Nyon,,1,11.0
46.289949,7.524664,CH,Switzerland,Sierre,,1,11.0
46.21463,7.29284,CH,Switzerland,Vétroz,,1,11.0
46.195451,6.141986,CH,Switzerland,Genève,,1,11.0
46.087036,7.054477,CH,Switzerland,Martigny-Combe,,1,11.0
46.017929,8.918337,CH,Switzerland,Bioggio,,2,11.0
46.464185,9.191861,CH,Switzerland,San Bernardino,,1,11.0
46.530678,6.601238,CH,Switzerland,Prilly,,3,22.0
46.522189,6.613693,CH,Switzerland,Lausanne,,3,22.0
46.154541,8.961835,CH,Switzerland,Sant'Antonino,,1,22.2
46.847728,8.632173,CH,Switzerland,Erstfeld,,1,0.0
47.372935,8.573792,CH,Switzerland,Zurich,,2,14.5
47.508461,8.098651,CH,Switzerland,Elfingen,,4,22.0
47.56935,8.4799,CH,Switzerland,Zweidlen,,3,9.0
47.116216,7.86769,CH,Switzerland,Huttwil,,1,16.8
46.492125,9.90352,CH,Switzerland, Pontresina,,1,16.8
46.249769,6.149495,CH,Switzerland,Bellevue,,1,16.8
46.22571,6.086776,CH,Switzerland,Meyrin,,2,50.0
47.097647,8.269599,CH,Switzerland,Rothenburg,,1,28.0
47.050608,8.311183,CH,Switzerland,Luzern,,4,22.0
46.94968,7.438317,CH,Switzerland,Bern,,2,11.0
46.521971,6.626734,CH,Switzerland,Lausanne,,0,0.0
